id,source,platform,date,rating,text,url
play_myntra_d8db6f75-15c6-4796-88b0-2fa13e73f36d,play_store,myntra,2026-09-02 14:53:36,3,overall ratings is according to their fast delivery service,
play_myntra_24313da0-6861-4c59-adc1-1fc65e0299ae,play_store,myntra,2026-09-02 14:50:28,5,great app and all good product are served... mintra is the best online shopping app.🥰,
play_myntra_ce6dd3cf-a251-4e0e-a273-3778634b9641,play_store,myntra,2026-09-02 14:46:45,5,all myntra products is good 😊,
play_myntra_a12b848f-5581-4c4b-88b2-47b752315a96,play_store,myntra,2026-09-02 14:33:59,1,worst customer care support service,
play_myntra_cd973526-561f-4053-90b5-47d49ade94f9,play_store,myntra,2026-09-02 14:26:55,5,this app is osm the quality of products in this app is excellent,
play_myntra_af54bb06-9b87-4326-b5b5-cbcf12172df0,play_store,myntra,2026-09-02 14:25:34,5,ganuine product huge discount,
play_myntra_6e745954-223f-495c-b695-258182da0549,play_store,myntra,2026-09-02 14:08:56,1,My experience is worst from myntra there is no refund for now i have ordered by mistake 8 orders there is no refund for that the three orders at cancelation request only,
play_myntra_f2bf6be1-adad-4278-b898-427493bfbbc5,play_store,myntra,2026-09-02 14:01:54,5,Fabric quality is very good,
play_myntra_1db0f305-e87a-4b52-9476-66d22de166f9,play_store,myntra,2026-09-02 13:57:12,5,nicee and very use full aap,
play_myntra_4e4a20c0-057a-4110-b18f-db05b0c8716a,play_store,myntra,2026-09-02 13:54:12,5,myntra k kpde sabse best hote hai,
play_myntra_17b7e971-73b1-4bc9-af89-3ea0009f89c3,play_store,myntra,2026-09-02 13:47:17,1,i have ordered a sunscreen on 15th August now its sep 2nd . There is no information about my order.. customer care told it will arrive on 1st sep...but no response where is my order...worst app ever usedd,
play_myntra_df8fad53-f1dc-46b1-bf95-d531cf33f9cc,play_store,myntra,2026-09-02 13:47:10,5,easy o use and get connected,
play_myntra_2f58efbe-f083-4b17-adbb-3dd203a2ab1c,play_store,myntra,2026-09-02 13:42:48,1,"they are thieves, The delivery partner takes the product while returning and then puts the status that delivery failure. Myntra supports this and tells the customer delivery failure so no refund. They mention that they have investigated but they do not have any policies to track the delivery partner. if the delivery partner is receiving the product and not returning. your order is picked up comes only when delivery partner makes that from his system. so if he don't there is nothing you can do.",
play_myntra_a6d03b58-fa8f-40ba-949c-767556256c51,play_store,myntra,2026-09-02 13:38:51,1,bahut jyada let delivery Maine 26 ko order kiya tha or app ma 2 date ko delivery dikha raha tha per maine 2 tarikh ko check kiya out of delivery nahin hua tha 2 date ko Koi mat shopping karo bahut let delivery deta Hai Myntra Maine Amazon se mangaya tha Mera 4 din parcel a gaya tha,
play_myntra_dbc744ea-b56e-4032-a7ec-2bdf6ebacf9e,play_store,myntra,2026-09-02 13:28:30,3,sometimes disappointed but all over good,
play_myntra_73ddbf91-bbe6-4d54-bb0a-83a07a956ecd,play_store,myntra,2026-09-02 13:24:15,5,this app is very good... here all type of dresses available,
play_myntra_3f88e460-ec28-4b36-b617-5da517a22db5,play_store,myntra,2026-09-02 13:13:18,1,"my order is deleyed 3 days i couldn't able to contact them or ekraft they are saying registred number is wrong nomatter what when i checked for the reason for the deley app saying ""our delivery partner try to reach you 1:30am"" at midnight, are you kidding me? and i didn't saw any message or missed calls, they are just saying a lie",
play_myntra_9a9d62cc-0dff-4428-89c0-136e0574739d,play_store,myntra,2026-09-02 13:08:39,4,nice shopping app gives good offers,
play_myntra_d2e9de01-5347-4bb4-9adb-8291b9e4e900,play_store,myntra,2026-09-02 13:04:55,4,I think it is the best shopping app,
play_myntra_ecf5e90a-7e90-4346-a529-96b1ec694058,play_store,myntra,2026-09-02 13:02:14,5,fabulous mind-blowing platform,
play_myntra_6565287c-ffa8-4f12-963f-142e05df2252,play_store,myntra,2026-09-02 13:00:23,5,what s shopping aap very good product,
play_myntra_51042b97-4002-4e2c-b277-9395e049cc42,play_store,myntra,2026-09-02 12:59:39,5,best app ..the quality of clothes is very nice,
play_myntra_1f5b8ad7-cac5-4913-8b09-86ec5bee9750,play_store,myntra,2026-09-02 12:37:34,5,"Compared to other shopping apps, I would definitely recommend Myntra to my family, especially for shopping for dresses. Everything is good here—from the variety and quality of products to delivery, packaging, and customer support. Overall, I’ve had a really good experience with Myntra.",
play_myntra_4a126548-332e-4bb8-a49a-0a4e7915bc5b,play_store,myntra,2026-09-02 12:36:59,1,"myntra is a thief. my sister bought a suit worth 2k. and returned it because it was small in size, it was picked up, but the site refused to returned the money citing it was never picked up. i am never buying from this site again.",
play_myntra_865dbae0-0b93-4b37-876b-4fa6b612ceff,play_store,myntra,2026-09-02 12:34:15,5,"I have had a wonderful experience using the Myntra app. The products I ordered have been of good quality and were delivered within the assured delivery time. The overall shopping experience has been smooth, convenient, and reliable. I am very happy with Myntra and look forward to shopping again.",
play_myntra_e6f5789f-2776-45d4-91c7-6c6eeebb7769,play_store,myntra,2026-09-02 12:33:40,5,good product.well fit and price is offdeble.,
play_myntra_2db7c8da-d718-46b4-b6e9-511faf99d8f3,play_store,myntra,2026-09-02 12:32:32,5,very good quality product and also affordable,
play_myntra_ab9d3479-2138-4b03-bc7b-be3dfba8fb37,play_store,myntra,2026-09-02 12:32:23,1,this app not be downloaded,
play_myntra_d5b48fd8-0bcf-4429-b51f-b46d7bd3d7c9,play_store,myntra,2026-09-02 12:32:04,1,"Product Picked Up, But Status Not Updated and Refund Pending Very disappointing experience with Myntra’s return process. My product has already been picked up by the delivery agent, but the status on the app was never updated. Instead, it still shows that the delivery will be reattempted. I contacted customer support, and they informed me that the issue would be resolved by 4th September. I understand that the date has not passed yet, but it is still frustrating to have neither the",
play_myntra_5a6ef218-a8bf-414b-ac4a-007c2e01e574,play_store,myntra,2026-09-02 12:31:54,5,clothes are not much quality which i have ordered but return response is much very good,
play_myntra_9928f78d-3e0f-4761-856e-0fcf404fed21,play_store,myntra,2026-09-02 12:31:29,5,which is best app for clothes,
play_myntra_62c970a6-0729-4b04-baee-9eea43ae52b5,play_store,myntra,2026-09-02 12:27:27,4,product quality is good. but as mentioned in the description there is a number lock. but actually it was not provided. I am unsatisfied,
play_myntra_581f587d-de65-4a7a-a8ca-cc7d161b5cdd,play_store,myntra,2026-09-02 12:25:31,5,wonderful app for shopping,
play_myntra_86bc60a5-8009-4ae4-9c55-989aef760a98,play_store,myntra,2026-09-02 12:22:10,5,it's really useful and good to use,
play_myntra_033792e7-b99a-4aa1-9cf5-551fdb463fc2,play_store,myntra,2026-09-02 12:21:13,4,"Amazing variety, filtering, and products. Would be better if there was an option for a custom delivery date change instead of a fixed day delivery.",
play_myntra_1a589b9d-78c8-4ffe-ad13-0cf22fcbc9e2,play_store,myntra,2026-09-02 12:13:51,5,smooth and simple experience,
play_myntra_01783340-7b71-481c-840c-8d1aafadcc58,play_store,myntra,2026-09-02 12:13:20,5,quality is tooo good of myntra products,
play_myntra_ffce27a5-4dcb-446a-a95d-4f798ef6875d,play_store,myntra,2026-09-02 12:03:30,5,Myntra has authentic products and I like buying things from it. Their MNOW facility is awesome the display product gets in 30-40 min. I'm having good experience with the products and app.,
play_myntra_529b929f-0485-466b-bd73-13da4e0bdcc4,play_store,myntra,2026-09-02 11:56:25,1,"Annoying notifications and very disappointing rewards system given upon reviewing items, got nothing after 4 days of waiting although it is written winter Upto 5000 but gives 0",
play_myntra_f07beca2-7f6d-47f1-b412-3aaf489b5755,play_store,myntra,2026-09-02 11:56:21,1,"Everytime when I go for login app shows ""Too Many Attempts""",
play_myntra_62e07b9e-724e-4596-8341-01bb8591def2,play_store,myntra,2026-09-02 11:55:58,5,One of the best e shopping app. Easy to use and mostly get all the products when needed with deals.,
play_myntra_8a86d9c6-3598-4603-9a8e-8f294f26871f,play_store,myntra,2026-09-02 11:54:29,5,Myntra se shopping karna mujhe achcha lagta hai yah bahut hi achcha app Hai shopping karne ke liye,
play_myntra_8daf15d9-5bf6-4dad-9bf1-00e1329d9279,play_store,myntra,2026-09-02 11:39:44,1,worst experience ever why is it all AI generated texts I have a geniune concern but neither the help center is non AI nor did the chat is its all generated I am not able to get my delivery out,
play_myntra_f686e042-d323-472b-9640-62f04a931a32,play_store,myntra,2026-09-02 11:36:25,5,superb app in this daily spin feature is great and make me feel shop more 😜,
play_myntra_be35601f-14f0-4cf7-b530-2119e7838401,play_store,myntra,2026-09-02 11:22:44,1,duplicate item sell myntra,
play_myntra_d837cfc6-a523-45ef-9a9d-2405ce44d51c,play_store,myntra,2026-09-02 11:22:15,5,myntra is so good quality,
play_myntra_67a46fc1-34d4-416c-8fb3-ad2196edac1b,play_store,myntra,2026-09-02 11:21:17,5,"⭐⭐⭐⭐⭐ Myntra par mera first order aur experience ekdum amazing raha! ❤️ ₹300 ki shopping par ₹150 ka discount mila, delivery charges bhi nahi lage aur ₹20 cashback bhi mila. Matlab sirf ₹130 mein ₹300 ki shopping — kya deal hai! 😍🔥 Product bhi achha mila aur poora experience smooth raha. First order mein hi itni saving dekhkar kaafi impressed hoon. Definitely Myntra se shopping karna worth it hai. 🛍️✨ Thank you Myntra! ❤️",
play_myntra_28fe22a7-a424-474f-8576-5c70029157c2,play_store,myntra,2026-09-02 11:18:33,1,"very bad aDo not make any purchases from this app; the product quality is very low, and delivery takes a long time.",
play_myntra_f96c04d4-09ea-49b8-b662-d0e2f61587a0,play_store,myntra,2026-09-02 11:17:42,5,It's a amazing app for online shopping 😍🥰,
play_myntra_75287c8f-7830-450f-a423-ccffa3db999f,play_store,myntra,2026-09-02 11:17:31,5,Keep sending the wrong size for exchange,
play_myntra_c2af254f-125d-4cf6-8e53-d72608fcc0cc,play_store,myntra,2026-09-02 11:15:48,5,"one of the best online shopping apps! The app is fast, easy to use, and offers a huge collection of fashion, footwear, beauty, and lifestyle products from top brands. The quality of products is excellent, delivery is usually quick, and returns/exchanges are smooth and hassle-free. I also love the regular discounts, coupons, and sales that help save money. Overall, a reliable shopping app with a great user.... tnx lot ❤️",
play_myntra_e0821d0c-bf6b-4ec2-b3c8-098b853d8975,play_store,myntra,2026-09-02 11:14:45,5,myntra provides original branded products,
play_myntra_28c41992-7628-4644-a4e0-f6a77d0282ac,play_store,myntra,2026-09-02 11:14:34,5,wao but delivery was late every time,
play_myntra_0c6cea73-5cf6-4014-b7fd-1f31663abe37,play_store,myntra,2026-09-02 11:06:48,5,quality is very good but packing iis not good मेरे पास एकदम अस्त व्यस्त हालत में मिला,
play_myntra_52612d4c-3039-4b54-8de0-78ccc4b3af4d,play_store,myntra,2026-09-02 10:57:04,5,usefully product are here,
play_myntra_597ad4ea-0e8b-49fc-81a9-77fd0368afe3,play_store,myntra,2026-09-02 10:56:37,5,"myntra is such a easy to use shopping app, through which you can get many offers by coupons and discounts etc.",
play_myntra_286ff563-db2e-4441-97aa-9a21b79dd275,play_store,myntra,2026-09-02 10:55:26,5,amazing experience and quality of products is amazing 🤩,
play_myntra_ea8a2917-414b-4c5b-9e6a-b902915e85f5,play_store,myntra,2026-09-02 10:54:48,1,"one of the worst apps .it delays it's delivery ,delivers the wrong,cheap order and then does not pick up when the return is requested,keeps delaying the pick up date and the money gets struck in the app itself",
play_myntra_f3ef7641-dbd8-4bd6-9e0f-3e6b8abcf2c9,play_store,myntra,2026-09-02 10:47:52,5,Excellent 👌🏻 💯 💯 👌🏻 Lovely 😍😍,
play_myntra_97d84974-d5c6-4ab0-b2df-66be435f3979,play_store,myntra,2026-09-02 10:45:29,1,"images are late showing, fix this",
play_myntra_13e18413-fc24-4a3e-a3a9-f9065bc51b10,play_store,myntra,2026-09-02 10:42:35,5,very smooth and exellent servvice,
play_myntra_d5ef4420-e617-4bcc-84d8-474b3432e58d,play_store,myntra,2026-09-02 10:35:51,5,please don't charge the convenience fee for atleast ur regular buyers...Rest all good 👍,
play_myntra_5d93fcca-277c-4148-9d84-abbf9519f4d9,play_store,myntra,2026-09-02 10:34:37,5,best app for shopping quality products are available,
play_myntra_bd08c740-707a-45aa-906e-614b51c01059,play_store,myntra,2026-09-02 10:24:47,1,"Extremely disappointing and frustrating experience with Myntra. What is the point of showing a promised delivery date when you cannot deliver the product on time? Customers plan their purchases according to the delivery timeline, but Myntra’s repeated delays show a complete lack of responsibility. Pathetic delivery service, poor accountability, and an extremely disappointing customer experience. Myntra seriously needs to improve its logistics and respect the time & trust of its customers.",
play_myntra_b94c2345-b463-495b-b04a-d389c4ad8e62,play_store,myntra,2026-09-02 10:23:23,4,best quality and best price high quality products in all variety available option Jay shree Jagannath ⭕ ‼️⭕💯👍💯,
play_myntra_974afb27-f481-47b6-ad11-78eb064bef9d,play_store,myntra,2026-09-02 10:15:31,1,Worst online shopping app I ever used. product status shows as packed only and does not get deliver .Does not provide costumer support.,
play_myntra_5b4101c3-01f8-48d5-aa23-78b92cff7aed,play_store,myntra,2026-09-02 10:06:42,1,A new way to scam customers. when you buy a product from Myntra will send you cheap and different products and when you return that product they do not refund the entire amount they will deduct platform charges. This is how these cons are raising funds. Also here they will ask you to email for direct conversation and they never reply on that email. They need to be reported.,
play_myntra_0dd994a3-5f1e-458c-a689-fd8e59152734,play_store,myntra,2026-09-02 09:59:09,4,"fast delivery, good product. less price..",
play_myntra_079ecf94-549f-431e-83bb-c08032f60733,play_store,myntra,2026-09-02 09:56:13,5,"⭐⭐⭐⭐⭐ Myntra is one of my favourite shopping apps. The app is easy to use, has a great variety of products and brands, and the filters make it easy to find exactly what I’m looking for. Product descriptions and reviews are helpful, and the delivery is usually quick. I also really like the return and exchange process—it’s convenient and hassle-free. Overall, a great app for online fashion shopping! 😊",
play_myntra_30b68ce1-4785-4d32-a1e7-e880ccbd16a8,play_store,myntra,2026-09-02 09:54:30,5,vary nice product and 💯 brand,
play_myntra_e18a32ac-5b7f-41f0-b79b-f96d8abc54f9,play_store,myntra,2026-09-02 09:47:28,1,"worst app experience ever. I was a first time user of this app, but regretted later. I won't order anything from here. Advise- Don't try this. Go for other options which are much better than this.",
play_myntra_c4f80aae-5a92-4455-9ab9-409e4dadd89b,play_store,myntra,2026-09-02 09:34:46,5,very good product worth for money,
play_myntra_45960d87-97dd-4eab-8a97-f58dffb6b279,play_store,myntra,2026-09-02 09:30:10,5,best experience and fast delivery continue the same process,
play_myntra_54331462-2646-4641-b06f-0bc35cb04789,play_store,myntra,2026-09-02 09:24:50,5,it's a very awesome experience,
play_myntra_e8c15830-51f7-41e4-b765-1c30cebc4054,play_store,myntra,2026-09-02 09:18:25,1,myntra300 coupon is a fake. doesn't work,
play_myntra_9b1aba07-935d-403b-8e9a-a61ad82dd950,play_store,myntra,2026-09-02 09:08:37,5,So far this app has been my ready to go online shop for genuine products.The interface of this app makes shopping and decision making easy.,
play_myntra_1d88164d-6039-4d7f-89eb-6e7ae85b689e,play_store,myntra,2026-09-02 09:03:59,5,best app for shopping.. loving it,
play_myntra_bada437e-5d2f-49c4-a2d4-edfb1ab4ff4c,play_store,myntra,2026-09-02 08:58:51,5,Good Product and Service.,
play_myntra_ef96a06d-14ad-4fae-bf64-962c6a6e9c18,play_store,myntra,2026-09-02 08:56:41,5,real i am happy to Shop here. whatever i need I use to Shop in this platform only. i Just love it,
play_myntra_a4edb328-cbdb-4c3c-a69e-cda79b839e03,play_store,myntra,2026-09-02 08:44:32,5,I am happy with this online shopping aap 🫶,
play_myntra_f2873beb-0a1a-4033-8142-a0a1a39b0c25,play_store,myntra,2026-09-02 08:41:21,5,amazing products on this app,
play_myntra_31f11806-1af1-4e82-a38f-60109e2db304,play_store,myntra,2026-09-02 08:40:33,5,this is a great shoping site,
play_myntra_c7c2664c-9958-450d-a191-8add683b4ac6,play_store,myntra,2026-09-02 08:37:52,5,good service good management,
play_myntra_983bb4c0-cbdc-431d-820b-416d3fbd52ee,play_store,myntra,2026-09-02 08:36:47,1,"The order deliberately gets cancelled on it's own and when we try to order again , all the available offers cannot be used leading to price hike , I had trusted myntra since a year and now it's doom. why the hell does order gets cancelled and it gets delivered from other accounts.",
play_myntra_9afaaca8-91ea-4da5-8302-6cd4b5070bfc,play_store,myntra,2026-09-02 08:18:47,1,I did not get refund they seing u will get but u to not refund did not resive,
play_myntra_99ddf036-8f1f-4e23-9f12-7a1c3a2a2235,play_store,myntra,2026-09-02 08:12:37,5,nice collection @ attractive prices - Myn now is super convenient,
play_myntra_f7fffc18-9660-4208-a435-9b894d213bf0,play_store,myntra,2026-09-02 08:12:14,5,Good offers at great prices.,
play_myntra_c3b3b3cf-65f3-4c7a-ae82-8487a3dff9a2,play_store,myntra,2026-09-02 08:09:43,5,"Really happy with my Myntra experience. The app is easy to use, there are lots of products and brands to choose from, and the prices and offers are pretty good. The return and exchange options are also useful. If the size does not fit or the product is not as expected, the return or exchange process is usually quite straightforward. My order was delivered on time and the product was packed properly. Overall, a smooth and convenient shopping experience. Will definitely shop from Myntra again!",
play_myntra_09c07d03-9b4f-4e19-b39e-9c5a406274cd,play_store,myntra,2026-09-02 08:03:36,5,"very breathable fabric and comfortable,",
play_myntra_cab8f0c7-6101-4d43-a5d7-e83b5c4b845c,play_store,myntra,2026-09-02 07:57:18,5,Return Or Exchange Policy Pls Apply On Every Product,
play_myntra_96a02d27-65ce-4fb1-a3da-62570396a132,play_store,myntra,2026-09-02 07:40:27,1,Worst customer service ever! It's been weeks and I still haven't received my order. They keep delaying it and don't even bother to respond when I call and ask about it. Totally irresponsible!,
play_myntra_eb64cc2d-961f-494b-afb6-203af4bb1b5b,play_store,myntra,2026-09-02 07:29:49,5,Good product and good service,
play_myntra_ee344802-0429-4500-81b1-b11cc8b8f05d,play_store,myntra,2026-09-02 07:15:53,1,third class product and app,
play_myntra_134a0b36-c119-45dd-b60a-a510aeea5536,play_store,myntra,2026-09-02 07:05:23,5,My favourite app for shopping,
play_myntra_3ac8166e-5434-475d-860b-4610fe82cf09,play_store,myntra,2026-09-02 06:35:24,1,this app is deactivate my ib,
play_myntra_f28c2b3f-52c1-49d8-a6aa-e2ee8db47611,play_store,myntra,2026-09-02 06:27:25,1,dont download meesho app because they are fraud and making you fool by giving you defective item and dont take it back,
play_myntra_7ecaa097-d012-426e-8316-278e5ecf9b1c,play_store,myntra,2026-09-02 06:15:29,5,very good for purchasing any thing ☺️,
play_myntra_0104cefe-35f6-49c7-936b-8bc6538c229d,play_store,myntra,2026-09-02 05:20:04,5,"Myntra has been my go-to place for online fashion for years now. The app experience is super smooth, brand options are endless, and delivery is consistently fast.",
play_myntra_ad1ba21e-4dce-4cbf-8f8e-2176004fcd78,play_store,myntra,2026-09-02 05:19:56,5,Seriously heavy discounts and best product thanks 🙏 Myntra 💓💓,
play_myntra_9389e0ce-3325-4587-9fda-0a61db2eaa23,play_store,myntra,2026-09-02 03:51:33,1,"Myntra is nothing but a scam! I paid ₹1,000 extra for this product, and now you’ve put it on discount for ₹1,000 less. This is absolutely ridiculous. Customers are being made to pay inflated prices only to see the same product heavily discounted shortly after. What a pathetic way to treat your customers!",
play_myntra_30ec5cfe-255a-4836-8fbf-065974a5d478,play_store,myntra,2026-09-02 03:45:36,5,"my experience with myntra was soo good shipping time, or products are too good , and giving discount on products, providing products in affordable price . thank you myntra",
play_myntra_c4652d27-2d1f-4e16-bc0c-fecd5aa95c18,play_store,myntra,2026-09-02 03:44:47,5,good aacha hai mujhse hai,
play_myntra_b47a1a8f-79dd-45fd-9831-9c6ed200e476,play_store,myntra,2026-09-02 02:25:02,1,more surch price high and 300 fist coopan not applicable mantra 500coopan not applicable very bad advertising,
play_myntra_b8519f67-2647-44ea-a60b-941d57a636d9,play_store,myntra,2026-09-02 02:14:06,1,"The last few updates are really bad with respect to the browsing experience. Earlier whether or not you apply filters, the ""number"" of items for any given product used to be displayed on the app. Now there's nothing. Showing the number was a great thing. Now the app seems useless. One cannot go on browsing without knowing where the end is. Still no improvement made in this regard. Very disappointing.",
play_myntra_59eeaa48-9dd3-498a-a6d9-8fda34d6542c,play_store,myntra,2026-09-02 01:39:58,5,"i love this app for normal clothes in High quality material and cheapest price ,or available for Cash on delivery thanks you myntra for this",
play_myntra_ca797846-756d-4f49-81e3-d315e812f3e1,play_store,myntra,2026-09-02 01:02:28,5,very good items on myntra.,
play_myntra_64939997-bb72-4e82-92f9-459bd588997e,play_store,myntra,2026-09-02 01:00:54,5,very good platform for purchasing online.,
play_myntra_657b9148-1cfc-46a6-ad77-e2fc09e0e188,play_store,myntra,2026-09-02 00:48:58,5,it's a good app I loved it,
play_myntra_ecef323f-2928-4cdf-a941-a8c7673d2af9,play_store,myntra,2026-09-02 00:47:04,5,I just love you to use myntra ❤️👍,
play_myntra_2fb6ec4d-b3fa-4eec-b361-3f5ac8b3761d,play_store,myntra,2026-09-02 00:45:14,5,"Really happy with my purchase! The product looks exactly as shown in the pictures and the quality is really good. The fit and finish are impressive, and it feels comfortable to use/wear. The packaging was also neat and delivery was on time. Overall, I’m completely satisfied with the product and would definitely recommend it to others. Great quality at this price!",
play_myntra_ad5364bb-1fb8-4753-8ade-237f7b130759,play_store,myntra,2026-09-02 00:36:44,1,"They cancelled my order without informing me. I tried to contact them several times, but they did not answer my calls.",
play_myntra_2066f07e-cf21-46e2-a8ff-4dc5cb4848e6,play_store,myntra,2026-09-02 00:31:11,5,branded products with low rate,
play_myntra_71a8a4d7-5812-41ae-a857-436be2260f54,play_store,myntra,2026-09-02 00:29:38,5,very beautiful and beautiful,
play_myntra_8a782630-2d81-4b37-98e3-6b7bb942c722,play_store,myntra,2026-09-02 00:26:39,5,product quality is superior than other platform,
play_myntra_a4a5b07d-00aa-4a50-ba47-aafa178a7f56,play_store,myntra,2026-09-02 00:20:37,5,I really like this app daily loyalty program and more things u will really love like quick delivery quick customer support and gives good deals too ❤️,
play_myntra_d5232bb0-bc9f-4c1a-a699-deb1d592966d,play_store,myntra,2026-09-02 00:17:19,5,Fast delivery and exchange order.,
play_myntra_3d6dcfd7-09c9-4c57-8676-cba5f30c2420,play_store,myntra,2026-09-02 00:06:48,5,good aap for shopping orignal brand,
play_myntra_c4c455f0-cea8-4359-a6df-0ca69a8d3bf2,play_store,myntra,2026-09-02 00:05:11,5,myntra is best app for online shopping..you can trust it,
play_myntra_0c2cba19-c810-4deb-8eab-65ce8941d489,play_store,myntra,2026-09-02 00:03:17,4,aap toh accha laga lekin saman lene ke baad hi pata chalega ki acha hai ki nhi 🫤🙄👍🏻,
play_myntra_9eb57132-7ef0-4d61-aba2-616d786e2a52,play_store,myntra,2026-09-01 23:42:10,5,online shopping= Myntra ♥️,
play_myntra_65c2e24e-452c-426c-b756-b7cbc40b1c61,play_store,myntra,2026-09-01 23:41:20,5,Products are very genuine,
play_myntra_6502c3c5-78ca-44bb-a63d-d760f000c218,play_store,myntra,2026-09-01 23:40:30,5,good experience and trust worthy platform to purchase.👍 good quality easy to purchase and return no issues at all.,
play_myntra_dc6c2c4b-b9ff-4667-913b-e0dfdfe60969,play_store,myntra,2026-09-01 23:39:11,5,very good app for those who are seeking for offer for the best quality products highly recommend,
play_myntra_fefbdf07-0851-4dca-8b90-e6039cdcbb19,play_store,myntra,2026-09-01 23:38:58,1,"Pathetic customer service, no replacement even after 15 days of complaint.",
play_myntra_d49daea5-843c-46dd-9248-3f92636cc6c4,play_store,myntra,2026-09-01 23:20:20,5,very nice and good quality products,
play_myntra_9ac321c3-723d-414f-8e00-36f82d35a2cb,play_store,myntra,2026-09-01 23:08:13,1,worst platform to buy anything,
play_myntra_5d7f0be1-0bb9-4524-be93-f11ff9fa8d65,play_store,myntra,2026-09-01 23:06:44,5,"good experience, superb response",
play_myntra_9ba840a6-793f-454c-8ecb-baea60cd2905,play_store,myntra,2026-09-01 23:01:30,1,"as much as this app is great for shopping, their sale notification with timer doesn't go when you clear all notifications. then you have unlock phone and physically swipe it off.",
play_myntra_53fdec1d-ec0f-4443-bc45-2a155894d71a,play_store,myntra,2026-09-01 22:58:59,1,Castomar supports the worst experience.,
play_myntra_e78da855-80a0-4efa-979e-431738df60aa,play_store,myntra,2026-09-01 22:51:03,1,worst service delivery man never came and he canceled my exchange order and not picking up the call.,
play_myntra_d5e8e2f9-966a-44da-9efb-ee5e8ac0e525,play_store,myntra,2026-09-01 22:46:58,5,☺nice shopping experience...,
play_myntra_9377b882-46c7-4b9e-bbc0-9bacfad9bc70,play_store,myntra,2026-09-01 22:46:28,5,overall good experience 👍,
play_myntra_9b8980a4-2c48-47d1-aef6-dd842c3e9d0c,play_store,myntra,2026-09-01 22:38:22,5,world no 1 online platform,
play_myntra_9a25a27d-58d5-40b3-b672-b5556fd493d4,play_store,myntra,2026-09-01 22:31:50,5,nice experience thanks for great offer,
play_myntra_b446f038-f428-4317-b249-d69b8c069ac5,play_store,myntra,2026-09-01 22:28:49,5,It is to place the order and see the size,
play_myntra_d5b389a4-da41-4e01-a9ab-f752d37f2a37,play_store,myntra,2026-09-01 22:20:31,5,really best app for shopping,
play_myntra_fbd52875-3ad1-4392-b796-c500ce57ad58,play_store,myntra,2026-09-01 22:06:06,5,Good product and return and exchange policy is the best,
play_myntra_4fcd353f-8d8c-4bf8-8426-f0d5f4d224b7,play_store,myntra,2026-09-01 22:04:59,5,Really impressive 💯 great value and services.fully satisfied with the product and quick update.awesome .,
play_myntra_87095036-c5a3-4ebb-8394-b6f27b0f560c,play_store,myntra,2026-09-01 22:03:26,5,This app provide all authenthic products with brand value.I am writing this review after using this app for 3 years ..and it never disappointed me with its products..if you are used to of brands then go for it without hesitation.👍,
play_myntra_e5dbea08-30d2-480f-bf72-456692150127,play_store,myntra,2026-09-01 21:59:02,5,this is very Good Derma touch product nice 👍,
play_myntra_7f37dff2-357b-4324-baa8-754f092b8d1e,play_store,myntra,2026-09-01 21:54:01,1,"not receiving any of the orders, every orders getting cancelled. Need to improve accountability",
play_myntra_f4c2a7b0-cfeb-4cab-811d-1b7c49b27bb8,play_store,myntra,2026-09-01 21:37:42,4,some products are not as per description mentioned on site,
play_myntra_a8905d19-f47e-4dfd-973b-983621eff005,play_store,myntra,2026-09-01 21:35:47,5,I got Awesome Discount 👌 on Myntra even without Sale. So Very happy with the purchase 😍,
play_myntra_d55498fe-48bc-4099-a990-ccb3ea022ae8,play_store,myntra,2026-09-01 21:31:13,5,fanatics app I love you Myntra,
play_myntra_9896eb57-3def-4516-bc1c-97c4984e5ccd,play_store,myntra,2026-09-01 21:25:55,1,support team don't support,
play_myntra_9a1ea73a-b6b2-4d6d-b123-7c1e0c5a7d00,play_store,myntra,2026-09-01 21:22:59,1,I had a very bad experience with myntra they cancelled my back to back 04 prepaid orders without any proper reason .,
play_myntra_17af5003-3cec-416e-bfbb-56486d216de4,play_store,myntra,2026-09-01 21:21:30,5,"sometimes/rarely though, product doesn't get delivered and it doesn't give refund too!! but overall, best app for clothing and stuff.",
play_myntra_8ebe26de-6896-48a0-b485-0f742df1fcdf,play_store,myntra,2026-09-01 21:17:52,1,Scamtra!!! Fake products delivered. Return request cancelled.,
play_myntra_8190dd61-72d2-4cae-b852-7c11bc49a34e,play_store,myntra,2026-09-01 21:14:40,1,worst delivery partner no coustomer care always say's ur pin is incorrect. my experience is so bad,
play_myntra_38e8f199-709f-4c1a-b639-7731d42bcfed,play_store,myntra,2026-09-01 21:13:59,1,"First they deliver the wrong product, when you ask for an exchange they refuse saying the tag loop is not matching of product to be exchanged. It's their own internal error that their tag loop number doesn't match or they are tagging incorrectly. Then you keep on calling n emailing them but they will not resolve the issue and not get the right product delivered. As as result you have paid the money already and now you have wrong product which is of no use. Worst app, don't trust them at all.",
play_myntra_c4ae9141-c01f-45b7-b6aa-8dcdeb30d563,play_store,myntra,2026-09-01 21:04:18,4,good app to use and genuine products,
play_myntra_4a50655a-337a-4162-a878-ad7385c4341f,play_store,myntra,2026-09-01 20:59:16,5,"it's amazing 👏🏻 shopping, I'm never expect for Myntra for dress quality shoes slippers bag.Everything is amazing 💯",
play_myntra_a89300ee-0f20-4be0-a001-0b058586e819,play_store,myntra,2026-09-01 20:56:52,5,myntra is actually good ...good quality of the product Faster delivery available is actually a good experience with myntra,
play_myntra_eaa596a3-654f-4074-a987-5daf9ee8ddcc,play_store,myntra,2026-09-01 20:52:31,5,great fashion collection 😃🙌🏻,
play_myntra_c7007cb9-e064-4619-a76a-05485b0727b1,play_store,myntra,2026-09-01 20:43:45,5,it's better compared to other,
play_myntra_f01eaa48-7506-42c8-afa1-580f3431277f,play_store,myntra,2026-09-01 20:40:03,3,2 products return money abhi tak nhinaya hai aj 25days se zyada ho chuka hai very poor service jub bhi customer care mai call karta hu ai caller se baat hoti hai but solution nhi milta hai,
play_myntra_20de12b4-08be-4977-80dc-a6e9723ba6a5,play_store,myntra,2026-09-01 20:37:46,5,this shopping app is a wonderful return policy and is also very convenient.,
play_myntra_59cbf1a5-9644-444c-a0cd-1255eb6b1e89,play_store,myntra,2026-09-01 20:35:30,5,very good for all type of shoaping,
play_myntra_d58ad8a1-d0a2-4ee1-984b-021c1bbfb404,play_store,myntra,2026-09-01 20:26:55,4,nice app and good for shopping,
play_myntra_b5e720d2-7bb2-440c-80cd-e0394e842b10,play_store,myntra,2026-09-01 20:26:24,3,sometimes I place order and my money got deducted but order are not placed and they don't show in order history,
play_myntra_499b3d07-9aa9-41d3-906b-719c570f443d,play_store,myntra,2026-09-01 20:23:16,5,very nice app to buy some thing online,
play_myntra_e1f462f7-bdb0-42ab-bf5b-598fa776bc5a,play_store,myntra,2026-09-01 20:22:29,5,Fully Satisfied With myntra Brands ♥️♥️,
play_myntra_2c674a37-b8e2-4043-bc16-4994ca5ef8ab,play_store,myntra,2026-09-01 20:21:53,2,because when I ordered my dress I can't get it they say this will come at 20th August and still I can't get it this is a fraud app don't trust it,
play_myntra_5f2ceaac-11a0-48ca-80c1-6f11f478f025,play_store,myntra,2026-09-01 20:20:28,5,super fast service and many more in just one app,
play_myntra_33984e80-bf91-43ac-b890-f65d13ed9334,play_store,myntra,2026-09-01 20:15:45,5,been using for a long time and it was very nice 👍 just love it,
play_myntra_5e8bbbe5-e44d-4438-bdd7-dc929283f8e4,play_store,myntra,2026-09-01 20:12:13,5,price high but quality mast 👍,
play_myntra_62085551-af3e-4d7e-bb6d-800a46b6707b,play_store,myntra,2026-09-01 20:09:31,1,"so many fckng brands are on mhntra whose sizes vary so much compared to top brands, a 40 size jeans by spykar and a 3xl tshirt by spykar fits me correctly, but never the other small, new brands fit me. this results is continous returns increasing ur ligistics cost and harrassment for the customer.",
play_myntra_ec7ff15b-27b4-42d0-a9ac-ccfc9f3738a5,play_store,myntra,2026-09-01 20:05:36,5,genuine app for buying quality clothes they never break your trust,
play_myntra_1628595c-3c60-49a1-8188-63d4e91f5703,play_store,myntra,2026-09-01 20:04:16,5,love shopping from myntra,
play_myntra_85d118e5-4a6f-469b-8c83-fdf16efb72c7,play_store,myntra,2026-09-01 20:00:57,5,The quality of the products are good,
play_myntra_beffce0f-108f-48f7-ba3e-b8c63fbc14c6,play_store,myntra,2026-09-01 19:59:52,5,best extraordinary product quality on timing delivery,
play_myntra_da3a9ce5-40e5-4e34-8541-9ee331050b77,play_store,myntra,2026-09-01 19:57:12,1,sabse faltu application 5 times my refund is not getting credited I thought it was a highly demanding application it will not happen but the refund process was the worst. esse acha meesho hai 2 min Mai credit hota hai refund,
play_myntra_a146ea51-e546-45b0-8d35-0707c476c06c,play_store,myntra,2026-09-01 19:49:44,5,Too good 👍 Myntra is best,
play_myntra_c6ee6a57-087b-44d6-a110-e0721b850927,play_store,myntra,2026-09-01 19:48:21,1,"It was a very bad experience, The product was delivered on other locations and it showed me that product has been delivered i am not going to purchase something from myntra any later.",
play_myntra_1caa6be9-238d-4af7-a997-2b266984f178,play_store,myntra,2026-09-01 19:46:27,1,current myntra sale offer is a fake one. they have increased prices on products by 30 to 40 % and fooling people's is all aspects.,
play_myntra_cadce394-60b2-4549-9d80-a896b413342a,play_store,myntra,2026-09-01 19:45:24,1,I had a worst experience i have ordered a type-c cable the delivery date given 31 but it not came I called delivery boy he told I forgot then I called to customer service they told we will deliver tomorrow on 1st but it not came again i called to delivery boy he told me your order was kept somewhere in wherehouse then I called to customer service they will be deliver tomorrow and I said them I want it was very urgent they told we will try to solve your problem and not responding calls,
play_myntra_e52d9f8d-039b-43fb-a278-dbe01654ec55,play_store,myntra,2026-09-01 19:36:48,1,stay away from these scamers,
play_myntra_f04625bf-5d8c-4084-b6c1-f0a13cedeb68,play_store,myntra,2026-09-01 19:22:05,5,"myntra deliver fast, and product are so good. and got reward points",
play_myntra_2db2e700-afc1-4cc2-8f31-a233d4752aab,play_store,myntra,2026-09-01 19:20:07,5,good app for the FASIHON LOVERS,
play_myntra_3689f4c9-3338-4de7-a0c7-b43e60b11d8d,play_store,myntra,2026-09-01 19:18:12,5,myntra is wonderful app to buy,
play_myntra_1958404a-d374-4bce-8eee-2e3356fa7fc9,play_store,myntra,2026-09-01 19:17:02,5,it's very fancy way of shopping,
play_myntra_692252b6-e12c-484d-9f95-8b8810f04eba,play_store,myntra,2026-09-01 19:12:39,5,best experience and prices among all online platforms,
play_myntra_eab1c21d-cdb0-42e5-a9f3-6cd473fa2ae8,play_store,myntra,2026-09-01 18:57:43,5,This is the best shopping app,
play_myntra_cc9c8773-c6ea-4d87-9bc1-0344bcfe47ab,play_store,myntra,2026-09-01 18:53:26,5,speed delivery and nice package,
play_myntra_28a5e43d-8edb-4537-861d-3a22164afaf3,play_store,myntra,2026-09-01 18:52:46,5,great app for the fashion i got every stylish product on myntra thankuy so much myntra 😍😍😍😍😍😍,
play_myntra_b6aaca96-c04b-4621-9a48-92d3b02a5942,play_store,myntra,2026-09-01 18:41:40,5,Good price and Nice quality in myntra✌️,
play_myntra_74df8b3a-fdaa-4499-8b0c-3c625e215d3e,play_store,myntra,2026-09-01 18:40:42,5,Myntra you are awesome give lots of offers/ discount I am very much satisfied with product whatever I purchase🩷🩷,
play_myntra_45baea14-07c9-4442-9d52-c5090f0b9843,play_store,myntra,2026-09-01 18:37:27,1,they send another product which I was not order then I want to return product they declined the return request and extend the date day by day and they didn't accept they're mistake..and customer service they provide is very poor they didn't help to mee,
play_myntra_b02be376-2657-46f8-9097-1d8f909c1db2,play_store,myntra,2026-09-01 18:30:41,5,i didn't expect this much excellent quality of clothes i loved them ...i used them on my birthday and many people gave me compliments...best quality and without any inconveniences received this order,
play_myntra_12b6d65c-c360-4f42-950b-c690a2d0d19f,play_store,myntra,2026-09-01 18:29:40,5,Good quality products available,
play_myntra_562cb64d-e165-4189-85f7-2a0800f527f7,play_store,myntra,2026-09-01 18:24:59,5,Good app with easy return policy of exchange,
play_myntra_ec736295-b4e0-4530-baa1-8e2ca34bf4ff,play_store,myntra,2026-09-01 18:23:58,5,I'm so obsessed with myntra,
play_myntra_c0db1cc4-6c8f-41a3-ac54-ebada35a00a7,play_store,myntra,2026-09-01 18:22:24,5,user friendly application and nice product .,
play_myntra_62b9c665-d29d-403f-a354-8bb29d5e340b,play_store,myntra,2026-09-01 18:09:49,3,worst customer service... thuu,
play_myntra_8e3f1e80-34b0-41ae-9790-21df50e8a86b,play_store,myntra,2026-09-01 18:08:31,5,Good product we found in myntra,
play_myntra_1360f0a2-3f7a-43ae-8b0e-56115fe04d92,play_store,myntra,2026-09-01 18:06:34,5,"Too good, I'm lovin it :)",
play_myntra_dd154f3f-2d2d-4606-80a2-4952de3dceea,play_store,myntra,2026-09-01 18:06:08,5,Exact product delivered in time .Easy exchange policy,
play_myntra_8bd9b3bb-c9bb-45c5-a26f-60e73dc6ce78,play_store,myntra,2026-09-01 18:01:37,5,It's great to see a variety of products.,
play_myntra_1d6e819b-837a-4d21-a870-22ed9ca5fab2,play_store,myntra,2026-09-01 17:54:38,3,"No need for introduction as it's already a brand now. Only one observation, reduce platform fee if not possible then don't charge extra for COD.",
play_myntra_0a81cf06-a171-4e94-9c2e-96e6fc491fea,play_store,myntra,2026-09-01 17:53:16,5,nice to visit this website,
play_myntra_bb0660b5-6aa4-4745-b168-a3c08e61a93a,play_store,myntra,2026-09-01 17:48:43,5,I love Myntra always 👑💗😋👌👌👌,
play_myntra_fcbf2256-363c-4528-b02f-33fb181700c6,play_store,myntra,2026-09-01 17:47:45,1,"Genuinely the worst online shopping app ,their return policy is so diappointing like it's already been 4-5 days since they had marked the refund initiation but I haven't received it yet .Their customer care support really sucks ,everytime I try to contact them it's always that AI automated support and on demanding human care support they just state they are busy all the time . Poor app ,poor service!",
play_myntra_a27f2897-892c-43f2-a1ae-e2712cfd9f9f,play_store,myntra,2026-09-01 17:47:27,4,nice app real products also served well,
play_myntra_cd4d8a3a-1603-499d-b9bb-adf676ae5cf7,play_store,myntra,2026-09-01 17:45:58,5,I had fantastic experience in myntra shoping,
play_myntra_4196bc19-ae59-4946-bf6f-b9e491489deb,play_store,myntra,2026-09-01 17:45:47,1,myntra product is very bad 😞 I have a very bad experience 😭 customer service third class 😞,
play_myntra_f4d1a7d9-fbdc-4064-8b74-2c3a91de1cb5,play_store,myntra,2026-09-01 17:37:31,1,"No matter how expensive the products in my order history, almost all of them turned out to be fake, sometimes a very good quality copy and sometimes a cheap copy but the fake items sent to me over years remain consistent, almost all. and finally fake perfumes today(which were very expensive) was the final nail in the coffin, logging out uninstalling with the intention of never using it again.",
play_myntra_1262b8a7-67b7-44df-820e-9b15c9ef6e78,play_store,myntra,2026-09-01 17:33:55,5,best application for shopping anytime anything,
play_myntra_75e58745-6f20-43e1-a43f-2b60ce3ae7b5,play_store,myntra,2026-09-01 17:27:53,4,"pay later option dekar bohot accha kya h , review dene k liye bohot accha huwa h thank you so much, everything is so good about your app , platform fees or increase mat kariyega 🥲",
play_myntra_ef35750f-b4ec-4685-8d5a-161e771be448,play_store,myntra,2026-09-01 17:24:00,1,Needs lot of improvement.,
play_myntra_11cb420c-c6b3-4fdb-ab6a-e3790cba8c6d,play_store,myntra,2026-09-01 17:21:13,5,Wide variety of products at best price,
play_myntra_80ae34d0-89d8-4812-9f13-3cc317273096,play_store,myntra,2026-09-01 17:20:59,5,best platform to buy at good rate. all world class product.,
play_myntra_6f4e4e82-bf50-4a27-8386-b2ba4d3c9fbd,play_store,myntra,2026-09-01 17:16:53,5,best experience in shopping,
play_myntra_926f84c1-1813-4e44-a3fd-876f8416ead0,play_store,myntra,2026-09-01 17:15:19,5,Good quality dress at affordable price.,
play_myntra_c4dee377-8a93-41c9-8816-0d719bab2ca0,play_store,myntra,2026-09-01 17:12:47,1,"Horrible experience. I had ordered a pair of shoes and I received a different one, old, torn off, probably a local shoe. very much disappointed and will never going to buy anything from them.",
play_myntra_ec11fe7d-4ebf-478a-bf54-384186dfe1cc,play_store,myntra,2026-09-01 17:10:47,3,"Feedback Regarding Platform Fee Dear Myntra Team, I have been a regular Myntra customer and really appreciate the variety, discounts and shopping experience on your platform. However, the additional platform fee on every order feels unnecessary, especially when customers are already paying for the products and, in some cases, delivery charges. I request Myntra to completely remove the platform fee, or at least reduce it to a nominal amount such as ₹5–₹10 per order. thank you",
play_myntra_589f59d4-34b0-4128-8370-8a28328ccf05,play_store,myntra,2026-09-01 17:07:18,2,"dear mytra please available hassale free return option.. my experience is very bad about this.. I'm a valuable customer of mytraa but still whenever I returned any product, the delivery executive make a scene in front of my house.. it's so embarrassing for me. please work on it. atleast they should know the value of old customer and how to treat them.",
play_myntra_e856ecc9-7b40-4760-9a4d-866b14a08ffe,play_store,myntra,2026-09-01 17:00:02,5,"best app for hassle free shipping with easy replacements and returns, they also have a feature called myntra now for instant delivery for your last minute plans",
play_myntra_ada3df6f-544f-42b8-a0f1-96bbe6c58b43,play_store,myntra,2026-09-01 16:59:56,1,"I don't know what happened to Mytra , recently it started cheating the customers.To complain any grievance regarding our orders there is no way contacting customer care in recent times, that is why my rating dropped to 1 star from 4.5 star .",
play_myntra_a634024f-1c38-439c-ac42-cc55b9f7bfaf,play_store,myntra,2026-09-01 16:56:22,4,this app is very good and genuine and the experience of myn cash is very good and it is very nice btw.,
play_myntra_1c737626-b98c-4fa9-af8a-e28ed544a0da,play_store,myntra,2026-09-01 16:55:35,5,bahut accha shopping app hai,
play_myntra_8edb32dc-6b4b-4d72-a0e8-41932e66700b,play_store,myntra,2026-09-01 16:43:35,3,"I must say flipkart played well , on the name of brand myntra sell products 2-3 hundred more than it its cost on other sites, also when they give refund they keep some money in the myncash n when u use them before expiry but return the products ,they simply keep your cash be it 100 or 1000 i would not appreciate such policy",
play_myntra_dbc571b4-325c-4941-a756-b735b8659f2a,play_store,myntra,2026-09-01 16:29:44,5,super comfortable footwear 😍👏👍,
play_myntra_643292bc-0ef7-4ba0-a422-6b4e869ef0e4,play_store,myntra,2026-09-01 16:16:03,5,"mnow is very quick delivery, my order was delivered within 30min I just love myntra",
play_myntra_e8692dd7-a705-4950-a864-1e4a4baef2e4,play_store,myntra,2026-09-01 16:11:27,5,good quality shopping app,
play_myntra_5ea1b497-0e8a-4230-823e-d1f7633a8419,play_store,myntra,2026-09-01 16:08:08,5,very good.. amazing product,
play_myntra_2b869ee5-c382-4c33-8dea-17229a0de96b,play_store,myntra,2026-09-01 16:01:43,5,Nice 👍🏻 Quality With Brand,
play_myntra_2cb3e097-0e00-4de0-908f-14bf5077e96b,play_store,myntra,2026-09-01 15:56:18,1,"Worst experience with Myntra! I ordered 2 bedsheets today, but Myntra cancelled my order without any proper notice and tagged me as a “fraud user.” Customer care simply asked me to reorder, but the price has now doubled! I ordered when the products were at the original price, and now I’m expected to pay twice because of Myntra’s mistake. This is not the 1st time, it is always the case.Extremely unfair and disgusting service. Never ordering again!",
play_myntra_4cec8c94-6fc7-40c0-ad82-c27231283fc1,play_store,myntra,2026-09-01 15:54:16,5,nice this app and jo saman amazon per and flipkart per nhi milta bo yaha mill jata hai thank you Myntra,
play_myntra_60fb8f5f-fc43-46c6-a36d-b6464055079b,play_store,myntra,2026-09-01 15:52:32,5,I love it for low price % 🥺,
play_myntra_8bf06144-c2d9-4a54-bc8e-abf631d9b585,play_store,myntra,2026-09-01 15:50:20,5,Serves my purpose and i am super happy about it. has given great shopping experience with a wide range of products that are cost effective.,
play_myntra_e5e91fd5-62f7-431b-93cd-66e758235f82,play_store,myntra,2026-09-01 15:48:10,5,best deals best prices. always trust worthy.,
play_myntra_c760350d-7c66-4253-8bf2-ca51e981c196,play_store,myntra,2026-09-01 15:45:31,5,Great platform to buy any one,
play_myntra_bbd0e544-c0e7-490f-97c1-9758d48b027e,play_store,myntra,2026-09-01 15:36:54,1,"Worst customer support, their chat agents don't even know how to check the requests raised on return, Myntra Now is a disaster, they deliver a wrong product and the return would take years for them",
play_myntra_4656e0c7-1f8e-4b32-8113-0f08fdc7da0f,play_store,myntra,2026-09-01 15:31:52,5,trustable app. always received good products,
play_myntra_e49bddf4-05d0-4853-829a-30e55cc1de37,play_store,myntra,2026-09-01 15:25:55,1,Worst Customer Service Always go for other Shopping Platforms Unnecessary Platform Fees increasing a product price,
play_myntra_de1c6ea4-ed69-4079-bd15-68d458bd0dd9,play_store,myntra,2026-09-01 15:13:53,5,Best app for purchasing products,
play_myntra_d00ebd69-0410-4ac3-a323-b5fb93034a54,play_store,myntra,2026-09-01 15:11:34,5,it's really very good platform fastest delivery if you are in urgency,
play_myntra_54c45d40-90fe-4962-b519-fab548c84621,play_store,myntra,2026-09-01 15:11:24,5,"Myntra is a best shopping app . product quality is too good .fast sevice ,easy return facilities. m very happy with myntra.🤩👍👍👍",
play_myntra_1a216ea6-f9bb-4805-b6a8-e0116f1b4920,play_store,myntra,2026-09-01 15:03:45,5,products as like images and quality is awesome,
play_myntra_acbf196c-50a7-4b5c-814c-cf38a839b3f3,play_store,myntra,2026-09-01 15:01:17,5,love this app and his rating rewards,
play_myntra_cc71bdb1-a796-4f93-b81b-c6a32a243640,play_store,myntra,2026-09-01 15:00:59,1,worst customer care experience... my query have been unsolved from 1 month.. they just keep demanding more time and do nothing,
play_myntra_ae29aebf-5163-41c0-91eb-692384297f79,play_store,myntra,2026-09-01 14:54:09,1,"WORST APP! i ordered a dress from 30 mins section and it was supposed to be delivered on the same day in 89 mins but when I again checked the app the order was showned as delivered while I haven't received it not my anyone from my family received it and i didn't get any call also and when I sent a email to them they asked me to give them the order details and when I give they aren't taking any kind of action just responding with same email again and again, i want my full refund ( i payed 511 ).",
play_myntra_ae4dcca2-e68a-4de5-b06c-eaa836e09c74,play_store,myntra,2026-09-01 14:52:24,5,this is best app i ever seen 😭💗 it is the one of the best app for purchasing cloth mainly and everything and the product quality was so amazing i didn't expect this much of quality in this app iam reallyy happy to share this experience with youu guyss 😭💗✨,
play_myntra_4ad8ae8d-662f-4150-94fa-8f5b4101944b,play_store,myntra,2026-09-01 14:52:06,4,very user friendly. I have been using this for 10+ years. excellent,
play_myntra_ed3e8e5c-fa2c-4b31-8595-390cb7fe0095,play_store,myntra,2026-09-01 14:45:32,5,"Good quality products with reasonable prices,very good experience with Myntra",
play_myntra_d4d36537-a645-40dc-aacf-f17982be7a80,play_store,myntra,2026-09-01 14:43:52,5,myntra app is really trustable because it's delivered geniune product as seen in the screen really love to shop in myntra,
play_myntra_bbdb0c81-14fa-4ae7-8b24-537560f80145,play_store,myntra,2026-09-01 14:40:57,5,it is amazing app for shopping.. good quality clothes are available!,
play_myntra_38104d5b-eade-4d80-a7bc-5d7d9001ba9d,play_store,myntra,2026-09-01 14:39:30,5,Myntra is one of my favourite and go to application too keep us with fashion and style and to maintain a beautiful wardrobe,
play_myntra_4743fc8c-b2aa-4e73-b5a4-c461503b181f,play_store,myntra,2026-09-01 14:38:54,4,service is very nice but we write reviews and better luck next time now I never write reviews,
play_myntra_bf5734de-3452-4110-8d40-158a4c3ccc54,play_store,myntra,2026-09-01 14:32:53,5,very soft & comfortable fabric,
play_myntra_36f39285-3483-4978-b315-cd3569852066,play_store,myntra,2026-09-01 14:27:49,5,"I've been using Myntra for years, and honestly, it has been an amazing experience! From the wide variety and quality of products to timely delivery and excellent customer support, everything has been consistently great. Myntra has always been one of my go-to shopping apps, and I've had a truly wonderful experience using it.",
play_myntra_dc7b9a9c-7b99-43c7-b738-a3c0e30d9924,play_store,myntra,2026-09-01 14:17:01,5,this is the best app ever everything is available here at a lower price,
play_myntra_e6e975b3-3611-4edd-ae8f-20c82672b5b7,play_store,myntra,2026-09-01 14:11:40,4,this app is really too good,
play_myntra_0b47fc37-88bc-4c49-8746-eccb66fd8eea,play_store,myntra,2026-09-01 14:02:46,1,"Terrible experience with the delivery system and customer service is trying to be way more terrible than the prior. Rewriting the review after a year, still horrible service with delivery and customer service.. horrible shopping experience.",
play_myntra_0c64bf74-ae2a-4009-8b84-efe6aaae6e5e,play_store,myntra,2026-09-01 13:57:07,5,"Best for Women, Men, Kids Fashion & Lifestyle in India. India's Fashion Expert brings you a variety of footwear, Clothing, Accessories and lifestyle products and budget friendly",
play_myntra_87c033ea-34f3-4338-81ea-958fd8df531b,play_store,myntra,2026-09-01 13:55:18,5,bahut hi achha product milata hai mantra aap par . aap log is aap par bina dare koyi bhi saman oder kar sakte hai jo product jaisa dikhata h same wahi product order karne par aata h . bina dare huye aap log bhi hamari tarah oder kar sakte hai. jaisa aap saman kharidenge wahi same product milata hai aur koyi bhi product karab aata hai to aap toh use return bhi kar sakte hai. jisa aap oder karenge same wahi product aata hai. ordered karane ke liye thanku so much. product use karke aap log dekh,
play_myntra_4077f073-5de4-45f9-b4ca-2a307af0272b,play_store,myntra,2026-09-01 13:53:58,1,"Lenskart and other apps offer delivery within 2 days, while Myntra, Flipkart, on the other hand, show 5-6 days for delivery of orders and an expected delivery of 7-8 days.",
play_myntra_91226b1a-3a7f-4835-8346-f02c6d810d54,play_store,myntra,2026-09-01 13:53:57,5,"Myntra has a great collection of clothes, and I really like the quality of the products. The fabric feels good, and the overall shopping experience has been great. Highly recommended!❤️✨",
play_myntra_5ada7711-5953-43b3-9a5e-37ff3b8e03a2,play_store,myntra,2026-09-01 13:49:34,1,I bought an item but it delivered a different item I sent a request to send it back again but the item is not returned my money has not been sent to me it shows my request is in process,
play_myntra_8a24e1a7-5399-4d37-9e7c-4c227e43a2b3,play_store,myntra,2026-09-01 13:48:48,5,I have been using myntra for 2 years ..I am very satisfied with the product .It has large number of collection and Myntra is my go to go app... the features of express delivery are also good ...If you require something urgently it has the option of express delivery I really love it.. go for it .☺️,
play_myntra_5bb89dc5-10a2-4a49-a22e-2dffc8a97590,play_store,myntra,2026-09-01 13:48:00,5,Great appreciation Very much rewarding,
play_myntra_9a9920b1-e6bd-47e1-a45d-a52c8c3fc295,play_store,myntra,2026-09-01 13:46:58,5,quality app with quality products...,
play_myntra_9eaee63a-2f1d-4fde-994f-7084b3c14862,play_store,myntra,2026-09-01 13:44:47,1,One thing about this aap is promising that you will not get what you ordered 😂,
play_myntra_9b480d33-0063-45ff-8eea-201869c267bd,play_store,myntra,2026-09-01 13:38:36,5,best free cash gift me 200 product free,
play_myntra_1999acea-8f24-4cc5-be42-529060548f65,play_store,myntra,2026-09-01 13:36:39,5,this shopping aap is very good.,
play_myntra_dc51bc28-5bf2-404a-9f46-1a582eb9b7ae,play_store,myntra,2026-09-01 13:36:01,5,myntra is my mall my world my all things...i love myntra...myntra is awesome app for all ages...till the death i am using myntra...❤️❤️,
play_myntra_e8f2b0dc-c39a-467e-9d3d-8253da05f22a,play_store,myntra,2026-09-01 13:35:08,5,excellent quality and colour is also quite good,
play_myntra_aaa00ca8-d2a6-468c-993b-99582eca36b1,play_store,myntra,2026-09-01 13:32:19,5,all item will me genuinely happy product,
play_myntra_e8666a65-f958-4cc9-a5e4-7e4c3bc98437,play_store,myntra,2026-09-01 13:26:14,5,"quick order, quick delivery and quick cash back",
play_myntra_1e23802f-296b-4ea7-926a-3c445dc4ea8b,play_store,myntra,2026-09-01 13:17:33,5,Better quality then expected,
play_myntra_79cafbd5-2042-4962-808e-655dd9333cb6,play_store,myntra,2026-09-01 13:15:57,1,now they are doing frauds in delivering the products. without delivering the product they updated the item delivered in app. recently I faced the same issue. please avoid to use the app.,
play_myntra_16ecc8d3-9c5b-4bdb-b9b3-e5fc3c0cbaa2,play_store,myntra,2026-09-01 13:13:26,5,msst app h discount bhi milta h,
play_myntra_3e5d1a8c-8a38-45e1-b6a0-c422410841cf,play_store,myntra,2026-09-01 13:13:21,5,"Great Value Deal with a Cute, Cozy Vibe! ​Design & Aesthetics The grey geometric pattern paired with the central heart and couple motif gives this bedsheet a super playful and romantic look. It instantly brightens up the bedroom while adding a personal, charming touch. The matching pillow covers tie the whole set together really nicely. ​Material & Comfort Being a cotton flat bedsheet, it feels light, breathable, and suitable for daily wear—especially during warmer months. The 104 thread cou",
play_myntra_a4d328f3-ae5b-472c-99f1-08beef51df35,play_store,myntra,2026-09-01 13:03:11,2,"Once I used to purchase only from this app. But gradually it is becoming more and more non user friendly, mainly with cancellation and return policy. I am disappointed.",
play_myntra_e95fa580-5a93-4df9-aaaa-fc795a55d795,play_store,myntra,2026-09-01 13:00:25,5,nice aap for best online shopping,
play_myntra_660273e5-fd0a-4977-a13a-71136d94b4f3,play_store,myntra,2026-09-01 12:58:19,5,"excellent shopping experience, nice shopping app , go for it",
play_myntra_c5451e4c-b3f3-426b-ac6c-31678f8e1020,play_store,myntra,2026-09-01 12:57:15,1,never ordering again . my order has been delayed since a week . ekart messaged me two days after the due date and i asked them to reschedule it to the next day as I was not available because the delay was not my fault . I haven't heard from them since no one responds . the help section in the app only gives auto generated replies. I am honestly tired,
play_myntra_6acec1e8-b5b7-4320-907b-30424704f8e2,play_store,myntra,2026-09-01 12:49:04,5,an excellent place for all clothing... loved it a lot.,
play_myntra_7ece1219-042d-4d77-8a84-ff14c407e5ad,play_store,myntra,2026-09-01 12:48:11,5,good but required some shorter delivery time,
play_myntra_8274910d-5f8c-49bd-9989-e2370e84564c,play_store,myntra,2026-09-01 12:42:23,5,bhut accha aap hai myntra acchi quality ki chij yaha p mil jati h I am so happy,
play_myntra_6b301a8a-2739-4740-b04f-8b37b5d6910a,play_store,myntra,2026-09-01 12:37:45,1,they cancel your order on the day of delivery,
play_myntra_01c15b4f-9550-4b59-b351-cfa6205c0cf0,play_store,myntra,2026-09-01 12:33:51,1,Very Bad service I will order t shirt and company give me shirt TWO times it's very bad experience,
play_myntra_80e89919-b594-434f-a09b-6e1d0e127de2,play_store,myntra,2026-09-01 12:15:34,1,"i have been using this app for a long time and was very happy with the products and services but recently too many issues are going on specially related to services and help centre... the robots are to reply there is no customer service or help. my huge amount of parcel is missing and it's marked delivered, which is falsely marked..there was no delivery done. after so many calls and messages sent to mytra no revert or no solution to this... idk how paid parcels are handed over without otp.",
play_myntra_28bd4e28-2df4-4029-b357-4e250732f50c,play_store,myntra,2026-09-01 12:10:54,5,Happy to be with Myntra... Excellent ecosystem for purchasing from the app. Keep progressing...,
play_myntra_4ac89b05-5842-446d-abaa-f093798b7c22,play_store,myntra,2026-09-01 12:08:01,5,Amazing product I am so glad to use this app.,
play_myntra_edce5df0-3927-4d0c-b610-ac2774f6a7f9,play_store,myntra,2026-09-01 12:03:12,4,Good and please improve delivery on time specified in the App and provide Delivery partner details in the Myntra App itself to track the consignment in a more feasible way by the customer,
play_myntra_00e68c7e-f508-4f44-8a58-3b12e2d55e26,play_store,myntra,2026-09-01 12:02:31,5,I have an excellent experience of buying items from Myntra. I am very happy with the quality and price of myntra products,
play_myntra_fabb224a-7c11-449e-8829-1b40762f430e,play_store,myntra,2026-09-01 11:58:57,2,"update your app features, it is not showing the delivery agent contact details to contact him. It totally wastes my time awaiting him.",
play_myntra_c338199e-58da-44af-be6c-d42819035dbc,play_store,myntra,2026-09-01 11:58:30,5,best fashion app ever at affordable prices and best quality,
play_myntra_7852c2f3-c583-4f58-b059-8f8a5fb7c895,play_store,myntra,2026-09-01 11:56:00,5,Best quality products... I recently bought a roadster sweatshirt which was costly at other platforms... but I got that piece on Myntra at just Rs.299/-....Thank you Myntra ❤️🔥,
play_myntra_0ce7d084-0fed-45be-8717-68e6c699894d,play_store,myntra,2026-09-01 11:52:50,1,"delivered wrong products, don't buy anything from myntra. all products are werst quality",
play_myntra_89b563a3-4d26-4f8c-9dcd-d7fd9ece973a,play_store,myntra,2026-09-01 11:51:33,5,"The experience is very good, app runs smoothly and enables easy query solving and good coustomer support",
play_myntra_c6be4509-1ee2-4247-b799-e7bec4c005b4,play_store,myntra,2026-09-01 11:48:32,4,very affordable and lots of offers,
play_myntra_abd99fc4-d60f-4308-915d-a5227164eaab,play_store,myntra,2026-09-01 11:32:51,5,genuine products at a very reasonable price must download the app and purchase what ever you like,
play_myntra_75f32ccf-b13f-45c0-8972-8db1bb104844,play_store,myntra,2026-09-01 11:29:27,5,authentic things you gets from mntra app,
play_myntra_327d311d-2651-4214-bf38-3a7869604631,play_store,myntra,2026-09-01 11:26:45,1,"Worst Service myntra, it has been lost by myntra , customer service promised me the refund since 1 month , but yet i didn't got any update, horrible experience, Highly do not recommend this service, Myntra is worst they took my money.... Since 10 years I am using myntra, first time they lost my parcel worth 2000 approx , I ordered about 5000 products, but myntra lost few my parcel, customer care agreed on it and 2as about to give me refund but they didn't updated me anything",
play_myntra_eacfe270-9b2f-48ca-851e-479738d8a30e,play_store,myntra,2026-09-01 11:26:39,4,"Compared to others it is a user-friendly interface to do the best shopping, 🛍️",
play_myntra_d73f79d3-7d04-4adf-a590-4277453b7168,play_store,myntra,2026-09-01 11:24:42,1,"worst application to shop online. i placed and order and got the delivery late than promising date and an another order rhet didn't even deliver. i placed a request of return on 28th August and the promising date of that pickup was 31st August and neither they picked up not they have any solution of that, only raising complaints about whatever issue you're facing but not resolving anything. sent wrong products as well.",
play_myntra_2500c3ac-8afe-4446-aec4-dcc570018388,play_store,myntra,2026-09-01 11:15:19,4,mantra cash se product aur sasta hojata h,
play_myntra_dcd9dea6-771e-4a68-ba71-8fec808c7e40,play_store,myntra,2026-09-01 11:11:15,5,"Myntra is one of my favourite shopping apps! ❤️ Great variety, trendy collections, easy-to-use interface, and smooth delivery. Overall, a really good shopping experience! ✨",
play_myntra_46ce2fee-f9e8-498d-9291-ff9818a3df9f,play_store,myntra,2026-09-01 11:10:35,1,"These days Myntra has become like some random instagram shopping place, unreliable and worst service provider. I have received order and product was missing, made complaint 2 times and both time they simply said we have confirmed that we have sent. When asked for proof they simply said we don't have options for sharing proof. As i guess now they will simply read this review and just post reply to contact them as usual that's too just for show -off. Worst service provider and risky platform.",
play_myntra_981440ce-ff01-4200-8236-644443a87207,play_store,myntra,2026-09-01 11:01:28,1,"Given the wrong product, at the time of the exchange the pickup partner is not ready to pick the product.",
play_myntra_b815cf74-203c-4021-9e63-48c5d057e7fb,play_store,myntra,2026-09-01 10:53:57,5,must try this app service are very good campare to other app,
play_myntra_42a0d9f3-c06b-4113-88bd-0ed9624847df,play_store,myntra,2026-09-01 10:51:37,5,"I like it very much, shopping is done in my way, it is delivered on exact time, the clothes are very good brother",
play_myntra_f41cbf06-d305-4f40-8b9f-737af70932a1,play_store,myntra,2026-09-01 10:46:39,5,Quality and prize best combination I love it❤️,
play_myntra_911663d2-6932-4044-b74b-519d4b3e8915,play_store,myntra,2026-09-01 10:24:10,5,Myntra is the best platform to get quality products with discounted prices.Free shipping is also add to saving of money.No scope for returning the ordered product as it went through quality check. Thanks Myntra.,
play_myntra_11b32a38-de35-45a3-a677-c388954c1dfc,play_store,myntra,2026-09-01 10:19:36,1,Unethical app that failed to deliver my product even 10 days after shipping completed.,
play_myntra_e27f61ae-f761-459f-ba38-a1027e08dacf,play_store,myntra,2026-09-01 10:18:28,1,Not Trustworthy Most of the times I have got damaged products. They moderate reviews so bad to take off must bad reviews which is extremely unethical and unfair. Even if you put the images and unboxing videos they would take them down. Just don't trust this app for any of your high value purchases.,
play_myntra_36a72a12-b66b-44ac-8f18-84509b84e2fe,play_store,myntra,2026-09-01 10:17:09,5,nice app for beauty products,
play_myntra_6299555e-d1dc-4113-b25c-96b5f8fdd732,play_store,myntra,2026-09-01 10:14:33,5,this is the best shoping app in India.,
play_myntra_51b5dd4c-f391-4e17-80cd-89866f4d6eef,play_store,myntra,2026-09-01 10:12:54,4,good but after some returns it has blocked my account. otherwise it's good for all types of accesories and products.,
play_myntra_68675a60-3e49-433f-845c-73dc28da66e2,play_store,myntra,2026-09-01 10:09:04,5,my fav shopping app everytime I buy I just get amazing prize on my Myntra cash.😍😄😄💯💯❤️,
play_myntra_f0d8f284-38a6-40e6-9dbf-743b63b1df9f,play_store,myntra,2026-09-01 09:59:02,5,"Excellent Quality & Super I purchased the Asian sneakers from the Myntra app, and I'm honestly very impressed with the overall quality and comfort. The design looks premium and stylish, making it perfect for both casual outings and daily wear. The color and finish are exactly as shown in the pictures, which is a big plus. The cushioning is soft and provides great support for long hours of walking. The sole has good grip, and the shoes feel lightweight, so they don't strain your feet e",
play_myntra_abe2d14d-84a5-495d-9a6a-40fbf0bcaa0b,play_store,myntra,2026-09-01 09:52:05,4,brands kharidne ke liye bahut hi achcha app hai,
play_myntra_113daac0-b81b-4302-bdc7-3e43b340c6fe,play_store,myntra,2026-09-01 09:49:33,5,"Myntra has a great collection of fashion products, and the app is easy to use. The design is appealing, shopping is convenient, and there are plenty of options to choose from. Overall, I’ve had a good experience using the app.",
play_myntra_db5d0b93-3207-4541-95fc-78cb44d0f877,play_store,myntra,2026-09-01 09:43:12,5,Best varieties and best price with best service.,
play_myntra_1c9c5912-5c51-4959-8460-68a0f0ea92fa,play_store,myntra,2026-09-01 09:39:16,5,"Myntra is a great app, but it would be helpful to have an option to receive all products from one order on the same delivery date. I’m okay with waiting for the latest item, as this would save me from having to be available at home on multiple days.",
play_myntra_eb25eb60-20ef-454c-98b2-86a79214245f,play_store,myntra,2026-09-01 09:22:06,5,best app for online shoping I love it,
play_myntra_ec2363b7-72e8-4c4d-8eed-0228b438f07c,play_store,myntra,2026-09-01 09:17:15,5,myntra is the best app . always delivered fast and luxury product in affordable price 💞,
play_myntra_dbf0938a-a6a8-475c-aa4e-8b3db64bd2f0,play_store,myntra,2026-09-01 09:09:12,5,myntra is a very quality product provide in customer,
play_myntra_797fdbb0-3eac-4c5e-b3ce-66bdae401591,play_store,myntra,2026-09-01 08:54:15,5,very good and effective to use. Love to make purchase on Myntra.,
play_myntra_245e0cc9-f8c9-4f0b-b2a6-9b7c8dc94ff5,play_store,myntra,2026-09-01 08:51:31,5,"best app guys I order every week ❤️ , good product they have also.",
play_myntra_0853f80e-c455-4d7e-891b-d1eb502a6498,play_store,myntra,2026-09-01 08:41:07,4,myntra product is very good quality,
play_myntra_6a2bb186-5fe5-4c6e-9368-d489925c79c9,play_store,myntra,2026-09-01 08:34:02,4,sometimes I have to do exchange that's why rating is 4,
play_myntra_862e1c4b-032d-4230-b97a-64e9f66cd7ea,play_store,myntra,2026-09-01 08:20:17,5,App is a little jittery but works fine and responsive too.,
play_myntra_0182843e-11c4-426d-b48e-f93b631d1f25,play_store,myntra,2026-09-01 08:17:53,5,best app ever seen. it has availability of each item I wants,
play_myntra_0ddf6fcd-3fe1-4328-8255-67f9bfe53d21,play_store,myntra,2026-09-01 08:15:41,5,superb app myntra i have used long time myntra,
play_myntra_fe30dd2d-4dce-481c-a855-1f5889c46b63,play_store,myntra,2026-09-01 08:08:41,5,best shoping experience thank you myntra,
play_myntra_ab009e4c-65ad-4dd6-9ea2-14613d7c5bb1,play_store,myntra,2026-09-01 08:06:56,2,such a big scammer aap...does not return money on exchange or returns...don't trust myntraa,
play_myntra_5f228d2c-0127-487e-bc4f-f0c256b22276,play_store,myntra,2026-09-01 07:42:06,5,"one of the best shopping app's , prices are relatively low in comparison to Amazon and nykaa by applying coupon",
play_myntra_0bc3f7c1-396b-4849-a089-25aeeb9529e7,play_store,myntra,2026-09-01 07:33:34,5,fast delivery and original product myntra is a best app for online shopping,
play_myntra_6fa430ea-e750-4a6d-b341-587092e8b796,play_store,myntra,2026-09-01 07:02:05,5,very good and word most popular app,
play_myntra_7c14696f-23d8-4b3d-a141-38628d09e96b,play_store,myntra,2026-09-01 06:49:58,5,"awesome, great product with good prices, delivery is so fast",
play_myntra_8868924a-d58d-43a0-b595-502df1e5c755,play_store,myntra,2026-09-01 06:45:00,5,myntra very good and fast service I like it,
play_myntra_44dc4b8c-a6ac-4fa9-aae1-788a6a44c8d6,play_store,myntra,2026-09-01 06:38:42,5,very good app thanks you Myntra team,
play_myntra_3a082eb5-64f1-4a46-b568-66e9df7be469,play_store,myntra,2026-09-01 06:24:48,1,it is the very worst app ever i seen he didn't complete my return,
play_myntra_7bd2bf28-c5df-4415-a9e2-330184d417c8,play_store,myntra,2026-09-01 05:19:46,5,I'm very happy to explore vast collection of Myntra. It has too much options explore and the quality and price of are very good,
play_myntra_5372a0a2-7d64-42c7-806a-8cc119976e9e,play_store,myntra,2026-09-01 04:41:12,5,I am rating 5 because of the variety of products and interface but sometimes face issues for purchase one of purchase was not getting delivered at last I went the facility and they told it was damaged so you will get refund but this almost took a week.,
play_myntra_ca286a3d-1508-412d-b3b8-285cbc25e690,play_store,myntra,2026-09-01 04:33:56,5,I got my order on time without any delay and in good condition,
play_myntra_f4f9d70d-d86f-4e4f-8fd0-6e5bbae18e90,play_store,myntra,2026-09-01 03:51:07,5,best quality product & design,
play_myntra_092fbfe8-4ae2-4c9a-beec-b7f6d1500697,play_store,myntra,2026-09-01 03:16:49,1,"They don't send the item you see when you order, they send what they think they like. Please don't buy anything from this app and get scammed.",
play_myntra_98ae889b-ef95-4e4c-a9c7-e41d32a3e452,play_store,myntra,2026-09-01 02:41:23,1,"Not even worth 1 star. Worst experience with Myntra. I ordered a product and received an incomplete item. I thought it might be a one time issue, so I ordered it again, but the exact same thing happened. I received another incomplete product. Both times, the mistake was completely from Myntra’s side, not mine. Yet, they still deducted the so called “Platform Fee.” It is really frustrating to pay a fee when the order itself was not properly fulfilled. I am done with Myntra. I quit.",
play_myntra_007689b8-b0cf-46f6-86b1-9edff169d747,play_store,myntra,2026-09-01 02:29:36,5,very happy this shopping app myntra,
play_myntra_a6b1cef2-453b-4c2f-90db-4744af2883f3,play_store,myntra,2026-09-01 02:07:06,5,trusted platform othentic products,
play_myntra_95fd2688-929e-4de0-849c-87738b042794,play_store,myntra,2026-09-01 01:41:47,5,The product is too good in this app,
play_myntra_a6f86da4-3938-4671-9c4e-289bf5a95ffb,play_store,myntra,2026-09-01 01:35:30,1,"Myntra has suspended my account without clearly explaining what violation I committed. Your email only mentions Clauses 4 and 13, but does not specify the actual order, transaction, activity, or rule allegedly violated. I have requested a clear explanation and account reactivation, but this experience has seriously damaged my trust in Myntra. If genuine customers can be treated this way without a proper explanation, I will not continue using Myntra. I will also ask my family members, relatives a",
play_myntra_45674d1b-d58a-4a91-b047-43058b8d2c5d,play_store,myntra,2026-09-01 01:32:56,5,amazing variety of exclusive fashion. love it! do try their curve collection. fantastic.,
play_myntra_95ffb57a-1bc3-4eca-a669-fed5fd09c575,play_store,myntra,2026-09-01 01:27:03,5,"I really like this Aqualogica moisturizer! It has a lightweight and smooth texture that absorbs quickly into the skin without feeling sticky or greasy. It keeps my skin hydrated, soft, and fresh for a long time and gives a healthy, natural glow. It is perfect for daily use, especially if you prefer a light moisturizer. Overall, a very good product and definitely worth trying!",
play_myntra_f4c56a40-c0a9-4618-aa9f-74e920c7c671,play_store,myntra,2026-09-01 01:20:32,4,"Been using Myntra for a while now and it's honestly my favorite for online fashion shopping. Great variety, easy returns, and delivery is usually quick. Overall, solid app — highly recommend for anyone who wants good clothes without the hassle.",
play_myntra_4841127f-014e-4f1b-8874-c38a3e0ba5d2,play_store,myntra,2026-09-01 00:44:38,5,"मुझे Myntra से शॉपिंग करने पर हमेशा पूरा भरोसा रहता है। मैं जब भी Myntra से कोई प्रोडक्ट ऑर्डर करता हूँ, तो मुझे विश्वास रहता है कि मुझे अच्छा और भरोसेमंद प्रोडक्ट ही मिलेगा। खासकर जब मैं कोई ब्रांडेड प्रोडक्ट मंगाता हूँ, तो मुझे भरोसा रहता है कि ब्रांडेड ही प्रोडक्ट मिलेगा। Myntra की सर्विस, प्रोडक्ट की क्वालिटी और कस्टमर एक्सपीरियंस मुझे बहुत अच्छा लगता है। मुझे Myntra पर पूरा विश्वास है और आगे भी मैं अपनी शॉपिंग Myntra से करना पसंद करूँगा। I Love You Myntra ❤️🛍️ Thank You Myntra, मेरा भरोस",
play_myntra_4ae30a89-24fe-4a3a-98c5-a4834df09632,play_store,myntra,2026-09-01 00:32:19,5,very very excellent app good products with good quality and affordable prices,
play_myntra_c9e33830-4c9d-48fb-9e11-a741e29a0b25,play_store,myntra,2026-09-01 00:32:16,5,"⭐⭐⭐⭐⭐ Myntra is one of the best online fashion shopping apps. It offers a wide variety of clothes, footwear, accessories, and top brands at great prices. The app is easy to use, products are well displayed, and customer reviews help in choosing the right product. Delivery is usually fast, packaging is good, and the return/exchange process is convenient. Overall, I’ve had a great shopping experience with Myntra and would definitely recommend it! 🛍️✨",
play_myntra_619d248e-d869-4668-87c9-b66050d83f1c,play_store,myntra,2026-09-01 00:27:43,5,best app for shopping and discount,
play_myntra_cbc7abb5-71d0-4930-bed1-079ee4638f93,play_store,myntra,2026-09-01 00:23:30,5,Great app for women fashion accessories and clothing purchase.,
play_myntra_15708739-0250-4096-af0d-5462815a489f,play_store,myntra,2026-09-01 00:08:38,5,one of the best app for the shopping you can get the genuine products here,
play_myntra_58d5548c-e2b8-48de-95bd-2a44fba37f36,play_store,myntra,2026-08-31 23:53:41,5,We can trust on quality of product .. fast delivery... everytime makes me happy.,
play_myntra_f57ae6e1-9358-43fe-84f2-9817bb3e1818,play_store,myntra,2026-08-31 23:52:30,5,best things with best price at every time.,
play_myntra_a85316b1-f492-4828-a8e9-b48fe264aa6d,play_store,myntra,2026-08-31 23:52:23,1,Now giving one star because received product with hard tag or security tag intact... how am I supposed to get it removed.. customer care agent said she can't help... how am I supposed to use that product,
play_myntra_12d8a3ec-2a69-4c3e-91bc-60b906482711,play_store,myntra,2026-08-31 23:46:03,5,best app for beautiful anarkaliss,
play_myntra_a28ef0c0-29c3-4a73-8f82-271a3024b0c2,play_store,myntra,2026-08-31 23:44:36,5,"superb application 👏 i appreciate it very much, happy customer 😀",
play_myntra_0e686907-f202-4074-a22c-dde5beefdf37,play_store,myntra,2026-08-31 23:35:32,1,"myntra Sent me used & different colour shirts and I raised return than decline return request myntra is now doing a fraud like a fraud apps in social media platforms ,after complaint they not able to return. This product was only 600 -700 if I ordered 5000 -6000 product than there is a risk of fraud because there was no cctv during packing time so there is no control of right product so I uninstalled Myntra because there is no trust no believe.",
play_myntra_9b939347-15a6-4a76-be3a-b7dd2daf54a3,play_store,myntra,2026-08-31 23:03:12,5,Nice Experience with Myntra!,
play_myntra_cfcf368d-4536-4446-b4e3-8257ca76f0dc,play_store,myntra,2026-08-31 22:53:24,1,if don't want genuine feedback then remove it from your website,
play_myntra_11299598-f6d0-4e81-b2f8-98c703757d8c,play_store,myntra,2026-08-31 22:49:57,1,not delivered 😭😔😔 product to my location main khud ja kr leke aaya hu myntra hub sri ganganagar se service achi nhi h,
play_myntra_0df63e4e-ddbc-4699-8132-b660f3a537a8,play_store,myntra,2026-08-31 22:41:21,1,very bad and nonsense app and services. not recommended to anyone,
play_myntra_d0b959a5-aed5-4f3a-8d2a-eff4e8addef7,play_store,myntra,2026-08-31 22:26:10,4,give more coupons to more purchase,
play_myntra_4af5163b-80f1-48ef-b863-591c33cb9130,play_store,myntra,2026-08-31 22:08:10,5,Superb very good for clothes,
play_myntra_3b00940e-bf9b-4a1e-a6f4-b1c458c962a5,play_store,myntra,2026-08-31 22:00:17,5,"Best app for Fashion shopping best offers and great deals, all branded and genuine products, wide range of brands available.",
play_myntra_4043d01c-796e-47c6-8395-e0db79ff26b9,play_store,myntra,2026-08-31 21:22:36,5,it is very glad to say that Myntra is very popular and favourite one's online shopping app,
play_myntra_33ddece5-864c-4c8d-ab2a-d83572f21324,play_store,myntra,2026-08-31 21:18:05,5,faisan karne ke liye best ofsan,
play_myntra_00c105c9-3a48-4599-aa1c-965fc3163aa7,play_store,myntra,2026-08-31 21:12:17,5,the bestest body wash i used ever fragrance is amazing just love the product,
play_myntra_70ad30ea-1df1-4869-aba7-4232ed58e6f5,play_store,myntra,2026-08-31 20:48:30,5,very nice app giving good discounts,
play_myntra_85a28122-3157-493e-8c66-e40ad3164a25,play_store,myntra,2026-08-31 20:42:02,5,myntra have all trending Pinterest dresses ywr,
play_myntra_879a8e61-1927-4d62-a18b-135545beb7a6,play_store,myntra,2026-08-31 20:39:11,5,good quality and nice fell,
play_myntra_c13e5a37-b819-4aa2-9ac4-a6be513bb620,play_store,myntra,2026-08-31 20:20:19,1,"Very very poor service. I have a very pathetic experience. It has high prices as compared to other websites and very delayed delivery. My 5 order was undelivered. They have the same situation like last year... No improvement. I am really very frustrated after using and trusting to order again. still no delivery.. The order status is showing in my city from last 1 week and no one cares to deliver it. I have already emailed you, but no response.",
play_myntra_8906cc6c-dbfa-451b-a3ea-6bd55e05a00b,play_store,myntra,2026-08-31 20:19:40,5,"I Myntra से मेरा ये पहला ऑर्डर था और मेरा experience काफी अच्छा रहा। Product बिल्कुल अच्छा मिला, quality भी उम्मीद के मुताबिक थी और delivery भी समय पर हो गई। First order का experience इतना अच्छा रहा कि अब Myntra से आगे भी shopping करने का मन है। ❤️",
play_myntra_70c6b00f-184a-42b7-a112-3fa972d56799,play_store,myntra,2026-08-31 20:19:34,1,coustomer care service is very very very bad . Messho's coustomer care is very good,
play_myntra_0af6997c-96b0-450f-b614-e156411ab17c,play_store,myntra,2026-08-31 20:19:28,1,"Since I cannot give 0 stars, I would warn new people not to order from here they will not deliver your order on time and you can't even see for yourself the location tag of your item and good luck with stupid AI if you are trying to reach customer care you will not meet human.",
play_myntra_ad8881a0-7361-412b-a986-5f7f15eeee57,play_store,myntra,2026-08-31 20:09:23,5,nice collection but please all sizes are available if it's possible,
play_myntra_c595cf32-f141-413c-ada1-3165315ae7c8,play_store,myntra,2026-08-31 20:04:22,5,very good app...giving money as coupon...was a best offer,
play_myntra_7d231870-752d-4bdf-ada8-6dbcad569d0c,play_store,myntra,2026-08-31 20:00:38,5,I like shopping with mantra because myntra product are good.,
play_myntra_6b357f3b-9ae1-4309-9afd-9df824c168ef,play_store,myntra,2026-08-31 19:59:28,5,"myntra app is best for cloths and products, I preferred myntra for all .",
play_myntra_481560ec-23d2-4792-847e-e5415cf0de9b,play_store,myntra,2026-08-31 19:53:18,5,it's too good the quality is superb and it keeps us warm,
play_myntra_ff403e4d-09b3-4e28-9e1d-afc5a7191811,play_store,myntra,2026-08-31 19:50:34,1,"MY ACCOUNT GOT DEACTIVATED WITH OUT REASON , PLEASE REACTIVATE MY ACCOUNT .",
play_myntra_784e3458-d9f2-4b17-9372-da8ba693b7f6,play_store,myntra,2026-08-31 19:47:58,5,"Good app,Large variety, smooth interface,easy returns and Exchange, Convenient delivery",
play_myntra_8d2bb97f-0db1-4797-893e-8c784e2fae1f,play_store,myntra,2026-08-31 19:47:43,1,this one star is myntra customer care service. limited options given in chat boat. not very happy with service. products are good but the supply channel is pathetic. today is delivery date still showing in transit after waiting for whole day.,
play_myntra_4412e467-f844-4439-9568-48eb1cd0418a,play_store,myntra,2026-08-31 19:42:05,5,product quality is very good,
play_myntra_a26bc038-8cbb-4d7c-99a3-27a1ec3cc797,play_store,myntra,2026-08-31 19:38:01,5,VERY NICE APP FOR SHOPPING,
play_myntra_4b440963-0a2c-49a9-86a9-d1811069f2e8,play_store,myntra,2026-08-31 19:31:58,5,Good and a variety of products available in reasonable prices...,
play_myntra_0e506bed-dedc-48d7-acc2-0c0d5862633e,play_store,myntra,2026-08-31 19:28:15,1,not delivering order on time worst company ever I saw,
play_myntra_1a8c2aa1-126c-42cd-8834-64b96b061ce8,play_store,myntra,2026-08-31 19:26:01,5,I love this app it has more product in affordable price and more coins too,
play_myntra_abb9fd04-fe91-4a12-bcc8-155af65cbe1c,play_store,myntra,2026-08-31 19:03:34,5,best app for online shopping. the offers are crazy 🤩🤩🤩,
play_myntra_f1d6bfe7-4aa0-42d3-a636-8beb2233a4b8,play_store,myntra,2026-08-31 19:01:00,5,"very good app with card discounts , coupon discounts etc. Good quality products delivered in a timely manner. Very good after sale service like exchange and very good customer service system",
play_myntra_c1dfa6c6-d7b5-47de-a34b-0a77c386786a,play_store,myntra,2026-08-31 18:58:03,5,good app and courier geniune product,
play_myntra_6b14ebcd-c361-48b3-b5a0-3d2bd66f0a35,play_store,myntra,2026-08-31 18:57:04,1,they block the account without any reason if you return the items. Very bad application and platform,
play_myntra_36db122c-c68d-46ac-ac15-466fa85a1091,play_store,myntra,2026-08-31 18:52:32,5,Quality TradeMarkS🩷💝💖with supremacy,
play_myntra_ddb8f83a-054b-4ee7-a603-5d4c2e0825a1,play_store,myntra,2026-08-31 18:51:59,1,very bad behaviour delivery agent,
play_myntra_255b91dd-d4b7-4cad-968f-33b1621c7a8d,play_store,myntra,2026-08-31 18:50:53,5,real super super fast delivery and actual product quality and quantity.....,
play_myntra_8d259a56-0f67-4051-a7bf-56d09634d9ab,play_store,myntra,2026-08-31 18:48:56,4,nice Prices affordable and nice quality,
play_myntra_f5ea737b-f99f-4a08-9d71-dc200c65299f,play_store,myntra,2026-08-31 18:48:31,1,I ordered 2 items bt received only one items and mayntra not accept my complaint,
play_myntra_e85dfba2-35bd-4ea0-b461-c55facecc6fa,play_store,myntra,2026-08-31 18:48:19,1,poor service order kch aur do aata kch aur hai size main,
play_myntra_9521f504-7f24-4b64-83fe-4c35986375ac,play_store,myntra,2026-08-31 18:45:40,5,I bought jeans it was awesome,
play_myntra_3796a605-34e7-48e8-af79-ac37e6ce7b8c,play_store,myntra,2026-08-31 18:23:56,1,"DO NOT USE THIS APP. 8/10 times they send you a completely different product, and the return pick up takes up to a month. If you're not available anytime during that time, bad luck. It will take another month for the delivery guy to come, and they behave as if it is the world's biggest inconvenience to fix their own mistakes! Also they sell products that are not available and I'm pretty sure that they are running some kind of money washing scheme.",
play_myntra_17a42cc0-cae3-4354-9094-e66bef74cee6,play_store,myntra,2026-08-31 18:20:23,4,Refund policy of myntra is excellent 🔥,
play_myntra_0b82244e-391d-4877-b084-90a4f50fc5a1,play_store,myntra,2026-08-31 18:16:18,1,very worst experience during shopping. I wanted to exchange the product I placed the exchange but due to their problem they didn't deliver the product and cancelled the order now the exchange window is also not there as the team wasted my exchange window period in raising tickets and not resolved then in time,
play_myntra_e7c35e7b-843a-49a2-8440-95c3ff180850,play_store,myntra,2026-08-31 18:14:30,2,price change as per the date of the month,
play_myntra_f914b0bb-3e00-4341-83d3-3156738406e5,play_store,myntra,2026-08-31 18:11:07,5,it's an amazing app for shopping I had good experience with it,
play_myntra_426090bb-cca3-401f-bb3a-dd8fbadee7ed,play_store,myntra,2026-08-31 17:54:50,5,i get amazing deals here just love it,
play_myntra_16848330-b3c2-4b18-93aa-a4e2a63a25ae,play_store,myntra,2026-08-31 17:40:02,1,"This is one of the most pathetic and disappointing experiences I have ever had with Myntra.My order was kept pending for 15 days, despite repeated follow-ups and complaints to your customer-care team. Instead of resolving the issue or providing a genuine explanation, Myntra simply allowed the matter to drag on for two weeks, wasting my time and showing complete disregard for the customer. What is even more unacceptable is that on the 16th day, Myntra cancelled the order. Very unethical",
play_myntra_7754c2ee-889b-495a-a468-2c67689fff11,play_store,myntra,2026-08-31 17:27:18,5,it's so good app to buy clothes online ⭐*5,
play_myntra_0371652b-2793-4416-b5e5-86f83008370f,play_store,myntra,2026-08-31 17:18:43,5,inki meera nam ki call receiver ne quaries solve krne ke nam pe timepass lga rakha hai,
play_myntra_d3ffce9f-dc8e-45b6-86a1-856994a26be3,play_store,myntra,2026-08-31 16:59:39,1,Horrible customer service. they will deliver wrong product and then refuse to pick it up and refund money. 2 hrs wasted and I am stuck with the wrong product since one month. they will randomly cancel requests. if u r willing to waste hours of your life for this.. plz use the app. Their delivery partners will enter ur apartment complex and never visit your house and leave after 2 hours doing god knows what. ordering from myntra is a personal safety issue as well.,
play_myntra_c5a81ce3-367b-4912-bade-485a798f390e,play_store,myntra,2026-08-31 16:52:16,4,love the app for clothing,
play_myntra_41145d24-e075-4bd2-a909-b5837c1cc7fe,play_store,myntra,2026-08-31 16:47:36,1,oder scam every time 😡😡😡😡😡,
play_myntra_7f1f55cf-4fe6-4cc9-9906-241f313ce7b6,play_store,myntra,2026-08-31 16:39:11,5,veri good application branded fashion,
play_myntra_38355f3d-c5e1-4af4-b18f-6f1f046cb3cc,play_store,myntra,2026-08-31 16:36:24,5,one of the best shopping app,
play_myntra_0b96fc20-de07-4c64-9c3f-030705e3b806,play_store,myntra,2026-08-31 16:27:09,5,I got comfortable trouser. and material is so soft. so thanks myntra for this order.,
play_myntra_97447548-f113-4693-95e9-36352e81c525,play_store,myntra,2026-08-31 16:26:02,5,product ar literally good,
play_myntra_c752c56a-5e36-4662-a370-ab0bcbd09989,play_store,myntra,2026-08-31 16:12:27,4,"i really like this, this app really give me astethic outfit",
play_myntra_deeb51d8-c2bf-4e83-97b4-9d18062b96aa,play_store,myntra,2026-08-31 16:11:25,4,fast and safest delivery app.,
play_myntra_1e84eb3c-b007-4c73-93a6-522d2ca1d95e,play_store,myntra,2026-08-31 16:07:44,5,Good Service And Fast Service,
play_myntra_1509a612-b3ea-4165-8189-d25fb540bf9b,play_store,myntra,2026-08-31 16:06:34,5,very good fast and the OG products..,
play_myntra_9518ae57-80e7-4838-9673-e66e80d34f46,play_store,myntra,2026-08-31 15:57:22,5,wow this is amazing because in this app their is cash on delivery,
play_myntra_92f217de-cbfc-465a-9dac-109d1efefa8d,play_store,myntra,2026-08-31 15:50:42,2,worstest app item which i ordered cancelled automatically,
play_myntra_448caa08-be32-4486-b37b-75508230d25b,play_store,myntra,2026-08-31 15:42:22,5,best app for online purchasing,
play_myntra_b420679f-6e95-4009-8a31-51b923c5921f,play_store,myntra,2026-08-31 15:40:56,4,a very prominent or vital for everyone in short a excellent experience,
play_myntra_cf8ab496-ce7c-4591-958f-8e7cf661b521,play_store,myntra,2026-08-31 15:36:18,1,not good at all myntra delay orders from past year not delivered from time to time. and now they show cash on delivery options when we try to order they don't accept cash on delivery and UPI why you disappoint me every time.,
play_myntra_34368715-b044-4db1-8432-2d39f8673c6c,play_store,myntra,2026-08-31 15:28:37,5,Item delivery is good and nice packing,
play_myntra_38aa8282-f720-48f5-b048-550e6237093a,play_store,myntra,2026-08-31 15:26:49,4,good product and delivery on time 👍,
play_myntra_eb4cfbf5-d4a6-41a6-af52-bf35cb3a2fc1,play_store,myntra,2026-08-31 15:15:34,5,super outstanding service,
play_myntra_3b8272ec-7959-4480-8780-1cbe1318179a,play_store,myntra,2026-08-31 15:02:30,5,I am ordering on myntra aap continuously & have the same product. quality wise on perfect. & I have so many offers. & discount. so I really very very happy. thank you so much myntra team.,
play_myntra_b620ab6c-cf56-48ae-b244-68c5d7d1b75b,play_store,myntra,2026-08-31 14:59:05,5,if you want Quality products..you can go for myntra 😌,
play_myntra_33fb3d59-f242-4047-b036-e0f3b40c0f72,play_store,myntra,2026-08-31 14:56:31,5,wow it's a wonderful app for shopping cloth and more it's really nice,
play_myntra_db5ae244-4e7e-4a1d-a93f-8160747bfc46,play_store,myntra,2026-08-31 14:54:09,5,such a good app for shopping. fast delivery fantastic free 🎁,
play_myntra_db0d839f-d8f6-434e-8fd8-06a2f6367a44,play_store,myntra,2026-08-31 14:46:54,5,Easy to use and best quality in clothes,
play_myntra_eee8fca0-787a-4651-ae5b-bce62e52353f,play_store,myntra,2026-08-31 14:44:11,5,Quality of the fabric n collection is great here,
play_myntra_7d08c27a-a569-4922-9f17-723965387846,play_store,myntra,2026-08-31 14:39:23,5,amazing and good shopping experience,
play_myntra_fd634df6-33d1-4050-a89c-362695e431fc,play_store,myntra,2026-08-31 14:36:54,5,Great products..fast delivery,
play_myntra_168ea33f-eb0d-43c3-8b3e-7036f16a27d2,play_store,myntra,2026-08-31 14:30:45,5,best app to get deliver quick,
play_myntra_51ebec9e-ae79-4844-8e93-2f964d79851c,play_store,myntra,2026-08-31 14:25:30,5,I USED MYNTRA FOR THE FIRST TIME AND HAVING GREAT EXPERIENCE IT GIVES MY OFFER EASY TO USE I AM GREATFUL FOR MYNTRA THANKS,
play_myntra_8d388324-60da-4291-a918-11c76b247ec0,play_store,myntra,2026-08-31 14:22:49,1,my order does not reached in 10 days,
play_myntra_7de3d47b-5586-4b21-a675-dca745818938,play_store,myntra,2026-08-31 14:21:45,1,mytra why I cant download you any personal dusman or wat..,
play_myntra_04480ed8-2ffe-4af2-9074-46e2ad85037d,play_store,myntra,2026-08-31 14:17:37,5,Very good features and nice apps,
play_myntra_b043d9ab-8d6e-440e-b167-ae1bd22d355a,play_store,myntra,2026-08-31 14:16:58,1,"never order anything from this app, I have order a shade, woh shade aaya nhi fir exchange me dala toh dusra shade aaya koi customer care contact karne tyar nhi hai ai se call horaha hai worst experience",
play_myntra_cc0a95ff-0b96-4bc6-9c65-763a98639569,play_store,myntra,2026-08-31 14:09:32,4,excellent product and reasonable prices,
play_myntra_698e9a2f-f9d8-4ff9-afee-76ec661380d7,play_store,myntra,2026-08-31 13:52:57,1,"I'm really disappointed . I ordered things from your app for almost 2 weeks, and made payment and still did not get my order. When I open the app to inquire from your helpdesk then the option is opening I wanted my package before 1 august but you really ruined my mood not delivered before it I don't want to give u any star but now I have to otherwise I wouldn't be able to post this comment 🫩🫩🫩🫩😤😤",
play_myntra_950b586f-6e77-4dfb-977e-c46c12f18b2b,play_store,myntra,2026-08-31 13:49:22,5,"I have been using this app from 5 years. It is easy to find out clothes , footwear accessories for my children - one boy and one girl, my husband, my mother-in-law and me too . for me it is quite difficult to find out extra small size but Myntra gives me extra small size too, no other apps no other shops could provide me the size with variety but I found my desired size with variety on Myntra.",
play_myntra_654532ea-2c87-4745-9550-87110d9fa0d3,play_store,myntra,2026-08-31 13:48:58,4,a very good app with better quality products,
play_myntra_d4cc488e-7a6f-4594-abc5-978094e01fd2,play_store,myntra,2026-08-31 13:37:19,5,"for me myntra is the one shopping platform which I used the most their services are like too fine and very fast, I feel this platform is more better than flipkart and Amazon and this one is whole real review from me. although I don't use this much of shopping apps but here i always grabs things in very low rate. 🫶🏼",
play_myntra_5eaaa314-f69d-470b-af20-1789a992a9db,play_store,myntra,2026-08-31 13:30:57,5,"The great App and Fast service, immediate response for every thing. Best of All digital marketing services Mintra is the first place",
play_myntra_40b6e726-4164-40f4-ab42-655ca27f4350,play_store,myntra,2026-08-31 13:26:17,5,Great app for latest fashion. 😍,
play_myntra_7727a42e-221b-4516-a2d7-1cae5de63877,play_store,myntra,2026-08-31 13:23:33,5,lovely product and service,
play_myntra_a4823ca6-2cdd-47f0-961c-95711e8ad6d9,play_store,myntra,2026-08-31 13:17:13,1,I ordered a snap up brand speaker and I received it used what should I do now. worst shopping app this is the second time this is happening to me,
play_myntra_a180e839-c0e3-444a-a64e-48bbfe2bb547,play_store,myntra,2026-08-31 13:06:52,5,Good quality product delivered to my home in a short time.,
play_myntra_75bb9dd5-99d9-40be-a0d8-42c95f6cb811,play_store,myntra,2026-08-31 13:03:08,3,I received heavily used clothes with strong perfume and safety pin pinned.,
play_myntra_4ae51904-ae0b-4b02-98f7-030604bb3d6f,play_store,myntra,2026-08-31 12:58:42,5,this is the best app to get best product in affordable price.its very useful & customer friendly. I also like the fast delivery services.,
play_myntra_5db505d3-549a-49e3-878a-5102156a2fde,play_store,myntra,2026-08-31 12:49:26,5,the quality of the clothes are,
play_myntra_0096a6e1-427a-49ab-b69f-f36d3ab26638,play_store,myntra,2026-08-31 12:31:54,1,bad shopping app i ever saw. My delivery date was on 27 th August i didn't receive product after 31 August. Bad customer care. No responsibility for customers. Never buy from this app. very very bad app. Totally disappointed,
play_myntra_744011eb-84ff-48ae-81e2-02e0101766ca,play_store,myntra,2026-08-31 12:30:14,5,best experience with myntra,
play_myntra_a630efaa-f0e5-4cea-be0b-86df53fcaa9b,play_store,myntra,2026-08-31 12:28:34,5,"Myntra all times sail original product to customer,so I love myntra",
play_myntra_c65317e8-9d31-4d3e-9aa9-789773e0c065,play_store,myntra,2026-08-31 12:24:57,1,the worst shopping app ever.... your services have been horrible...they on purpose send u the wrong product....cheap quality and when u try to exchange they tell u exchage is on the way then last moment cancel your return and say return window has expired...and their customer service absolutely sucks!!! they do not respond at all saying all executives are busy....,
play_myntra_5a957742-91b1-42e4-96d3-5044427697e4,play_store,myntra,2026-08-31 12:11:34,5,myntra is best! i always find what i am looking for...many varieties,
play_myntra_d583ef1a-3826-4752-aa5f-2411d8daf2e9,play_store,myntra,2026-08-31 12:10:39,5,Myntra never disappoints....well satisfied with this...their clothing is just wow!!!,
play_myntra_1f3bb5c7-b859-43a4-a05b-1f3ed24b7e53,play_store,myntra,2026-08-31 12:07:45,5,excellent app quality products I Love it .,
play_myntra_3c4555a5-de98-433a-a698-1ac40dd4bfcb,play_store,myntra,2026-08-31 12:03:00,5,"Smooth, User friendly experience ✨",
play_myntra_7d09901f-f8dc-422e-a9da-e60dead4847c,play_store,myntra,2026-08-31 12:02:27,5,very nice experience and genuine quality products,
play_myntra_06fa49b7-6dee-4925-9b7c-8bdf563d331b,play_store,myntra,2026-08-31 12:02:06,5,good quality and genuine range,
play_myntra_b167b57e-143d-4ce2-a7b3-e85a487a74e0,play_store,myntra,2026-08-31 11:58:55,1,"Very poor customer service. My return pickup was completed, but the app still shows “Pickup Failed” and my refund is still pending. There is no proper customer support available when you actually need help. The “Call Me Now” option only connects to a voice assistant that gives irrelevant responses instead of connecting me to a real person. Extremely frustrating and disappointing.",
play_myntra_6f8e468a-f368-4b9f-ab1c-c33b84ddcbae,play_store,myntra,2026-08-31 11:56:47,1,"⭐ Very Disappointing Experience with Myntra I ordered a specific product from Myntra, but I received a completely different product. To make matters worse, the clothes I received were old, dirty, used, and had an extremely bad smell. I honestly cannot explain how disgusting the smell was. I trusted Myntra and never expected this kind of experience from such a well-known shopping platform. I am extremely disappointed and feel completely cheated.",
play_myntra_4114ae7b-16e2-4030-be91-074d52686577,play_store,myntra,2026-08-31 11:56:01,5,it's an good app provide good product compares to other,
play_myntra_8d529f4e-4cf3-40a6-b9b0-8926d4fd5323,play_store,myntra,2026-08-31 11:55:25,5,this is a great shopping app 😍,
play_myntra_7db1227b-f511-413b-9c1d-57a41d48b6ed,play_store,myntra,2026-08-31 11:39:24,5,Excellent customer service,
play_myntra_3b77168e-65e6-45bc-a6a8-4470df46b67d,play_store,myntra,2026-08-31 11:36:18,5,"Myntra is one of the best shopping apps for fashion and sportswear. The collection is great, prices are often reasonable, and delivery is usually fast. I also like the easy-to-use interface and variety of brands. Overall, a reliable app for online shopping. Highly recommended!",
play_myntra_b578fadd-3fc9-4d99-99fc-26cfbe8f81e8,play_store,myntra,2026-08-31 11:23:57,5,best app for best products. 💗,
play_myntra_7cd0f778-9074-438e-99bf-dcb9639d99c8,play_store,myntra,2026-08-31 11:16:54,4,very good quality material,
play_myntra_cd798fa4-e14b-40af-9bee-9e00ea7b10dd,play_store,myntra,2026-08-31 11:14:36,5,good service and timely delivery,
play_myntra_dfe475c7-cefa-47af-b21d-cd4cd0b9bb43,play_store,myntra,2026-08-31 11:14:11,5,Good Shopping Experience through Myntra.,
play_myntra_2907ff87-7f49-466a-9a41-c18cc10dc61b,play_store,myntra,2026-08-31 11:02:36,5,"I ordered CAVA tights by mistake in the Extra Tall length, but I actually need the Tall length. Usually, refunds and returns take some time, but I’m really happy to see that Myntra also provides an exchange option. I can receive the correct product while returning the wrong one, with no extra payment if the price is the same. You can also let customers exchange it for any other product of the same value. This is such a convenient feature. Great service, Myntra! Thank you! ❤️",
play_myntra_0f6c93a7-4501-4417-9238-80357889a83f,play_store,myntra,2026-08-31 11:00:50,5,nice app and very good app,
play_myntra_af712f9c-90cb-4a3f-b676-7495ecabc11b,play_store,myntra,2026-08-31 11:00:09,5,This app is so so good. On my first purchase I got heavy discount and the dress is also comfortable and pretty.,
play_myntra_b1ebfb60-156b-48ef-83cb-88164ec55cd1,play_store,myntra,2026-08-31 10:59:34,5,good experience and good quality and also speed delivery,
play_myntra_8b0152ea-dca1-4cf0-9ed0-0ef02e350ec1,play_store,myntra,2026-08-31 10:46:56,5,good and in time delivery,
play_myntra_99ea2828-b09b-46ad-801e-a7cf85946174,play_store,myntra,2026-08-31 10:42:03,1,"They used to be so good with delivery and speed.Now they delayed the order after several days from delivery date they promised which is even 7 days and they still don't deliver in that period.Earlier they used to deliver products 1-4days max,but now even after 7days reschedule the delivery and doesn't even mention the reschedule date that's the level of confidence they have in their delivery partners.Flipkart & Myntra both have pathetic customer service just automated useless menu no real humans",
play_myntra_8ce9a6d6-6c0d-416a-a0df-6ea9d6e4b272,play_store,myntra,2026-08-31 10:37:56,5,good quality with affordable price.,
play_myntra_eaa45712-9caa-4823-b890-b9b64b0fe7ca,play_store,myntra,2026-08-31 10:32:33,5,gud app on buying clothes,
play_myntra_8f7ff22a-0728-4ba8-83c2-8736f860df79,play_store,myntra,2026-08-31 10:27:06,5,product quality is very good. As other platform every product is genuine price. packaging is very strong. I recommended to all if u searching for right product you must come here. 🙏🙏🙏,
play_myntra_ba604cb0-4c36-4322-b1fd-c15834ecf7df,play_store,myntra,2026-08-31 10:21:31,5,"There are so many apps from where we buy, but Myntra is different. East or West Myntra is the best👍",
play_myntra_3932cac7-58f1-49b7-934c-fd8eb4d4ac1d,play_store,myntra,2026-08-31 09:55:31,5,better experience I like it,
play_myntra_b1c6194d-e317-4555-952b-461fd2a6691e,play_store,myntra,2026-08-31 09:55:13,5,Very nice products and quality,
play_myntra_1b70b56d-0b6b-44c5-afee-98fcd9ed1aa6,play_store,myntra,2026-08-31 09:48:08,5,shopping experience is smooth on Myntra 😍,
play_myntra_62b93714-a2de-4e71-b3c4-d4613003bf0d,play_store,myntra,2026-08-31 09:45:25,5,best app in this universe 🙏😀,
play_myntra_27cccd6c-f756-4fe6-9bc6-494ca59e16f5,play_store,myntra,2026-08-31 09:35:08,1,"Very disappointing customer service. I received an unused product without the required plastic tag, and now I’m unable to exchange it because the tag is missing. The tag was not provided with the order in the first place. What’s worse, there is no proper or easily accessible channel to raise and resolve such complaints. Customers shouldn’t be penalized for a mistake at the time of delivery. Very poor and unfair experience.",
play_myntra_a730cd25-829c-4549-bdf7-e3d385295f7a,play_store,myntra,2026-08-31 09:19:40,5,better quality product and speedy delivey.. I like myntra❤,
play_myntra_b0ecfde9-e220-40a9-8d33-cf3b7cd30a8e,play_store,myntra,2026-08-31 09:15:00,1,"wrosst happen with me i dont trust the app again , mera order kisi aur ko de rhe hai atleast refund to kr do paise return krdo bhai i lost my 1500 rs guys seriously they are joking with me mere 2 parcel prepaid wale kahi aur chhod diye inhone customer care se baat krne ka bhi koi mtlb nhi h me to 0 star dena chahti thi reviews likhne ke chakkar me i give it 1 star, literally i know its a big platform, i also liked it but they made me to hate their own app,i really disappointed with you myntra 💔",
play_myntra_a81ede62-ef8a-4a21-b66a-08eb2b674cdb,play_store,myntra,2026-08-31 09:08:27,1,very bad delivery experience,
play_myntra_a3deeeee-4017-4fa8-b59b-4803fdadc800,play_store,myntra,2026-08-31 08:55:26,3,Costumer care 0% delivery too late but cloths are good,
play_myntra_7f60edec-d631-4969-b288-83f73cea41bf,play_store,myntra,2026-08-31 08:54:17,5,Bahut hi acche product milte hain jnha se,
play_myntra_6e61b991-9710-448d-aba4-92883fbc6163,play_store,myntra,2026-08-31 08:51:08,5,where the platform give you original brand deals with good price and additional offer,
play_myntra_f39a628b-33d4-41ce-bfdc-0f8c8e82758a,play_store,myntra,2026-08-31 08:50:38,5,wonderful fantastic mind blowing,
play_myntra_f4852951-2091-4fdc-9731-086f7e5555bf,play_store,myntra,2026-08-31 08:34:30,4,"great app, mostly authentic products. love shopping on myntra..",
play_myntra_c67d6d1c-f2e2-4265-b25f-b1b8d012b639,play_store,myntra,2026-08-31 08:29:36,5,great and good product are sold here,
play_myntra_0f4a6055-8299-4586-9048-36b87bdfc719,play_store,myntra,2026-08-31 08:14:28,5,👍😊 best product hai myntra ka,
play_myntra_61974556-43b5-49a6-9581-cb76e308da13,play_store,myntra,2026-08-31 08:03:38,1,very much amount deducted when return,
play_myntra_5da64662-16f7-4f12-b29f-57f2d6f8d693,play_store,myntra,2026-08-31 07:50:16,4,These app platforms charge more.,
play_myntra_61b6e753-9758-43e1-b7f7-6983ac139a4a,play_store,myntra,2026-08-31 07:35:37,5,love how they come with new offers,
play_myntra_65907bd2-d47d-4b1c-8f73-dafa62dc7e5e,play_store,myntra,2026-08-31 07:33:02,5,Myntra complete turnaround in positive way. pahle se bahut better,
play_myntra_7717b38c-1e22-432e-9fa2-79395d9479ed,play_store,myntra,2026-08-31 06:54:36,5,this is very good app for shopping,
play_myntra_53e3668c-4f4b-462f-9cbd-83bd99301001,play_store,myntra,2026-08-31 06:53:47,1,"Very disappointed with Myntra. I received a T-shirt with extremely poor quality, and it is definitely not worth the price. I tried requesting a return twice, but both return requests were cancelled without any proper explanation or resolution. I clearly want a refund, not a replacement, but the return process has been extremely frustrating. Myntra needs to improve its return support and actually resolve customer complaints instead of cancelling requests",
play_myntra_267133ab-9991-4e7e-ba64-cac62da76e9e,play_store,myntra,2026-08-31 05:39:12,1,bahut high price Hai install Karo bekar hai,
play_myntra_963e7e65-5e8d-4689-b1be-89bbf84be724,play_store,myntra,2026-08-31 04:49:15,5,found best deal and fast service.,
play_myntra_4876cc34-a59b-43ab-ad18-536036f67bd3,play_store,myntra,2026-08-31 01:51:26,5,Best online shopping app❤️✨,
play_myntra_a9984ae5-36f6-4021-9eff-da2e2b66bd3f,play_store,myntra,2026-08-31 00:55:15,1,i ordered for my birthday and They delayed the delivery and blame us by saying order rescheduled as per my request without my notice poor service,
play_myntra_70ba942d-1d02-461f-8837-fbf7db79f5c4,play_store,myntra,2026-08-31 00:46:56,5,One of the best shopping apps with a great UI ... only problem is please reduce platform fees.. it's too high,
play_myntra_101fcf09-f482-4b15-9274-d286b4ca00a1,play_store,myntra,2026-08-31 00:30:18,5,best app for shopping of branded clothes,
play_myntra_5b9902f0-a61e-49c4-a603-b8aaa3353134,play_store,myntra,2026-08-31 00:28:53,1,product quality very bad. I exchanged once and the quality was even worse.then after 2 days my account was closed.😡 Now It won't let me log in.,
play_myntra_3ee0bd97-8a6b-422a-8c61-8bfb3177a783,play_store,myntra,2026-08-31 00:14:00,5,"Had a great shopping experience with Myntra! The app is easy to use, there are lots of amazing fashion options, and the ordering process is smooth. The product quality was good and the delivery was also on time. Overall, a reliable platform for online shopping with great offers and a wide variety of brands. Highly recommended! 😊🛍️",
play_myntra_d892787f-2077-4a1d-8b96-00f7330248b3,play_store,myntra,2026-08-31 00:12:47,5,love this app easy to use and very good offer's,
play_myntra_42570613-7ed0-453d-9f78-feb1a8fe701f,play_store,myntra,2026-08-31 00:09:05,5,very good and eco friendly and genuine product,
play_myntra_65ac1d6d-ded7-4a88-912b-01408a939ef9,play_store,myntra,2026-08-31 00:07:50,5,good quality products at reasonable prices,
play_myntra_8be444af-effd-442e-861d-f55f273b9698,play_store,myntra,2026-08-31 00:01:50,1,"froud app hai, koi support nahi milta. delivery boy order khud deliver karke product rakh lete hai aur complaint karo to kahte hai sir item deliver ho gaya hum kuch nhi kar sakte. sab froud hain company bhi aur myntra ke delivery boy bhi .",
play_myntra_50830baf-e2a1-4e20-be60-ffc0d280bdad,play_store,myntra,2026-08-30 23:51:14,4,"Bye Bye Myntra , Thanks for all the services so far .",
play_myntra_f71b39b0-59b8-49d9-af40-28e028aa5606,play_store,myntra,2026-08-30 23:19:06,5,"Myntra has been one of my best online shopping experiences! Fast delivery, reliable delivery partners, great product quality, and a super smooth return/exchange process. Everything feels convenient and hassle-free. Compared to AJIO, which has been one of my worst experiences, Myntra is far more reliable. Other apps are good too, but Myntra definitely stands out for its overall service and customer experience. ❤️🤞🏻🍀",
play_myntra_bd75c865-cfb9-490f-a755-fa2bae23f0b2,play_store,myntra,2026-08-30 23:01:28,1,mujhe different product de diya or return v nhi kiya the bear house ka polo tshirt tha myntra se ab kavi shopping nhi krunga,
play_myntra_02b4d2d9-453e-4e36-8282-1b553f854ab8,play_store,myntra,2026-08-30 22:59:50,5,"very fast delivery. the material super cotton with Indian motif,a must wear during Indian summers",
play_myntra_b4a527d8-ade8-40d3-8239-018165094400,play_store,myntra,2026-08-30 22:47:59,5,very good app for shopping with extra offers and low price with good quality product,
play_myntra_054093b4-8452-40ff-b9a4-c8eb35011749,play_store,myntra,2026-08-30 22:42:21,1,"I had a really bad experience with Myntra while trying to return a product. I ordered a dress, but I received the wrong product. When I tried to initiate a return, the pickup date kept getting postponed every day. I tried contacting the Help Center several times, but my calls were not answered, and for some reason, I was unable to get any proper assistance or response. Now, I am being told that they cannot help me with the return because more than 7 days have passed. But how is this my fault?",
play_myntra_049d8bc2-ec8e-46ce-a7e5-6f0fad9af240,play_store,myntra,2026-08-30 22:38:18,5,great deal 🔊 with good products and genuine products .....,
play_myntra_184304b5-20d4-424b-8b24-281f129773ad,play_store,myntra,2026-08-30 22:34:52,5,nice app my rakhi delivered in 1 day,
play_myntra_b1719460-5a5c-45ff-a6fd-c20d350d2faf,play_store,myntra,2026-08-30 22:32:26,5,Best Ecom Platform for this Generation.,
play_myntra_967a8702-3115-4bf1-ad19-05ab6bfdb1df,play_store,myntra,2026-08-30 22:18:37,5,deals on here are fabu-mazing !!,
play_myntra_5704780c-e53b-4dc5-87e3-10592035c26f,play_store,myntra,2026-08-30 22:12:39,1,3rd class delivery service by myntra and ekart🤡. I purchased some products in a lower price. My order reached to the nearest hub before the delivery date. But they kept it there about 7 days. They made zero delivery attempt and cancelled the order; they didn't even clarify the exact reason. Their response : Delivery of your order has completed its maximum attempts of 0 and unfortunately we cannot re-attempt the delivery. What the ....? Now the price of the product is been increased🤡,
play_myntra_b0f73db3-f6e6-4f04-94d7-ad3c6d16648a,play_store,myntra,2026-08-30 22:11:48,5,best app and quality of products amazing every time i purchase something my response always 4aur 5 rate,
play_myntra_742f403d-270d-4cf0-8fda-e2740aecfa5c,play_store,myntra,2026-08-30 21:55:55,5,Always Genuine products delivered by Myntra...Thanx Myntra team,
play_myntra_9592b76e-04fc-4404-a6cb-76a59cec4a78,play_store,myntra,2026-08-30 21:54:10,5,product quality very good,
play_myntra_bd6be621-467e-48b2-a302-3d9b8c005291,play_store,myntra,2026-08-30 21:51:12,5,best quality product on myntra,
play_myntra_9af1d57f-73bb-4b95-8e9f-f04eb4e8fd29,play_store,myntra,2026-08-30 21:50:57,5,good product as well as service,
play_myntra_d980295e-4db9-483b-a1f8-7015b5ae83b6,play_store,myntra,2026-08-30 21:47:27,5,really best quality and price,
play_myntra_1cf7e612-3bfd-43e1-aeac-6bb9da7b9f3f,play_store,myntra,2026-08-30 21:32:48,3,aap return charges q lete hoeverytime favorite but please change the return policy where deduction of 50es,
play_myntra_ce3ae5a1-9e14-45c6-a1ee-f9d46cb03664,play_store,myntra,2026-08-30 21:23:03,4,it was a great experience,
play_myntra_6b0c9a70-1dbe-42c0-9d89-8414ece617e6,play_store,myntra,2026-08-30 21:14:17,5,my favourite shopping app❤️,
play_myntra_5634d8bf-eb56-40c1-8b82-5b95842eb059,play_store,myntra,2026-08-30 20:47:16,1,app is very slow recently..not able to browse for products,
play_myntra_b3e8e496-48af-4db8-bb34-038efeedcdb7,play_store,myntra,2026-08-30 20:42:00,5,wide options with lots ok likes.,
play_myntra_8812e338-38ff-408b-8333-336bf758ca78,play_store,myntra,2026-08-30 20:39:13,2,Customer support so bad. it's been 7 days since order no proper tracking and no way to ask questions.,
play_myntra_c544de3f-47dd-4b27-ac11-856576e9e01d,play_store,myntra,2026-08-30 20:25:25,5,it's sarvice is very good,
play_myntra_ebb7f3ad-05fe-4e26-ab30-f9f8be1012ae,play_store,myntra,2026-08-30 20:20:33,1,This app is like an online scam centre. They will deliver wrong products to you and then you have to keep fighting for your refund.,
play_myntra_b97cdfdb-46cf-4300-8bf9-e8d2a5ae09ed,play_store,myntra,2026-08-30 20:13:00,1,please change your delivery partner. such pathetic service.,
play_myntra_c30b0776-fd6e-4076-8fd5-d5a6c5d0a100,play_store,myntra,2026-08-30 20:03:04,5,easy comfort and good product,
play_myntra_7b383913-c32f-4027-ae14-1487d0a51edd,play_store,myntra,2026-08-30 19:59:32,5,genuine products available here,
play_myntra_f234b246-4f07-4dd2-b6c3-1d5b81f3b66b,play_store,myntra,2026-08-30 19:58:24,5,"Myntra is one of my favorite shopping apps because it offers a great collection of trendy clothes, footwear, accessories, and beauty products. The app is easy to use, the products are well displayed, and the delivery is usually smooth and convenient. I also love the variety of brands and regular discounts. ❤️ Overall, Myntra makes online shopping simple, stylish, and enjoyable! ⭐⭐⭐⭐⭐",
play_myntra_5b09afbf-cdcf-41f7-b132-1720922efadb,play_store,myntra,2026-08-30 19:51:02,5,very fast service and reply,
play_myntra_88133f32-a547-40d7-a092-9551f5eaa077,play_store,myntra,2026-08-30 19:44:39,1,mtyra ka delivery ajent mujhe 2 din se order nhi delivered kr raha hai or customer se bhi bat kr ke koi farak nhi pr raha hai or wo khud apni mtyra company ko pagal bana raha hai fake attempt dikha dikha ke or mtyra mujhe refund bhi nhi de raha hai na cancal kr raha hai mera order,
play_myntra_441fe141-0ae9-44fb-a648-2a8be020b8a9,play_store,myntra,2026-08-30 19:43:21,2,Their Glam clam is literally SCAM. The moment you upload your photo they will take years to approve it so that you don't get a commission or any reward. Such a scam platform. Those morons reply here but when you email them they don't even reply...🙄,
play_myntra_c5ce09b2-b566-4588-9e70-60214f5660b6,play_store,myntra,2026-08-30 19:34:36,5,"Bought many products through out the years,great customer service in all aspects.",
play_myntra_4d4d96be-f236-4b49-84e7-00cf41c8c4ae,play_store,myntra,2026-08-30 19:23:14,5,always very good quality product,
play_myntra_1fff790e-3e33-45bd-adc7-c60f32f02dac,play_store,myntra,2026-08-30 19:12:47,5,such a great app for online shopping 🥰,
play_myntra_f75f8de7-2157-49c9-b8c0-2b84ecb61e21,play_store,myntra,2026-08-30 19:06:17,5,very useful app i love it,
play_myntra_8e1ca3fb-b961-4023-a47d-08d5bc0148f1,play_store,myntra,2026-08-30 19:05:10,5,amazing app for buying clothes,
play_myntra_6c7370ec-e2c1-4f94-80ff-b19a97a4b20d,play_store,myntra,2026-08-30 19:00:26,5,really nice aap. smooth to use I love the exclusive brands over here love it .,
play_myntra_e84206bf-a002-4f42-b77d-f702efb06478,play_store,myntra,2026-08-30 18:52:33,5,very good app more variety,
play_myntra_542f1fa9-8d01-458b-a9d0-aab773a957ad,play_store,myntra,2026-08-30 18:47:50,5,Overall a great experience with good authentic products and much faster delivery than the rest of the apps .,
play_myntra_73f12f46-9b5c-4146-b7cb-1cc6df6c807c,play_store,myntra,2026-08-30 18:36:40,1,fraud app showing refund in they app but not received in my phone pay 4000 rs worst app,
play_myntra_fac9cbd6-bc85-452e-a0ec-19606a66d480,play_store,myntra,2026-08-30 18:32:44,1,"I got been scammed I ordered a tshirt of 250 rupees but it didn't deliver at me and in app it's shown order delivered, don't download this very disappointed ☹️",
play_myntra_df1b555d-89c7-4586-8cf6-ffb42c7e165e,play_store,myntra,2026-08-30 18:32:27,5,"i don't know many more about this platform but first' time i ordered something I get better Even bestest experience, fast delivery like and very humble delivery guy",
play_myntra_afdab4a0-59ce-4fac-a2a2-d841b7d383e0,play_store,myntra,2026-08-30 18:22:33,1,"you cancel order without even letting the customer know, use ai products which completely differ from the original and very delayed delivery and then you dont even connect us to an agent like what the hell myntra",
play_myntra_83b00885-4f31-4242-acf3-0c29120c3184,play_store,myntra,2026-08-30 18:17:09,1,23 inr platform fee is insane,
play_myntra_91567a03-14f6-4b83-90f2-e55a1f4c6f4f,play_store,myntra,2026-08-30 18:16:10,4,This app give more offer then other apps 🙃,
play_myntra_b68c9456-b847-4428-83ee-fdd8571864ba,play_store,myntra,2026-08-30 18:13:46,5,I m really happy with my myntra experience ❤️❤️,
play_myntra_5e291c57-3e8b-48e6-a18b-4f85a159ce8a,play_store,myntra,2026-08-30 18:13:12,5,very nice app and original product I recommend everyone buy from Myntra,
play_myntra_794c825e-b3e8-434d-bd89-27a257ffe1e7,play_store,myntra,2026-08-30 18:13:05,5,Long live Myntra....go ahead with affordable service and price.Delivery date must be fixed to adjust ourselves.provide some coupon code on mobile and mail to enhance service🌱🌿🙏🚩🇮🇳,
play_myntra_6ba95405-f520-47d0-a285-2d6b38407898,play_store,myntra,2026-08-30 18:07:48,5,such a nice App....just loved it,
play_myntra_ee016f81-ab65-4cdf-9967-41738b521c4d,play_store,myntra,2026-08-30 18:04:28,5,good app for better shopping..,
play_myntra_765265d8-9095-4b04-bdb9-0c9366079ca2,play_store,myntra,2026-08-30 18:02:24,1,the app has a cutomer support bot and no actual person there to handle issues. i got a parcel marked as delivered but no actual delivery was made and since there is noone to actually contact and the bot doesnt understand the problem there is no direct redressal method for me.,
play_myntra_8a6e6a0b-8967-4a34-9f72-7bacad457ff8,play_store,myntra,2026-08-30 18:01:03,5,this is the best shopping platform with good brands with good discounts,
play_myntra_e5930726-b526-4ce4-89b9-0b8ae1a16fd9,play_store,myntra,2026-08-30 17:58:18,1,myntra has become fraud now..... don't purchase anything..... playstore plz provide minus star option as well,
play_myntra_dc3ca803-178e-4df1-b916-91bb26fa54a1,play_store,myntra,2026-08-30 17:56:43,5,product quality is best all time,
play_myntra_1f3a2017-5d78-44cc-9c24-6629721bd203,play_store,myntra,2026-08-30 17:51:41,1,Myntra for no reason has deactivated my account and I'm unable to reach the customer service,
play_myntra_2d7e8804-08f6-459b-bba5-5004bdf00ba3,play_store,myntra,2026-08-30 17:51:15,5,very nice online shopping aap trusted app,
play_myntra_ef1b4dca-092b-406e-8bc2-1e46a7aa62f5,play_store,myntra,2026-08-30 17:41:03,5,so tuff. join the council,
play_myntra_411c7e4f-db49-4a9a-9cdf-354909e73d51,play_store,myntra,2026-08-30 17:40:21,4,good service and quantity products,
play_myntra_733fbc89-a53b-46c0-9212-dba48f0f7bb0,play_store,myntra,2026-08-30 17:35:42,1,"I am extremely disappointed with the service regarding my order return. The delivery agent refused to accept the returned watch, alleging it is not genuine. Since I am returning the exact item delivered to me by Myntra, this rejection is unacceptable. Please resolve this discrepancy immediately and process my return.",
play_myntra_6f165da9-5e2b-455b-be65-ef4cc7fe1688,play_store,myntra,2026-08-30 17:21:33,1,SCAMSTERS and Fraudster ..collided with EKART Logistics Team and Marking Prepaid Orders as Delivered without delivering to customers..If we ask proof they are telling Internal report we can't share..,
play_myntra_94b8b992-1d52-4a95-9ed1-8b9ef29ddb37,play_store,myntra,2026-08-30 17:11:39,5,"Premium quality at affordable prices. I recommend this app better than ""AZ-FLP-MSHW-¹CRY, etc.",
play_myntra_ced60c79-fa46-407c-90af-cf7ad145f783,play_store,myntra,2026-08-30 16:57:10,1,"worst app, poor packaging and forcing me for for review",
play_myntra_ea3afa44-f185-4bf4-8e5e-f56618045179,play_store,myntra,2026-08-30 16:55:54,4,best shopping app this app is best fashion dress,
play_myntra_e7c4d9d2-f32f-4069-bc97-29b49148c25d,play_store,myntra,2026-08-30 16:55:46,5,i am Fully satisfied with myntra app,
play_myntra_5e3b1acd-0802-4854-ab35-f6026ee7859a,play_store,myntra,2026-08-30 16:53:24,5,"best app ever i have found in my life fast delivery,best quality and also I can earn myntra cash yeahh it's sooo amazing please install guys best quality found hear ,,,, men ,women child ,home , makeup, footwear everything is soo nicee please guys keep exploring... here you'll find your best fit. .. I love to shop on myntra we just love this me , my friend and my family also we love myntra.",
play_myntra_06244f58-37bd-40f3-8d07-c159b7304400,play_store,myntra,2026-08-30 16:51:42,1,don't buy from this app worst not giving any seal tag on order and if I exchange it they are not accepting it,
play_myntra_73ab9e22-acf2-4121-96f2-0ae654a85304,play_store,myntra,2026-08-30 16:42:27,5,very good products and dilvery on time,
play_myntra_0746251c-1264-41f1-91ac-23f27b4ba9a7,play_store,myntra,2026-08-30 16:37:06,5,beutiful product and best service 💫✨❤️,
play_myntra_148fca7b-b982-4017-bc22-102c57407774,play_store,myntra,2026-08-30 16:35:03,1,Don't purchase anything form this platform the return policy is very worst and their customer care support are always misguided and not giving the proper solution. and they apply many charges as much as they can.,
play_myntra_5da093e6-402c-4fb7-ab16-afa5e3190073,play_store,myntra,2026-08-30 16:31:14,4,it's too good for shopping,
play_myntra_6e7fc1e8-0f8e-4eaa-b52a-09d323b8f516,play_store,myntra,2026-08-30 16:29:53,5,good at fast delivery and customer support,
play_myntra_d49ce266-8dd2-48ed-a158-acdc02fe7217,play_store,myntra,2026-08-30 16:26:06,5,best fashion fub for gen-z,
play_myntra_86ab6ccc-9016-4835-a996-1e27cc7a1d4c,play_store,myntra,2026-08-30 16:21:21,1,"myntra is putting an advertisement for a part time job on Instagram Facebook and later assigns some online task , later divert to telegram and ask to pay the amount in name of online tasks, later the amount invested is too high more than 20K, people cannot withdraw their own amount.. I raised query on Myntra but myntra is not giving the resolution instead my issues are closed and deleted from myntra.. I want to aware all the people not to trap in their advertisement and invest single penny..",
play_myntra_31ea746b-1d69-4025-8a75-fb0288361812,play_store,myntra,2026-08-30 16:17:57,5,best application for quality product 😍😍,
play_myntra_ce10c021-5445-4b0b-a786-31a0469c0557,play_store,myntra,2026-08-30 16:10:15,5,Good App for product and give good service,
play_myntra_4747f23b-17e8-4cfc-99db-7c7357ee6978,play_store,myntra,2026-08-30 16:06:25,5,"Platform experience is great, all item in properly organised and filter show accurate results. But they charge 🙄 for experience. its more than Ganne ka juice glass. 🤭",
play_myntra_c9742e4c-6973-4845-a5a0-9ed4889de7a8,play_store,myntra,2026-08-30 15:58:08,5,"making people fool.. tax calculates when you checkout... tax calculated on mrp, not on discounted price...",
play_myntra_45206fcc-c3e7-40fd-9767-c70032babfcc,play_store,myntra,2026-08-30 15:56:53,1,don't use this app infact meesho is 10x better then this useless customer support.. they'll send untide tag and then they'll only reject returns... rubbish very very bad customer service.never ever recommended app. with two unwanted dress m holding with me useless.,
play_myntra_81ae67b2-3330-4db2-946a-c83c80df57c8,play_store,myntra,2026-08-30 15:53:18,5,there are such too many brands with best budget you can buy in your budget,
play_myntra_125cec76-69f9-4aae-8010-dd95427ad2f8,play_store,myntra,2026-08-30 15:44:41,5,good but sometime not working,
play_myntra_49e9bd73-09de-4df4-8818-117540af655c,play_store,myntra,2026-08-30 15:24:56,1,"currently thus app not shoping friendly. my last order experience was very pathetic. received a packet with no seal or tag, even after accept return, amount not credited. when I visit help center they shows contact to your bank Branch. now am helpless...",
play_myntra_f7dbe3e7-3bbc-4883-ab2e-1318116036e0,play_store,myntra,2026-08-30 15:17:06,5,A good experience buying on Myntra Fashion,
play_myntra_2114740c-c4dc-4a73-8960-5fc7e453a8d9,play_store,myntra,2026-08-30 15:13:28,5,it's a very good app for shoping,
play_myntra_bc240569-e2ee-458a-ad2f-fd703c8c31b9,play_store,myntra,2026-08-30 15:07:46,5,"Good, Best Quality, Good service by myntra.",
play_myntra_18cb3709-1f49-4187-bfe4-625fb338779b,play_store,myntra,2026-08-30 15:07:19,1,Very bad experience. I insist everyone don't use myntra they will never accept there fault and will never resolve your query. I will suggest my each and every relative that don't purchase anything from Myntra.,
play_myntra_1b0d151c-69ef-4fdd-8f41-18090b395390,play_store,myntra,2026-08-30 15:05:57,4,everything that I order is of superb quality from this app,
play_myntra_b0c8431a-18bc-4207-b676-4719f3dc21ef,play_store,myntra,2026-08-30 15:04:31,5,very amazing and trustworthy aap,
play_myntra_d507bab9-ffae-46fd-9c43-a9b7e9bbe98a,play_store,myntra,2026-08-30 15:04:10,4,nice 👍👍👍 products are original and return and exchange facility is good 👍👍👍,
play_myntra_b1503ce4-8550-40d8-97ab-f2c628b0db7e,play_store,myntra,2026-08-30 15:03:24,1,now a days Myntra has been worse day by day,
play_myntra_e5063d6f-72bb-4cc5-aa27-ff527f35dbe7,play_store,myntra,2026-08-30 14:58:54,1,it is very disappointing experience.COD is not available.Payment option is not available,
play_myntra_344e5c81-2c37-4f8c-b83f-c769710a60ca,play_store,myntra,2026-08-30 14:49:53,5,"excellent product, keep it up",
play_myntra_518abdb5-462d-4b63-a579-f34944c95f60,play_store,myntra,2026-08-30 14:49:12,1,Don't buy anything in this app....fraud...fake damage product provide to me.... डिलिव्हरी टाईम पे नही... पहले ही इस्तमाल किये हुए.... फटा हुआ प्रॉडक्ट डिलिव्हर किया... जो भी मेरा Review पडेगा आप सभी लोगो को भी सलाह है अपने आस पास के दुकान yaa लोगो से सामान खरेदी कीजिए.... ऑनलाइन पर भरोसा ना करे specially myntra#,
play_myntra_24b3b9b4-50d2-49ec-9efe-8426b7b47c10,play_store,myntra,2026-08-30 14:48:46,1,"One of my orders shows that it has been delivered but it wasn't! When I raised a query after a few days it reflected that the issue has been solved! I had also initiated an exchange for another order for which we waited a week for and it automatically got cancelled without any intimation, when trying to raise an issue, it won't accept! Both the orders are prepaid and there is no refund.",
play_myntra_35a66cfd-7f53-4f4c-b809-0ac08240dd1a,play_store,myntra,2026-08-30 14:45:02,5,best app for buy any product👍👍,
play_myntra_176e7dd5-8ee8-42d6-b4f9-cf69d22251a1,play_store,myntra,2026-08-30 14:42:50,5,"very prompt & very consumer friendly,easy & convenient. I'm very happy!",
play_myntra_84a3b92c-4588-4be3-a458-a28ee8292bdb,play_store,myntra,2026-08-30 14:31:21,5,it is the best app for shopping,
play_myntra_fd96b576-94e6-4469-902b-0cf4eafec846,play_store,myntra,2026-08-30 14:23:09,5,Myntra always have wonderful things and great quality no doubt,
play_myntra_8a23d163-9f2f-42b7-b5b7-dfd976d26552,play_store,myntra,2026-08-30 14:21:29,1,"worst service provider ever took money but didn't deliver the goods and when I asked for status they say we have done ""investigation"" and keep closing the complaints even though I didn't get the solution and when I asked what kind investigation is done the standard reply i get can't share the details 🙄 what kind of service is this",
play_myntra_9e8a11fe-9fb9-41a5-b104-c28c1a9d1caf,play_store,myntra,2026-08-30 14:20:50,5,i am really like the product myntra is my favourite app,
play_myntra_890174dc-5e4a-48f8-ac2c-b78ba6fcdfb0,play_store,myntra,2026-08-30 14:19:18,1,"iam very angry my rakhi not delever on time pls you also get the follow up why things return ,your delivery man not responding on call ,you didn't know about rakhi's feeling when it not reach on time ,my brother call and also watsup you but you never responded so I never choose rakhi online sorry",
play_myntra_0f5ed9bc-2373-4e1c-94d3-40d464744672,play_store,myntra,2026-08-30 14:17:25,1,my first experience in this app is so bad other delay my order from 3 days nad still not got me my order every time when I check they show tah dilevery failed we will attempt your order soon but they can't,
play_myntra_6644db98-7a22-486c-8cf6-ae701c310dc7,play_store,myntra,2026-08-30 14:09:36,5,was this app fast and responsive,
play_myntra_8d486032-bb0c-49f1-bb5d-7970f99e8764,play_store,myntra,2026-08-30 14:06:43,5,first of all i did not like to purchase clothes by online app. because I had some doubt about products quality and fake products. But Myntra change my thoughts 360 degree. I get good product and in very good price. totally value for money.,
play_myntra_1ef99042-2ba8-40e3-8f3d-208d132ea0d8,play_store,myntra,2026-08-30 13:57:13,5,For genuine and Quality products I prefer to go with Myntra..✨,
play_myntra_3112ce40-9455-4c27-b436-71c4f45aa792,play_store,myntra,2026-08-30 13:51:38,5,affordable price and Good quality products,
play_myntra_976a53a1-04fe-4dac-bdcd-2a82cb16913c,play_store,myntra,2026-08-30 13:42:28,5,good timing of delivery 👍🏻and product also good as per their price 👍🏻,
play_myntra_66fc1576-224e-49e5-a415-4cea5b659b87,play_store,myntra,2026-08-30 13:39:40,5,iss se aacha koi app nhi hai,
play_myntra_201b6017-922e-4e1f-b2eb-f6f1d18c600f,play_store,myntra,2026-08-30 13:37:04,1,"It was my go to app for ordering clothes before but recently I've been noticing its steady downfall. 1. Half the time the products do not match the images displayed, & more than 3 times now I've received products entirely different than what I ordered. 2. Local, cheap quality products are being sold under the name of big brands & I've been a victim of this twice now. 3. The app has rejected 4 reviews of mine, all of which talked about the horrible quality of the products. Disappointed, HIGHLY.",
play_myntra_d8f556f4-9dd9-4e88-9c25-e3e8aed6083f,play_store,myntra,2026-08-30 13:34:31,5,the products of the myntra really worthable,
play_myntra_5bb9b771-1745-4f48-a370-1ff717203c1a,play_store,myntra,2026-08-30 13:32:15,1,"Most useless return experience. No one comes for pickup, then they don't generate ticket no. Chat bot as usual useless and even customer care people sounds like AI. Are there real people working in support department?",
play_myntra_e04ebd59-2135-486b-bdd9-877a7d8f60cd,play_store,myntra,2026-08-30 13:29:42,4,best application and product are so amazing 😍🤩,
play_myntra_698c5abb-c196-42ef-8e13-0b0393678300,play_store,myntra,2026-08-30 13:28:21,2,Myntra stopped giving myncash I think this is the only problem with this app,
play_myntra_8bc2e8d8-cb05-4a3c-935e-f6aa94419b6c,play_store,myntra,2026-08-30 13:26:03,5,Best online shopping platform ever!,
play_myntra_262a477c-6aae-43b9-b4b2-807a9db2c752,play_store,myntra,2026-08-30 13:22:29,5,good app and the quality product ✨,
play_myntra_1f203f0d-01b7-4a53-905f-f0d12d5dfd9b,play_store,myntra,2026-08-30 13:18:44,5,wonderful comfortable product,
play_myntra_92c6974c-1fec-4fd6-8648-e7ab8005337e,play_store,myntra,2026-08-30 13:14:51,2,Delivery fails and you are left with no other option than to cancel it. But refund is fast,
play_myntra_dae83b14-ec51-4da6-91a7-f785c52cb100,play_store,myntra,2026-08-30 13:12:41,5,"very good apps, everything very nice",
play_myntra_949c8fed-76f0-4b9d-8bd2-df30be801db7,play_store,myntra,2026-08-30 13:09:17,1,"It shows that express delivery, but it is always delayed, and they mention that the customer was not available when the delivery was attempted. The customer care service is also not helpful. It asks me to enter my registered mobile number followed by a 3-digit PIN, but it always says that it is incorrect.",
play_myntra_c0862590-073a-48b5-87f5-6d0b882782d8,play_store,myntra,2026-08-30 13:01:35,5,very smooth & quality products with affordable price.,
play_myntra_a03a5cd1-3e75-4093-8fda-a11da1ab82d8,play_store,myntra,2026-08-30 12:59:30,1,Now this is my brother was service the delivery date not mad or delivered or not before deliver every time deliver after,
play_myntra_e7bd861c-4145-4022-a59e-cc84f938f68b,play_store,myntra,2026-08-30 12:58:27,4,my favorite app for shopping,
play_myntra_ca6b9bb3-8a9d-4a1f-9440-30e5414f1711,play_store,myntra,2026-08-30 12:58:15,5,it's too easy use and also it's products has good quality,
play_myntra_0d97f35c-ae4f-4599-a120-c6d6eb8734e6,play_store,myntra,2026-08-30 12:55:48,5,THIS APP IS FAVOURITE APP,
play_myntra_aafe39f4-016c-45c0-a2f8-44d9e6593ed4,play_store,myntra,2026-08-30 12:54:47,1,very bad ... I ordered many items .. among them .. one was kurti but it was a bit larger for my mother so i applied for exchange.. the delivery agent denied to take the order due to the brand name tag is not their .. neither the myntra customer care helping and no chat with an agent option also,
play_myntra_5ccc4ed9-8489-4e59-8010-1ee583790f8a,play_store,myntra,2026-08-30 12:54:31,5,awesome...great experience,
play_myntra_2420fa1b-5ee3-4a7e-96e5-b7a5492be757,play_store,myntra,2026-08-30 12:40:01,1,do not buy anything from myntra I got scammed for 2000 rs i order from myntra they delivered my package but did not update delivery status on myntra I wanted to return the dres coz it wasn't fiting me but they did not helped me,
play_myntra_81705dec-7005-4d19-8ace-f50f3d41d5b1,play_store,myntra,2026-08-30 12:39:05,5,best experience with this app,
play_myntra_0e7d97aa-79cb-4b72-afca-86552df13b6b,play_store,myntra,2026-08-30 12:37:13,5,"This app is too good, it provides product of good quality and in good condition",
play_myntra_dd3fa728-169b-4d9d-9c86-2f499ed68f2d,play_store,myntra,2026-08-30 12:33:44,1,very worst app not delivering my parcel on time and also not informing anything related to my parcel........,
play_myntra_c3cea815-7030-4e24-98b2-1551301c2a09,play_store,myntra,2026-08-30 12:33:11,5,A very Good app for shopping .,
play_myntra_dce0b147-4c88-45a9-b7b4-7694b2af4e5f,play_store,myntra,2026-08-30 12:27:34,3,most of the product is misproduct after order.but service is better,
play_myntra_b7643b0b-c339-4733-ae70-5c8f8ba024d6,play_store,myntra,2026-08-30 12:16:46,5,affordable budget cloth in every price segment..best app,
play_myntra_2bf87b2e-806d-47f0-96e7-01b314339951,play_store,myntra,2026-08-30 12:16:12,5,"⭐⭐⭐⭐⭐ Myntra is one of my favorite shopping apps! 🛍️❤️ Great collection, good quality, and fast delivery. I always enjoy shopping on Myntra. Highly recommended! ✨😊",
play_myntra_21a6ffad-d5b3-40fa-9983-e2ef031e9a91,play_store,myntra,2026-08-30 12:13:08,5,myntra always deliver quality products and great service.,
play_myntra_f499afe1-6fe2-4630-8802-c1b48081eac5,play_store,myntra,2026-08-30 12:10:52,5,"Product quality , Delivery n overall experience",
play_myntra_4d43bd6c-b773-44d3-a71e-382da6467687,play_store,myntra,2026-08-30 12:09:22,1,Very bad customer support service.,
play_myntra_c49af8ea-2d25-442a-a7c4-3e57c534fd1d,play_store,myntra,2026-08-30 12:02:36,5,nice platform for buying clothes,
play_myntra_b48a59dc-caac-4eed-99a1-6954fa4db1f5,play_store,myntra,2026-08-30 11:53:15,5,"very good app , good deals , offers ,",
play_myntra_cd0d5018-4a3b-42ba-830d-0b293621cb57,play_store,myntra,2026-08-30 11:52:30,5,"⭐⭐⭐⭐⭐ Excellent Shopping Experience! I’ve had a great experience shopping on Myntra. The app is easy to use, there is a huge variety of clothes, footwear, and accessories, and there are many brands to choose from. The products are generally good quality, and the discounts and offers make shopping more affordable. Delivery is convenient, and the return/exchange process is simple. Overall, Myntra is one of my favourite online fashion shopping platforms. Highly recommended!",
play_myntra_9128fb1c-dd8b-46f2-937e-33ea18230342,play_store,myntra,2026-08-30 11:41:59,5,very good app good quality product also theris products delivered on time very helpful,
play_myntra_6a280614-ddca-4df3-9441-e13434a4f103,play_store,myntra,2026-08-30 11:34:08,1,guys don't buy from Myntra i ordered a Product and payed online it's doesn't delivered but in app shows its delivered it's scam i lost my money,
play_myntra_d10e1c7a-0ac9-40a2-b3aa-41ff721d5b8d,play_store,myntra,2026-08-30 11:32:32,5,My account's recovered. Thank you.,
play_myntra_9ebe5396-90cc-4a53-be29-3ac1839edf29,play_store,myntra,2026-08-30 11:09:27,5,best platform for shopping,
play_myntra_0e97f7ab-c31b-4df9-b755-cb625ff7b637,play_store,myntra,2026-08-30 10:52:02,5,good product in mynta like it,
play_myntra_57b2f6e1-23b0-4ddb-916f-74e1090270d4,play_store,myntra,2026-08-30 10:51:59,4,Quality of product is always good,
play_myntra_286a1b4d-58f1-4ef7-8d83-8c835ae6ba3e,play_store,myntra,2026-08-30 10:45:37,5,It is the best shopping app,
play_myntra_c60c5855-ac7b-4d29-ad95-9ca72ed2dfae,play_store,myntra,2026-08-30 10:45:21,5,I have a great experience with myntra. The products are as same as I expected. I loved it 🤩.,
play_myntra_f1a0362c-9019-4abc-8643-cac3b6dd23cf,play_store,myntra,2026-08-30 10:38:23,5,love ❤with myntra seller products by costumer... liked its,
play_myntra_90af9f5f-fc13-494e-aef0-b67344306187,play_store,myntra,2026-08-30 10:37:15,5,one of my favourites app for shopping,
play_myntra_7b704302-5672-457a-9763-cd294fc57649,play_store,myntra,2026-08-30 10:35:17,1,one of the worst experience I have had I ordered a product before 10 days and it has been delay I am calling the customer care and I'm informing them I have an emergency I have to get it by tomorrow but no response a simply waste app,
play_myntra_af430f6e-e7ca-4dec-9582-119cea606eef,play_store,myntra,2026-08-30 10:34:24,5,"I have used so many shopping apps till now but Myntra is the fastest among them all in giving response. Even if there is any problem, it solves the problem.",
play_myntra_540911ff-4eff-4549-80f2-85199ce52e57,play_store,myntra,2026-08-30 10:30:10,5,"Great shopping experience with Myntra! The product quality was good, the packaging was neat, and the delivery was on time. The product looked exactly like the pictures and the overall experience was smooth. The app is also easy to use, with plenty of options to choose from. Definitely recommended! 👍",
play_myntra_b0bf91f4-afc9-4e29-bc3b-7dfbde6efc97,play_store,myntra,2026-08-30 10:23:33,5,to good product i love myntra 😘🎉,
play_myntra_60ea2cd3-5bf8-4b21-97c4-1d413fee52a3,play_store,myntra,2026-08-30 10:19:16,4,thank you myntra it is very good quality pravaid,
play_myntra_e11e54fb-6823-481a-82a3-e1e2132c147b,play_store,myntra,2026-08-30 10:10:11,5,yeh very nice shopping platform,
play_myntra_80afe59f-b7e3-404f-8a57-1e53b032a288,play_store,myntra,2026-08-30 10:07:29,5,Myntra is a best shopping app.,
play_myntra_4e919710-711f-48c7-b2b4-11fad514c2c3,play_store,myntra,2026-08-30 10:01:08,5,this product I received a good deal,
play_myntra_6335aae0-8bb1-4198-8302-b930f924bb81,play_store,myntra,2026-08-30 09:56:43,5,myntra hai to trust hai 🥰🥰,
play_myntra_df72ad3e-656a-4cc2-931d-767cf6925277,play_store,myntra,2026-08-30 09:54:34,5,"wonderful the product quality,colour and brands.",
play_myntra_b1277915-5f1a-42ca-9f50-f76680612d31,play_store,myntra,2026-08-30 09:49:30,5,wonderful place for buying genuine product ✨️ 👌,
play_myntra_912d0719-db64-4cc3-9b1f-30d2fcfc8367,play_store,myntra,2026-08-30 09:44:02,1,They cancel order by themselves on the day of delivery,
play_myntra_79c2e122-2e46-4b01-a7f9-914f8c16e5e6,play_store,myntra,2026-08-30 09:37:59,4,very nice platform I like it so much ...,
play_myntra_2523b07d-d92b-4acc-b309-f1117ceff7a6,play_store,myntra,2026-08-30 09:30:33,5,product quantity is always good...,
play_myntra_ec641fb3-9489-4c7c-b4aa-4c12bf6a3cf9,play_store,myntra,2026-08-30 09:27:35,1,very bad app experience and very high prices and product not se expected . east or west flipkart is best go and download flipkart friends and leave this dumb app,
play_myntra_f8b0f091-70ec-493b-ba75-032f7d77831d,play_store,myntra,2026-08-30 09:18:40,1,"The exchange policy is on papers only, Seemed like some kind of scam is going on. when you talk to customer care, the representative is saying let me look into it, complaints getting resolved on itself without even addressing.",
play_myntra_3ae04adf-c383-4e68-91ef-7fe1f812305a,play_store,myntra,2026-08-30 09:16:20,5,famous for original product and cheap rate SO for i like Myntra.,
play_myntra_d635079d-5dec-42db-88bf-a62afc062489,play_store,myntra,2026-08-30 09:11:48,1,"Very disappointing experience with Myntra. My order was cancelled by Myntra without my consent/confirmation. I had placed the order expecting it to be delivered, but instead it was cancelled unexpectedly. This is extremely frustrating for a customer, especially when the product/order was already confirmed. Myntra should take responsibility for such issues and provide a proper explanation instead of simply cancelling the order. Very poor customer experience. I expected much better ser",
play_myntra_db97d56d-a740-4c34-bf29-6fe6f57efb14,play_store,myntra,2026-08-30 08:47:53,5,awesome products with good discounts,
play_myntra_3b8f92a0-b7e9-4014-846c-3fad1250bfeb,play_store,myntra,2026-08-30 08:44:57,5,I am so happy to shopping myntra site this product is so fabulous to me I will suggest to all members to buy this product,
play_myntra_a924aa2d-a063-4e2f-9dc6-4fddfe5872c3,play_store,myntra,2026-08-30 08:43:04,5,cheap price good quality and delivery and response very fast,
play_myntra_af143fd7-a889-4d6f-abde-1b36f688ee31,play_store,myntra,2026-08-30 07:59:00,5,this app was very very good and very good price,
play_myntra_bfe2569e-99e7-45f3-9f7e-33d19b3ad69c,play_store,myntra,2026-08-30 07:08:17,5,good for cosmetic purchase,
play_myntra_68f26a7d-2ba7-4755-a1c1-b5d0a0b09400,play_store,myntra,2026-08-30 06:45:33,5,Best Quality available in this site,
play_myntra_8da86c9a-13db-4461-84f0-bea5320a3882,play_store,myntra,2026-08-30 03:03:20,1,"Do not like the latest search filters. They are slow, take time to select or unselect a category. Nowadays I see more failures on searches than ever.",
play_myntra_206f44f0-a2bc-4af8-9cfe-a850103ad0bd,play_store,myntra,2026-08-30 01:59:33,5,good appa one of the best aap,
play_myntra_236371c4-cc88-4e40-8c72-ec2f824d96c6,play_store,myntra,2026-08-30 01:27:05,5,best app for shopping gives a lot of coupon,
play_myntra_dfe15a4d-4b52-4200-8f68-e7a3a4b2e3cf,play_store,myntra,2026-08-30 01:18:51,5,very good product quality,
play_myntra_d4ee4bef-a2fb-49c3-ad96-38014c14579e,play_store,myntra,2026-08-30 01:06:19,5,it's little expensive but quality of products in this app is outstanding look rich ❤️✨,
play_myntra_3144bf80-7106-4d6d-8ffa-6e1b5a1c652f,play_store,myntra,2026-08-30 00:52:02,5,prefer Myntra ☺️ by heart 💜,
play_myntra_0f95c7ae-63c2-447c-8994-294f6692da01,play_store,myntra,2026-08-30 00:39:24,4,one of the best platform where I can get quality product,
play_myntra_8207085c-1481-4ece-b1e2-fa789e6ba4d7,play_store,myntra,2026-08-30 00:20:19,5,very nice and easy to handle this app,
play_myntra_4ee1ac8f-5d3d-47b4-af3b-3852df8766fe,play_store,myntra,2026-08-30 00:20:03,5,"⭐⭐⭐⭐⭐ Very satisfied with Myntra. Fast delivery, secure packaging, and the product was exactly as shown in the app",
play_myntra_e504636a-d2eb-449d-81c3-2218c49da657,play_store,myntra,2026-08-30 00:18:52,1,"Full of scam.....Very poor service. They cancelled my order without any reason, but still haven’t processed my refund. Extremely disappointing experience.",
play_myntra_69abcc5f-a4cd-48cf-afb2-119afd008aea,play_store,myntra,2026-08-29 23:57:43,5,All the products were superb,
play_myntra_521a0c32-bbcf-4efc-bb6b-e782c8b245e4,play_store,myntra,2026-08-29 23:53:29,5,it's a wonderful experience buying from Myntra. All the items I purchased from Myntra are of good quality. that's why I purchased 12 Louis Philippe shirts from this app and at a wonderful discount too...,
play_myntra_972cf80b-cfb2-476b-9648-615c925b3058,play_store,myntra,2026-08-29 23:43:19,5,very good staff..myntra thanks,
play_myntra_88980d36-5167-444c-be93-e636f424e7b6,play_store,myntra,2026-08-29 23:35:31,1,very very bad. Now a days ordering anything from myntra will get you trouble. They delivered other things but not that product you ordered. Also didn't do the exchange of product.,
play_myntra_3244b82f-95c3-4121-9050-c93482efa45b,play_store,myntra,2026-08-29 23:10:35,1,west app I've ever seen .just waste of time and poor customer care.totally waste app💯💯💯💯,
play_myntra_a6da7718-8785-4e7b-b295-ba3cdb361478,play_store,myntra,2026-08-29 22:46:34,1,"most unless app . customer care unsatisfying if I have option , I can rate this app in minus",
play_myntra_0cf6a049-79ab-4749-b13f-12e2b24fc6a7,play_store,myntra,2026-08-29 22:40:38,5,good quality and different types of varieties,
play_myntra_266d2a45-3df8-4874-be85-5e6ff594f428,play_store,myntra,2026-08-29 22:40:36,1,👿😡why my account suspended or deactivate 😐 😕,
play_myntra_c60e64cb-a2aa-479f-b098-1f6436e4b825,play_store,myntra,2026-08-29 22:11:00,5,Its A Good Apk For Shopping 👍,
play_myntra_7468433b-fb79-46b5-962f-dececf8bcc56,play_store,myntra,2026-08-29 22:07:37,1,"They cancelled by order (shoes) today after I waited for atleast a week . Citing unforseen circumstances . This was really bad experience from Myntra. And they compensated by giving some coupon . I wasted my time ,more than a week they took for a delivery, with this app with my order . (edited again, next day) Worst experience with an app that I threw my phone away in frustration . They made me wait for more than a week for just to deliver sandals and shoes . At the end,to just cancel both.",
play_myntra_3e3fd547-ed0d-4aa7-90bc-bebeb8defd91,play_store,myntra,2026-08-29 22:01:32,5,very much good experience,
play_myntra_4a1c5a8c-a16b-455a-84db-6807d66d5327,play_store,myntra,2026-08-29 21:59:52,1,"One of the worst experiences in my life Installing this app, the customer service is very poor and they don't update the return request in the app nor they give the refund on time....",
play_myntra_7dda9c0a-9537-41f4-b67c-7f9de0f9b93a,play_store,myntra,2026-08-29 21:45:57,5,"This app is very good, all the items are genuine.",
play_myntra_27c9d92b-c518-4594-b916-780d924dc8e6,play_store,myntra,2026-08-29 21:38:15,1,"can you please take stricter action on sellers to at least clean and sanitize their merchandise before they resend the item to another customer! I am sick and tired of receiving tops/ shirts that smell of sweat, pants that smell of urine, blood & mud stains and shoes with stones and grass stuck. okay I understand return policies are good, but atleast desanitize or clean the items before sending, because lately I have been returning every item only because they felt, smelt and seemed used.",
play_myntra_f1ba9062-ab16-4c2e-ae3b-18b25dd550b0,play_store,myntra,2026-08-29 21:30:11,5,app is very nice and smooth,
play_myntra_d2fdc025-54ba-4e26-bc4a-e059393330fa,play_store,myntra,2026-08-29 21:21:42,5,so many offers and discounts,
play_myntra_d0f5ef11-1b8b-4f08-8552-d2650cbdc319,play_store,myntra,2026-08-29 21:17:30,5,good app and product good also,
play_myntra_7f310c23-aa6e-43f9-ab30-3bdefba82f66,play_store,myntra,2026-08-29 21:13:17,1,this is totally scam don't belive them,
play_myntra_02ecefbe-e104-4fb5-ba29-4370b38a17e4,play_store,myntra,2026-08-29 21:09:38,5,I absolutely love shopping on the Myntra app! It's my favorite platform for buying clothes — especially for the latest trends in fashion. The app is super user-friendly and fast.,
play_myntra_22e77b59-3b88-4e7e-8102-15a2c85ff712,play_store,myntra,2026-08-29 21:03:09,1,"I’ve been a regular Myntra customer for a long time and have purchased many products without any major issues. But this time, my prepaid order was marked as delivered even though I never received it. Despite contacting customer support and trying to reach the delivery person, I still haven’t received a proper resolution or refund. Very disappointing experience, especially as a loyal customer.",
play_myntra_7ed5b114-9e23-4757-81a4-d3b3fe430b87,play_store,myntra,2026-08-29 21:01:27,5,Myntra is really good app to look for different options for fashion in one place at one click.,
play_myntra_447416e2-3ac1-4e3d-b155-ad8c9ff39ec9,play_store,myntra,2026-08-29 20:58:11,5,"This product is very good, you can buy it, I have used it and the result is very good.",
play_myntra_132fa176-0e50-4d04-b635-ed93676c8682,play_store,myntra,2026-08-29 20:54:16,5,really it's very nice app. I buy many products in very low price with high quality.,
play_myntra_999d2e9e-82c6-47ee-b749-0b9ea938e09d,play_store,myntra,2026-08-29 20:44:49,5,best shopping 🛍️ app yaha sasta or bes quality ka chije milta hai but iam so happy 😁,
play_myntra_b2eb069b-cece-47e2-af51-5fa4056bb734,play_store,myntra,2026-08-29 20:38:44,5,I am very happy to purchase all the products from myntra Fashion. product quality is very good &they deliver all the products within the time,
play_myntra_90b196af-c84b-46c7-b358-d8ef54c4d801,play_store,myntra,2026-08-29 20:35:22,5,good delivery experience and.quality product,
play_myntra_63973386-c3cd-44cf-ad29-b6f188355fe2,play_store,myntra,2026-08-29 20:28:34,5,"Great app with a massive collection of clothes. The user interface is smooth, and deliveries are always on time.",
play_myntra_8a808229-c7d5-4652-becb-8802a7343115,play_store,myntra,2026-08-29 20:26:15,5,vry setifed service product quality is vry nice delevery process is really fast go for it guys ❤️🎀,
play_myntra_1c4acf45-9297-419f-857d-d3bdb148cc6d,play_store,myntra,2026-08-29 20:24:06,5,Amazing app for shopping..💯,
play_myntra_ab13c55e-29c9-41c3-9ff5-c26946ced941,play_store,myntra,2026-08-29 20:09:03,5,Quality products with best prices are available on this platform. Great experience with this e commerce platform.,
play_myntra_6e7de3bf-aba2-4809-a6f4-a33a9e0b5e06,play_store,myntra,2026-08-29 20:01:12,5,Great app to purchase branded original outfits...u can just trust it,
play_myntra_793c5dbd-bb9d-4902-86e1-e18e2895d8fc,play_store,myntra,2026-08-29 19:59:12,5,"Awesome prices, big range of products.",
play_myntra_48d83828-86c5-40ad-a7ca-e0f93aa6e0b4,play_store,myntra,2026-08-29 19:58:12,5,I got the nice products here,
play_myntra_2d04a16d-f825-49ea-8335-85a50ede9816,play_store,myntra,2026-08-29 19:46:29,1,"Stupid app! No way to talk to a Human Customer Care representative. Query does not get resolved. ""Call me"" option in Help never works.",
play_myntra_1205783f-92f3-4d0e-a186-1ae22a2ea1b3,play_store,myntra,2026-08-29 19:43:24,5,you can buy very good quality product,
play_myntra_90545153-c7d6-4dcd-a88f-05c1d2fd876b,play_store,myntra,2026-08-29 19:42:29,4,premium clothes with lower price,
play_myntra_ccae08ec-15ce-4e6d-94e4-15c43655b5be,play_store,myntra,2026-08-29 19:41:31,5,its an ammazing app. Dresses are of outstanding quality🥰🥰🥰😱. Coupons and prizes are also available that make it more beneficial❣️,
play_myntra_764be368-14e8-4477-ab3e-e11710c7ee7e,play_store,myntra,2026-08-29 19:41:26,5,good products affordable rate,
play_myntra_58b71e7e-05df-4ea0-86d5-805714fb63c0,play_store,myntra,2026-08-29 19:28:55,1,"i ordered kitchen containers worth 658 rupees and they delivered completely different product of 6 plastic glasses. Last month i ordered shoes and after 20 days still they didnt delivered. When i spoke to myntra customer support they made me wait for an extra week, finally i asked them to cancel and refund, the system is poor and they dont even have genuine sellers, totally disappointed by myntra team. flipkart and amazon is best atleast they dont make their customers wait for such long days",
play_myntra_132576d7-72b4-4d5a-9f9d-58d1aff22089,play_store,myntra,2026-08-29 19:24:58,5,"since I started shopping from Mantra,I haven't gotten any complaints till now. THANKS MANTRA❤️❤️💖💝",
play_myntra_77b23989-a9d0-47f1-bb70-8d4da09bd0a8,play_store,myntra,2026-08-29 19:14:56,1,"I am facing delivery delays with almost every order I place on Myntra. The expected delivery dates are repeatedly delayed, which is very frustrating and inconvenient. Please check why this is happening with my account and delivery location. I request you to improve the delivery service and ensure that my future orders are delivered on the promised date. I am not satisfied this app very very worst app I never she which type of online delivery app I am very bad 😞 I never trust this online",
play_myntra_b8780a8d-9a51-47be-99cb-ddfa8a3e7128,play_store,myntra,2026-08-29 18:57:03,4,Myntra se jitney bhi dress liya ..mujhe bahut acche lage ..fabric bhi accha hai...So go for it...,
play_myntra_79053b47-4315-4cd1-9678-54373ec559d5,play_store,myntra,2026-08-29 18:49:19,5,great choice and on time delivery,
play_myntra_9a69d8f1-f184-4930-b46c-d5ee29b56dd8,play_store,myntra,2026-08-29 18:48:03,5,very gudd experience with online 🛍 shopping. quality and brand is awesome 👌 delivery is very early without any extra payment 😀.,
play_myntra_66fa70f3-08c0-4dfd-90a6-3099edc93090,play_store,myntra,2026-08-29 18:18:57,1,"Honestly, the experience is quite disappointing. The biggest issue is the return or exchange, as a huge amount of money gets deducted. On top of that, customer care is not helpful either. Even after calling and explaining the problem, you don’t get any proper solution. Customers end up losing both money and time. The return/exchange policy and customer support definitely need improvement.",
play_myntra_130418d9-97cf-4133-a51e-b206db3729c7,play_store,myntra,2026-08-29 18:17:01,4,overall a good app for styling.,
play_myntra_d6f7a8f2-5ebf-4820-8d85-ebfc42f48255,play_store,myntra,2026-08-29 18:15:34,5,I'm enjoying my shopping from myntra.,
play_myntra_aa663d46-4c63-48f9-881e-91e0d1e2a1d8,play_store,myntra,2026-08-29 17:46:14,1,"I have been a very frequent user of myntra, however, lately their delivery, return and exchange processes have taken a hit. Earlier their logistics used to be great. Now, product delivery keeps getting delayed without any proper updates and return completion also takes way longer than it should.",
play_myntra_dc6be7d8-5521-447e-9528-8aa736d378e7,play_store,myntra,2026-08-29 17:41:51,5,i ami really happy with myntra,
play_myntra_50f752c3-9c33-49b3-938b-5891e2708067,play_store,myntra,2026-08-29 17:40:48,1,Useless and fake app.My product not delivered in time and when I try to call customer care they all are Ai customer care not even human😂. And without answering my question she cut my calls two times. If u don't want to delivered my product then say directly. And I pay online 3k and still not received my product.😡👎,
play_myntra_201db4ba-caba-456b-9c14-0ce17e3fd5c5,play_store,myntra,2026-08-29 17:36:55,5,WOW!!. Best price & quality shirt,
play_myntra_b1d6e5f7-33ab-42be-b81f-6a7960dc562a,play_store,myntra,2026-08-29 17:31:53,5,Complete fashion solutions 100 percent original,
play_myntra_c689e330-0c67-4c41-a56f-ac7ecd5205ea,play_store,myntra,2026-08-29 17:24:43,5,trust issue with this app fake app,
play_myntra_9ca8eccc-106d-4eaf-973a-42d77b19324d,play_store,myntra,2026-08-29 17:18:02,5,"Myntra never disappoints! 🛍️✨ Great collection, amazing styles, and a smooth shopping experience. Definitely one of my favourite fashion apps! ❤️",
play_myntra_0e583269-653f-4b15-ba62-842603d8184e,play_store,myntra,2026-08-29 17:13:24,1,I have ordered an earbuds it was about to reach on 19th August I am still asking on 29 August where is my order waiting for my order for asking for cancellation but not able to cancel it as well pathetic service,
play_myntra_0dd6e7f5-173c-4f7f-b107-0845a44a37ef,play_store,myntra,2026-08-29 17:11:53,1,it is very poor in privacy and safety on my account there are back to back please order but I i don't place any order and costmar care are very lengthy and unhelpful,
play_myntra_4997fba8-69aa-4b5e-ae23-8bea966776fc,play_store,myntra,2026-08-29 17:00:08,1,worst customer service and return request policy ever. please don't use this app anymore they will trouble you like you are not valuable,
play_myntra_6fbd4903-d03e-4fbc-ab82-f9e5f4b4fe61,play_store,myntra,2026-08-29 16:58:36,1,scamer if you return product they don't refund platform fee and cash on delivery handling charges,
play_myntra_7bc6b8bc-7223-4077-89cf-a7ef73117612,play_store,myntra,2026-08-29 16:56:53,5,good quality products. clothes are very comfortable,
play_myntra_6087b152-444c-43d1-89a9-c6b408ad41ec,play_store,myntra,2026-08-29 16:52:48,1,"""I want to upload a video from my gallery to Myntra's Glam & Clan section. The app shows me the gallery option, but when I click on it, my gallery does not open. Please resolve this problem as soon as possible.""can't upload video on myntra glam up",
play_myntra_a6287c3c-aa2d-4005-99a6-5a4a24102d6b,play_store,myntra,2026-08-29 16:35:42,1,Pic in pic mode not working for myntra app,
play_myntra_5f12a1c9-6ca5-455e-b40b-5172e494ca4e,play_store,myntra,2026-08-29 16:27:50,1,Myntra terminated my account and has no respect for its customers. Would not recommend to anyone,
play_myntra_8243123d-a43d-48b9-98ad-c9d74b51eb46,play_store,myntra,2026-08-29 16:26:34,1,very bad response myntra not 🚫 proper time delivery product very fake,
play_myntra_903edf85-3397-4a6e-b1a6-a4f7ac4359f9,play_store,myntra,2026-08-29 16:19:21,5,"Myntra is one of my favorite shopping apps! I've purchased so many things from here, and I've always been happy with the quality. The products are genuine, the quality is great and the delivery is super fast. I always have a wonderful shopping experience with Myntra. Highly recommend 💫",
play_myntra_7261f9d9-fd36-4d24-9d89-be210de4bac2,play_store,myntra,2026-08-29 16:04:42,5,nice product fast delivery,
play_myntra_a2fdc505-d231-46eb-a6cc-234f68cf47cd,play_store,myntra,2026-08-29 16:04:12,1,"I ordered a foot station brand ballerina and received a different brand. when I tried to exchange the size, the delivery agent denied the exchange as the app didn't accept the product received from them as it was a different brand and asked me to connect with the customer service loop. it is so frustrating when the customer service loop starts. why should I go in that loop when I am not responsible for the wrong brand received.",
play_myntra_38a1c16c-a8d8-4bd6-81a3-1fd84f632cc5,play_store,myntra,2026-08-29 15:54:25,4,"Sometimes it becomes very difficult to order from this, as soon as you go to order, the prices increase, this is a very bad thing, otherwise the shopping platform is quite good, it sends 10 out of 10 very good items.",
play_myntra_87cfe733-9667-491d-a9b1-9c945b2ae5f1,play_store,myntra,2026-08-29 15:53:04,5,Good Quality in Reasonable Price,
play_myntra_cfb5f72d-98b7-49ab-aad7-cdc172d6730e,play_store,myntra,2026-08-29 15:52:33,1,yah bahut hi bekar bekar app Abhishek se galti se bhi Saman mat mangae product jo bhi mangoge aap khud pachtaoge yah company pahle to itna achcha achcha dikhati Hai light mein aur FIR itne bekar product aate Hain ki Ham pen bhi nahin sakte isko pante hi bhikhari ki tarah lagte Hain main is per ek Shayar bhi nahin Dena chahta lekin kam se kam ektari hai isliye main kam se kam ek story de raha hun aur mera yah manana hai kis app Se kabhi bhi Saman mat khariden aap dusre app ja sakte hai,
play_myntra_b7ab733f-4f9c-4ec0-aee1-2962824874ce,play_store,myntra,2026-08-29 15:45:14,1,The worst app I have ever seen the delivery service is the worst. The delivery was delayed like 5 times They always changed the date and when the delivery came I ordered shoes the box is totally crushed and the shoes are used and after the they asked review in app and I said about delivery services and primary package 📦 damaged they rejected my review and I give photos also but they not agree and the shoes 👟 also used and the customer care service also worst after this talk you using enjoy,
play_myntra_53f42cfa-1321-4ec7-819d-9ddc526a3a6c,play_store,myntra,2026-08-29 15:44:00,5,hi myntra shop why are you deactivated in my account,
play_myntra_d5b6c7fc-5bd8-4f28-ace7-8256bfc2e8d4,play_store,myntra,2026-08-29 15:36:24,1,worst delivery experience.. as our location doesn't show in their maps..,
play_myntra_29fec131-d42b-4ab8-8010-95c0d9549552,play_store,myntra,2026-08-29 15:33:41,1,"Delivery does not come on time, the delivery in-charge has a very poor system, do not order from this app, it is a waste of time",
play_myntra_249ec2bf-ce27-4aba-9ad5-dddd7e50a00e,play_store,myntra,2026-08-29 15:30:43,1,worst shopping app no customer care service they doesn't care about their customers at all.,
play_myntra_79a11385-c99e-4dc0-b057-eb380d87fb08,play_store,myntra,2026-08-29 15:28:53,1,"return policy is very bad ,they rejected return for some products code even product is same or original with tag",
play_myntra_08863115-67e3-4f81-a053-b149bcf1fedc,play_store,myntra,2026-08-29 15:17:30,1,"Very disappointing experience with Myntra. We received the wrong product and raised a replacement request. The delivery guy collected it, but it never got properly updated in the system. It’s been two weeks and we still haven’t received the replacement or refund. Customer support is honestly useless. Every time it’s just “sorry” and scripted responses, but nobody actually resolves the issue. No proper update, no action, nothing. Very poor service and honesty not trustworthy",
play_myntra_3b9cff1f-daf8-4eab-ad56-dd18f0b75b54,play_store,myntra,2026-08-29 15:15:41,5,Easy to use & immediate action,
play_myntra_024d46db-86a3-42d6-84f4-5672e73b7f89,play_store,myntra,2026-08-29 15:15:25,5,I like myntra but your delevery is very slow,
play_myntra_368bcc6b-5ff1-4eba-a828-1d89a4dd3d3a,play_store,myntra,2026-08-29 15:14:52,5,I love shopping from myntra,
play_myntra_85c13c60-4544-436e-945e-6cad5d7423df,play_store,myntra,2026-08-29 15:12:03,1,I'm unable to place cash on delivery order myntra person came yesterday at 11pm misbehaving delivery partner misconduct,
play_myntra_63db0a49-ec24-412c-bb94-e6c600af5e4c,play_store,myntra,2026-08-29 15:09:39,5,Good products easy to buy make life flexible,
play_myntra_7bdafbe3-3ca0-42e2-ad75-d3dc635e45ce,play_store,myntra,2026-08-29 15:05:31,5,a good platform to buy goods,
play_myntra_db175470-66d5-42ad-8144-9ac952e7d1f2,play_store,myntra,2026-08-29 14:59:58,5,"⭐⭐⭐⭐⭐ Product bahut achha hai. Quality bhi kaafi good hai aur exactly jaisa image mein dikhaya tha, waisa hi mila. Fitting aur material dono perfect hain. Overall, product se bahut satisfied hoon. ❤️",
play_myntra_b0596829-b85f-49e8-b886-9973eb39e5ee,play_store,myntra,2026-08-29 14:58:34,5,Good quality clothes with varieties and range.,
play_myntra_a79af885-9efd-499d-8a29-d1a8bff47e80,play_store,myntra,2026-08-29 14:51:08,5,nice experience with Myntra,
play_myntra_69573779-c9ee-42d5-a2e2-0a254b39c7c7,play_store,myntra,2026-08-29 14:51:02,1,Worst app. Delivery is not on time,
play_myntra_fc4c18b2-d8ec-4077-b736-e308230ba692,play_store,myntra,2026-08-29 14:49:50,1,Absolute fraud – sent a stone instead of a perfume! Zero stars if possible. Ordered a perfume and received a literal stone in the box. How does this even pass quality control? Extremely poor service and breach of trust by Myntra.,
play_myntra_e6f837b4-b3a7-480d-845e-e62c9f2af8c2,play_store,myntra,2026-08-29 14:39:54,5,soo beautiful I loved it....fabric very soft,
play_myntra_2b08f8e7-b8bf-43c9-ae1d-85641feb1b8c,play_store,myntra,2026-08-29 14:37:57,5,very good n comfortable blindly follow after ordering product will reach you.,
play_myntra_8f0a5da8-542d-4dc2-a74d-45b9c12c6490,play_store,myntra,2026-08-29 14:22:45,5,"​I love shopping on Myntra. The app is very easy to use, offers genuine brands with great discount offers, and delivery is always hassle-free!",
play_myntra_863379af-03b6-4f8c-8f5c-43bbec38e31d,play_store,myntra,2026-08-29 14:22:14,5,I'm very grateful from shopping on myntra 🥰🤌🏻💫,
play_myntra_c5cff666-8f01-4e12-95f1-8798447d8617,play_store,myntra,2026-08-29 14:21:37,1,suddenly my account got deactivated and the customer care is not responding to my call worst app,
play_myntra_995440b8-265e-4450-99f0-ded25cd28566,play_store,myntra,2026-08-29 14:19:46,5,I'm very happy with Myntra Experience🥰,
play_myntra_d83fba1a-d6a9-44dd-959f-357fd5e9d9fe,play_store,myntra,2026-08-29 14:17:41,5,"It's the most user friendly app, and we get the best discounts with the best quality. Total fuss free experience!!!",
play_ajio_8e0bebd2-9626-40a0-9668-9e46a9b2094a,play_store,ajio,2026-09-02 14:56:39,5,plz send a best quality product anything I don't purchase next time . I am first customer of Ajio shoping app 🙏,
play_ajio_f787dd8a-6d09-4fd3-9af9-b7ce8d282a6d,play_store,ajio,2026-09-02 14:55:33,1,pura bekar app hai.customer ko used product shipment karke bech rahein hain 🙏🏻❌,
play_ajio_115851f1-2e5f-4d66-a8ee-488a4bfb17eb,play_store,ajio,2026-09-02 14:34:04,1,Worst experience ever!! Order earbuds and the delivery got delayed over and over again for literally 3 times/3 different dates. And then they cancelled the order on their own without even consulting me. Also they put a convenience charge of 23 Rs and it was non refunded and i did not even cancel the order. This has been such a frustrating experience.,
play_ajio_217bb3d1-93de-43d4-89e8-4c11977b10fa,play_store,ajio,2026-09-02 14:22:33,3,Best option for grands to gift there's relatives,
play_ajio_cfe76bf5-4ce4-47d6-ab8b-3b3f9804dc47,play_store,ajio,2026-09-02 13:58:23,5,"Amazing, Sells as it looks",
play_ajio_e5b1ba62-31de-491a-b2ae-a343b5159ed6,play_store,ajio,2026-09-02 13:09:01,4,"Thank you , your quality is improving 👍👍",
play_ajio_df973f8e-fe63-4565-ae59-7f959617aced,play_store,ajio,2026-09-02 12:53:13,1,bekar service. Saman order karke bhul jaao.,
play_ajio_10335b51-578e-46ad-8841-d3d8695c1b49,play_store,ajio,2026-09-02 12:44:10,1,"Absolutely pathetic service by AJIO. I raised the return request on the very day I received the product, yet after 10+ complaints and countless calls, you kept giving fake pickup dates and making me wait for over a month—only to disable the return option now. If you never intended to pick up the product, why the hell did you waste my time and keep extending the dates? Completely irresponsible and disgusting customer service. Never ordering from AJIO again.",
play_ajio_ba5fd827-359b-4957-9a1a-1b7374b758a0,play_store,ajio,2026-09-02 12:30:05,1,"Very bad experience with AJIO. I ordered the same Adda TONG product twice using two different Jio numbers to avail the new 30% off offer Both orders were successfully placed, and I was simply waiting for delivery Later, when I checked the tracking, I was shocked to see that both orders had been cancelled without any prior information or proper explanation I was completely unaware of the cancellation When I tried to contact customer support to know the reason, there was no proper assistance.",
play_ajio_068c55cc-6f3d-43c5-a8db-ebd2d893718a,play_store,ajio,2026-09-02 12:15:27,1,the customer service is soo bad. I ordered 2 jeans which was supposed to be delivered in one day only and it's been 5days already and there are no updates for the same and when I reach to the customer all they ask me to wait for like 10-12minutes then they get back and say that they have raised the complaint and doesn't let me know what's the complaint they have raised and ask me to wait for 8days further and there is no one to respond everyone take 5minutes minimum to reply to your query.,
play_ajio_2c9b650a-b2cd-436e-b7f5-f708d5d8cd23,play_store,ajio,2026-09-02 11:36:03,4,cod option is not avaliable,
play_ajio_b58a244e-8711-4ccf-99f0-751bebe6ee1c,play_store,ajio,2026-09-02 11:08:59,2,"D jackets etc etc does not show d proper measurements, eg the Length, etc ,thanks",
play_ajio_b9fb592c-a26d-46df-9127-ff5cbf49d796,play_store,ajio,2026-09-02 10:59:03,5,good collection and price,
play_ajio_1f802d69-f23a-46ec-a9ed-bc336b1f5d64,play_store,ajio,2026-09-02 10:53:45,1,Fraud app hai first time order kiya tha isase dono product dikhaye khuch bheje kuch abhi 4 din ho gaye return pickup krdiya hai ab bol rahe he ye log 2 sep ko paise return honge ek product return lenkr 3 hours mei paise vapis de diye the ab ye na paise vapis de rahe hai na hi proper response de rahe hai na call ka na chat par jabhi chat open kro tab naye log aps chat krte hai our har bar ek hi chij puchate hai kya problem hai photo bhejo and fast reply nahi ata udharse time waste kr rahe hai.,
play_ajio_a191c433-fb37-49db-bd09-1481bad15b29,play_store,ajio,2026-09-02 09:42:49,1,confirmed order was cancelled payment also made no reliability on ajio you can't trust them nowadays poor service .money still not refunded,
play_ajio_4273f6a2-274b-480f-913f-31508429595d,play_store,ajio,2026-09-02 09:37:17,1,Its not at all a user friendly app The material of the clothes is too bad & the delivery date on the app is not accurate & so is the return date not accurate I had requested for return of an outfit for which the date was mentioned for next week & the pickup guy ended up coming the very next day & it was a chaotic situation to return the product as well Bad experience so far!,
play_ajio_8cb919e5-d0e4-4a95-8cc6-cd0e4f18aee0,play_store,ajio,2026-09-02 08:47:33,5,Best app to buy the stuff in the affordable competative price.,
play_ajio_fae199a0-cbb4-4ae7-a1e3-2c4ea98a536a,play_store,ajio,2026-09-02 06:36:43,5,nice experience and best rate of products,
play_ajio_7a6ab5a3-8158-4a1b-9011-9dccbc625128,play_store,ajio,2026-09-02 04:00:55,1,"ur service is so poor didnt expect this from u,u have not sent me my one product instead there is written on the delivery packet that it contains 5 product but still their was only 4 products inside & tried for customer service regarding it no help from ur side one of the most worst customer care service amongst all the app never going to buy anything from this site worstest customer care service just stop using this app all the people there they did a scam with me",
play_ajio_08ae200d-4f52-4f90-98a1-5e35743d4338,play_store,ajio,2026-09-02 00:33:16,5,i ordered my first item on this let's see how is it..,
play_ajio_0a3262eb-43a9-4c7d-aa3f-e5d5b1a92708,play_store,ajio,2026-09-01 22:47:20,5,product quality and price 👍,
play_ajio_a21b29e1-0195-4913-8cfd-1d72fa1e50d9,play_store,ajio,2026-09-01 22:36:51,1,"Worst app ever! I have purchased a 2piece Co-ord set of ₹1522 but incomplete product delivered on 20/8.To resolve they keeps on extending the date. Now the refund option is not available. Customer care once tells that they have launched complain next time they are denying, Giving same response via email every time, waste of money and does not allow to show your problems in the app review. Fully fraud app",
play_ajio_3e860bf5-5161-4d9b-b9fc-3ef06ec82cff,play_store,ajio,2026-09-01 21:46:09,4,This is nice app for shopping 🛍️,
play_ajio_740ef22a-773b-486e-9dfa-212e78e676b3,play_store,ajio,2026-09-01 21:32:01,5,Good shopping experience in jio app,
play_ajio_c50260bc-47bb-4db0-9f4b-9e2b67821c48,play_store,ajio,2026-09-01 21:04:08,5,"good app but out of bharat not working properly, need to work on this, thank you",
play_ajio_a1c09b5f-836d-4b71-8e18-cf19a46e6cb3,play_store,ajio,2026-09-01 19:14:11,1,"Ajio is a totally Fuddu, ghatiya online shopping app.I placed my order on 25th August, and to date, they have failed to deliver it. Other apps like Flipkart, Amazon, and Myntra typically take only two to three days at most. This is my first and last experience with Ajio I am thoroughly disappointed.",
play_ajio_3757a15b-e7d4-4b7a-adc3-b10bbe0b0eb2,play_store,ajio,2026-09-01 19:02:46,1,worst app and site ever ek order kiya jo 15 din huve lekin delivery nhi hui tum ko to me consumer courts me batata hu,
play_ajio_9fefd581-a843-4b03-8b70-118d586e6d4c,play_store,ajio,2026-09-01 18:44:59,1,హాయ్ ఫ్రెండ్స్ ఏ జియో లో తీసుకునేటప్పుడు జాగ్రత్త క్వాలిటీ సరిగా ఉండట్లేదు మన రిఫండ్ చేస్తుంటే అమౌంటు చాట్ చేస్తున్నారు,
play_ajio_f3456c4d-c947-4073-82a7-0dace9126357,play_store,ajio,2026-09-01 18:34:15,1,their delivery is always delayed and it's very disappointing 😕,
play_ajio_2e0a7808-39e7-4bb6-acee-7e6c4442faf5,play_store,ajio,2026-09-01 17:57:43,5,Amazing features this app has it's super easy to use and so smooth,
play_ajio_747a83a0-6c86-4200-b46f-56ecc7d36a73,play_store,ajio,2026-09-01 17:45:53,1,"worst online shopping app ever. AJIO’s return process is very disappointing. Returning an item is unnecessarily difficult, and the options provided for returns are not convenient. The return process should be made much simpler and more user-friendly. I hope AJIO improves its return policy and makes it easier for customers to return unwanted or unsuitable items.",
play_ajio_66d00d61-db0e-4ee9-89ca-966aae15f7be,play_store,ajio,2026-09-01 17:40:44,5,this amazing app and brand and discoid,
play_ajio_c813efb0-0b42-4856-aecd-c29e9f148707,play_store,ajio,2026-09-01 17:33:35,5,great app it gives discount on very first order.,
play_ajio_edfbea6a-b05e-499b-bc35-0662f6edc642,play_store,ajio,2026-09-01 17:05:00,1,"For once, the difference actually feels noticeable. 🌳 The app is quicker to download and noticeably more stable. Previously, syncing could appear after almost anything you did, whether you opened the app, started an entry, stopped one, or edited something. Then came the freeze—the app simply stopped responding until syncing was complete. Now those interruptions are largely gone. Stopping an entry had another delay, with unwanted seconds added afterward, and the app feels much more responsive.",
play_ajio_3b1e886c-71a8-4822-a7e2-d6c4e80f57a7,play_store,ajio,2026-09-01 16:22:06,1,"Very disappointing shopping experience with Ajio. They partner with unreliable third-party delivery services like Shadowfax that have zero transparency, no clearance on local warehouse locations (like the one in Una), and no way to track packages properly. Customer support through the app is automated and unhelpful, making it impossible to get clear answers about delayed orders. Will think twice before ordering from here again. I contacted in your number 3 times but they haven't any information",
play_ajio_2de397b4-2bef-4b15-a5b5-d5f4828ee2dd,play_store,ajio,2026-09-01 15:45:43,1,mera refund nhi kiya ye log ye aap se mat kar na kabi order customer care wala koi jawab nhi deta hai,
play_ajio_908b344a-03fe-4dd0-91d3-a508cf61e8c8,play_store,ajio,2026-09-01 15:31:33,3,bank office option is not use,
play_ajio_2a632115-b1d0-4ceb-9672-c407fa9f1be1,play_store,ajio,2026-09-01 15:26:30,1,very bad experience...... i order cmf buds buds 2a as i am a new user but they didn't delivered it to me ...they ship near to me and then returned it ...i lost my new user coupon and trust...and i will use another shopping apps and in my life i will never use Ajio again,
play_ajio_53c834d1-a0f1-4d4b-ba74-d85a09153c16,play_store,ajio,2026-09-01 15:23:32,1,"delivery date changes (Extended) on every order. If you need your order's timely delivery, don't use this app.",
play_ajio_a35a26d8-6844-48cc-b1f8-5f05f4fd968d,play_store,ajio,2026-09-01 14:02:55,1,"Nowadays it takes days to open, so slow",
play_ajio_c570529f-ad6e-49a4-af6e-f1f09c1f9503,play_store,ajio,2026-09-01 13:27:57,1,"ZeroStar – Extremely Disappointing Experience Very poor app and an equally disappointing delivery service. The app experience is frustrating, with issues that make it difficult to use smoothly. On top of that, the delivery service is unreliable, poorly managed, and lacks proper communication. The overall experience was far below expectations. Customers deserve a reliable app, timely delivery, and responsive service. Unfortunately, this service failed on all three counts. I would not recommend",
play_ajio_9e93b3e6-21d2-42ae-841a-06a662b4b014,play_store,ajio,2026-09-01 12:58:54,1,"very bad app , disappointing experience with this, so please avoid this app",
play_ajio_0438dade-3f00-4c05-ad64-2e9fd35253af,play_store,ajio,2026-09-01 12:27:27,1,never buy anything from ajio very bad app and very bad customer care,
play_ajio_5f4e586f-875d-4f9a-9cca-0ac590b4dd80,play_store,ajio,2026-09-01 12:10:13,1,Pathetic platform. Worst experience. I have been trying to return my order for 1 week but it's still not returning. they are just extending the return window. I am doing online shopping mostly but this Ajio platform is very bad in service.,
play_ajio_2757c018-ec5d-4135-b3dc-8757779abd02,play_store,ajio,2026-09-01 11:47:31,1,bahut ghatiya app or company h mere ko product me item missing mele jb complaint ki to reply aaya hmne product pure bheje the aap jhut bol rhe h mere pass evidence hone pr b mere baat nhi suni gue,
play_ajio_6ba39cb1-195a-4e2c-97e8-97650cdf39c9,play_store,ajio,2026-09-01 11:38:13,5,I like this offer price you give fast delivery I will order one more time,
play_ajio_59339e5d-f1ba-45a6-84ee-d4237b25fbff,play_store,ajio,2026-09-01 11:35:50,4,"zero marks from me no mava cash on delivery product missing, wrong product , delivery time not promise date, self return, delivery boys creat return to we're house very bad experience of you",
play_ajio_7e580e62-c658-4dac-8be0-c7bde08ad906,play_store,ajio,2026-09-01 11:33:16,2,"very poor to load , if you are using wifi it is taking too much time to load every slide.",
play_ajio_8ceeb8bc-b3c6-4424-a7bd-b1f36fe39878,play_store,ajio,2026-09-01 11:09:42,2,app is good but I order I shirt by using coupon then price goes down as 309 but I choose cash on delivery then I have to pay 342 😕,
play_ajio_0a2c5a79-99fb-42ad-b575-61787dd5b6ff,play_store,ajio,2026-09-01 10:57:35,1,worst app because of their service and orders get replaced with another one then they didn't agree to return it and there customer care is worst ...I hate this app,
play_ajio_03e560bc-8aa0-415f-8a72-262b2f264d01,play_store,ajio,2026-09-01 10:41:46,1,this the worst app I have ever ever used and this was my first and last I never gonna use this again i ordered a jeans and delivery guy deliver me the wrong product and now it was one month and till now I didn't get any refund bhenchod,
play_ajio_b2e7d4a9-dbd4-4286-b58e-8893ba7d0281,play_store,ajio,2026-09-01 10:25:44,5,best quality providing me always,
play_ajio_d877ce49-b096-4c4d-ba1a-3cc779c49e6f,play_store,ajio,2026-09-01 09:23:17,5,perfect app to buy clothes 👌👌,
play_ajio_ca408c3b-3227-4986-8228-6cd2493fc3f7,play_store,ajio,2026-09-01 09:11:14,1,Corrier partners of ajio is very bad service delivery status is fake,
play_ajio_5358e09f-8684-44d4-9fb1-03a6222057a3,play_store,ajio,2026-09-01 08:30:38,1,"Very poor customer service experience with AJIO. I contacted customer care regarding an amount that was deducted twice. The first representative said she had no authority to explain and transferred me to a senior. Sangeetha, the senior representative, asked me to put the call on hold for 1 minute and then disconnected without any explanation or resolution. This is completely unacceptable.",
play_ajio_0e252dba-c552-4496-aa9e-df46ed65c6b5,play_store,ajio,2026-09-01 08:13:08,5,"Convenient and fast shopping experience! I have been using this app for a while now, and it has made online shopping much easier. The interface is clean, intuitive, and very easy to navigate.",
play_ajio_b91ad881-728b-4a64-a682-8ba30e5acb84,play_store,ajio,2026-09-01 08:12:59,1,Intentionally deliver wrong products and charge more for the next order of the same product.,
play_ajio_4fcb2e2b-f9fb-4ee9-b224-3604d0b0025b,play_store,ajio,2026-09-01 07:51:29,1,"installed thrice the app just doesn't open, keeps crashing",
play_ajio_3075fe4c-8ea5-4018-ac2f-d33099dfacbd,play_store,ajio,2026-09-01 00:38:52,5,received my order after giving review,
play_ajio_aa0d0899-3461-46a9-b0d7-689ae64078c0,play_store,ajio,2026-09-01 00:20:01,1,"Worst online shopping experience ever. They send wrong order after a wait of 15 days. poor quality of clothes, it's not what they show in pictures .",
play_ajio_56811ffe-5ddc-4cdb-acfe-8ba8632c2988,play_store,ajio,2026-08-31 23:54:00,1,don't see instagram and install you will not find the product they have displayed only cheap product available,
play_ajio_a153e653-d175-409d-8092-a0e35dc5e87e,play_store,ajio,2026-08-31 22:58:19,1,your first war order delivery,
play_ajio_003ee166-4a7c-4c6b-b7ae-f24129b351b3,play_store,ajio,2026-08-31 21:45:46,1,bakws sab sa scam krta hai ya,
play_ajio_46010324-ee8f-4bf8-b42c-932689df8f7e,play_store,ajio,2026-08-31 21:44:33,1,"bkvas app hei , order confirm kr leta h phir order aate ni hei 1-2 month le leta hei aane m or galat bhejta hei product return hota ni hei date aage bdha dte hei",
play_ajio_8ed443ac-e109-4987-9c89-3860c6e997d9,play_store,ajio,2026-08-31 21:28:29,1,"u don't even deserve 1 star🤬😡😡 First order=wrong products, 7+days delivery return pickup never came,REFUND still stuck, and AJIO had audacity to say ""you changed your mind""!🤡 I didn't cancel Anything You messed up the order and now you're wasting my TIME and HOLDING MY MONEY.never again",
play_ajio_3369ed05-45be-4850-8ede-684d63e8153b,play_store,ajio,2026-08-31 21:13:32,1,"My experience with this app has been very bad. It is one of the worst apps I have ever used. I would suggest not buying anything through this app because they do not value their customers. It is a complete waste of money, and the quality is very poor.",
play_ajio_0d66ad41-6082-4a2e-8580-a64a848a21ee,play_store,ajio,2026-08-31 20:30:19,1,very bad experience mera prepaid order ajio ne khud cancel kardiya aur refund money wapas nahin kiya aur same order id pe ek order cancel hua tha uska reference no provide kardiya uska bhi wohi same order cancel Kiya ajio ne jo aaj itna ghatiya service hai ki kya bolun khud prepaid order cancel karke galat reference number provide kardete hain taku customer bank ko contact karta rahe aur paise bhi na mile usko itni kharab service hai ajio ki,
play_ajio_475ddd86-ce40-4883-bcd3-312b25ed9169,play_store,ajio,2026-08-31 19:59:07,1,poor app very bad experience,
play_ajio_e2b0e6a1-7b46-4de4-b003-ec750bfb7df7,play_store,ajio,2026-08-31 19:37:04,1,The delivery time shows the earliest date before placing the order. But once the order is placed the delivery date changes. Always delay,
play_ajio_11058988-868e-4067-894c-72240ffa1577,play_store,ajio,2026-08-31 19:31:04,1,"rude and unprofessional delivery pickup service i am not satisfied with my order. I give it a return but the pickup guy didn't even call me even though it already sent the company side that my pick up will be done today i make sure that he came and pick up i call and inform /requested him but he didn't show up yesterday and today as well i got the same massage that my pick will done today, I'm waiting but no showing up so I finally cal him again but he i don't pick up i didn't get any",
play_ajio_28588bcd-48b4-47b5-ad19-b3e3cf483ff9,play_store,ajio,2026-08-31 19:06:17,1,very poor app delivery so late,
play_ajio_fe36bf33-765a-4eb1-95b3-b36852b9e2bb,play_store,ajio,2026-08-31 18:56:02,5,The customer support is super good and the product quality is just wow super cool,
play_ajio_d669dab5-e690-4d9d-9ea1-225093a9679b,play_store,ajio,2026-08-31 18:55:10,1,bekar service no return my parcel,
play_ajio_3b4af34b-5e45-49ba-b2d1-07d93f710a25,play_store,ajio,2026-08-31 18:24:02,1,"Never Shop from this platform, I ordered a men slip on sandal for men where I received a complete different colour and when I reach out to them they offer a refund or exchange for which I have to wait for 7 days The worst part when I decided to rate this experience and provide a negative feedback their Auto system shows that feedback was not submitted due to technical issue even after multiple attempts so just for curiosity I entered a positive feedback it got submitted within a second",
play_ajio_4388c228-51ce-4640-a5a6-81684b92369f,play_store,ajio,2026-08-31 17:25:49,1,"They deserve O stars. They accept orders, keep extending the delivery date repeatedly, and then cancel the order at the last moment, claiming there was a technical issue, and they couldn't deliver it. If you can't fulfill orders, why promote your app at all? This has been one of the worst shopping experiences I`ve ever had. Very disappointing. I have not received my prepaid amount and the freedom sale discount coupons are also wasted.unistalling",
play_ajio_d84f27a9-d7c5-4bc0-8767-dd40586a7ed5,play_store,ajio,2026-08-31 16:40:43,5,I adore the collection and the material of the app it has huge variety,
play_ajio_90cfb133-cd4b-4065-9ab8-697fbfe70bec,play_store,ajio,2026-08-31 16:34:22,1,worse experience my 1st order and i am facing so much issue to receive it delivery agent are not good at all they are just pretend to deliver the product.in frustration you will cancel the order from your end and the will just give a missed call that they try to contact you only like a game wow not excepting this from ajio kindly improve your delivery service my service was some 3rd prty courier department which was shadowfor india rubbish service at all.,
play_ajio_58389292-2276-4fa1-a7ce-88c7dadcacef,play_store,ajio,2026-08-31 16:15:23,1,Cheaters and Frauds. I bought ASICS NIMBUS 27 shoes at a good price. Received wrong cheap shoes. The company has asked me to return despite my request to send the right item. They have even deducted some money as processing fees. The customer care has no idea and every agent has a different response to the issue. Very bad experience.,
play_ajio_6afe00d8-5993-437a-8c83-6c235dcec789,play_store,ajio,2026-08-31 15:58:45,1,"I received my backpack delivery on August 25th and initiated a return request right away. It has been several days, yet the pickup has still not been completed. There is zero proactive communication from the logistics team, and the status remains stuck. A return process should not require this much follow-up. Fix your reverse logistics and resolve my pickup urgently!",
play_ajio_71448efd-1ea6-4645-9572-531dffd51de4,play_store,ajio,2026-08-31 15:36:16,5,best fashion shopping app i love shopping on this app and it's fabulous shopping on the ajio store price are quite reasonable ❤❤❤😊,
play_ajio_f92820ea-fdf4-4ebd-b28e-b93fe9b17f4d,play_store,ajio,2026-08-31 15:19:07,3,"Muuchstac Facewash Not Available I want Muuchstac,I only use Muuchstac",
play_ajio_02ff1df5-709b-443d-8409-3cfb6128e829,play_store,ajio,2026-08-31 15:12:02,1,worst app for online shopping it give bad quality of clothes and when I return it it not give Full amount of refund don't download it,
play_ajio_b5aac8df-be82-4c3a-b29b-83e6f79143fc,play_store,ajio,2026-08-31 14:45:03,1,worst app by ordering clothes we get high price with bad quality clothes and by checking for refund they remove that option 😡,
play_ajio_bf9016e1-49ff-4130-8a98-e57b458427ce,play_store,ajio,2026-08-31 12:17:02,1,This is the worst App for shopping pls pls don't go for it they don't Refund just extend period Sbse Bakwas App h Products ki Quality Bhot Hi Khrab,
play_ajio_c200abc8-81ed-4904-bf2e-e175c3dbb714,play_store,ajio,2026-08-31 12:15:06,1,Asking for rs 15 if you choose cash on delivery payment method,
play_ajio_ee42119d-cdf9-46a3-b24f-6f3acab99e94,play_store,ajio,2026-08-31 11:47:21,1,"most useless shoping app I ever used, Didn't bring delivery to home,calls us for self pickup,and really bad clothes condition,don't use it and if are going to use take cash on delivery.",
play_ajio_effa0705-768e-44f6-95df-90e7ee4ab43a,play_store,ajio,2026-08-31 10:24:01,1,No support for customers. Customer care/help line number has not any option to resolve your problem not any option to raise your complaint.,
play_ajio_cfea789c-193b-4c92-810a-e57de30905a6,play_store,ajio,2026-08-31 08:17:11,4,let's see first order...just because of COD options deserve 4 starts if the material is good definitely 5 star mark my words. 🫰🏻,
play_ajio_6ca32dac-e85e-4530-b914-2190e5a68e77,play_store,ajio,2026-08-31 04:57:53,1,worse app. it takes soo long to deliver your parcel nd it's getting delayed over nd over again. it's really frustrating. they don't even have any reason for the delays. lol. wanted to cancel it but the option is not available anymore.,
play_ajio_1a64ab56-c050-4ba6-a569-e298f7ce0b54,play_store,ajio,2026-08-31 00:14:20,1,"Ajio app has lot of performance issues on scrolling the products and even on the product detail page, please optimise the application properly. If you guys can't optimise it properly then hire me.",
play_ajio_4ac4d02f-8bdd-4ca1-9712-fbbe71e4c04c,play_store,ajio,2026-08-30 22:51:49,1,Very disgusting app. They don't give you the product and keep on extending the delivery date and automatically return the product without informing and cut the handling charges from your paid amount also. I still didn't get my refund. It is a fraud application. Don't trust this.,
play_ajio_88397950-054e-4052-98f4-3012565e62a1,play_store,ajio,2026-08-30 22:17:15,5,very nice to use and Oder the product,
play_ajio_59a7c866-0951-495d-8210-deb03c046f12,play_store,ajio,2026-08-30 22:13:14,1,My order is always cancelled.,
play_ajio_258f12c9-10b9-4af8-977f-5eb77d232c6a,play_store,ajio,2026-08-30 21:00:03,5,best experience with ajio,
play_ajio_1387fee2-ee64-461f-9c6a-4712bd4d6288,play_store,ajio,2026-08-30 20:58:12,1,Pathetic app. Hangs after 10 min of browsing. Same behaviour in past 3-4 days.,
play_ajio_2fce82b3-5407-4dea-b8e3-33ac3be3f4ba,play_store,ajio,2026-08-30 20:50:38,1,"I can finally tell the app is keeping up now🦚! I love the app, and the app is soo⚡ much faster download. Earlier, this syncing happened pretty much every time you open the app, start, stop, or edit an entry, so it was a real pain. The app would literally stop responding until syncing was finished, making simple actions feel unnecessarily slow. You'd stop an entry and it'd be several seconds before it'd actually stop, and those extra seconds are added too the entry. Now download faster",
play_ajio_1ae06209-7f3a-497c-848a-1df86c3a499c,play_store,ajio,2026-08-30 20:42:38,4,The delivery is a little late but the quality of clothes is good.... you can buy....,
play_ajio_28ca5370-aecc-4a31-83c6-6901e5903e04,play_store,ajio,2026-08-30 20:41:44,1,Item not delivered timely इन्से हमे मिलती है तो बस तारीख पे तारीख पे तारीख पे तारीख पे तारीख dont waste your time and please don't purchase urgently material,
play_ajio_784de51b-6743-44fc-910c-c08476f1e4c9,play_store,ajio,2026-08-30 19:51:12,5,nice ajio good product comfortable thank you so much ajio 🙏🙏🙏🙏,
play_ajio_2dc732fc-cad0-4ad0-a114-4f743527aef0,play_store,ajio,2026-08-30 19:30:07,3,"not much review for the product to compare, not much colour options for products",
play_ajio_bac9eb1f-79b2-482a-9dc4-8f166320fb63,play_store,ajio,2026-08-30 19:19:07,1,Worst experience. Received the wrong product but they are denying a return request by saying that the right product was shipped from their side.,
play_ajio_fc17a2ef-5209-4ce3-9431-b4f6aa8bc6ab,play_store,ajio,2026-08-30 19:12:56,1,Worst customer service! There are not accepting returns which are valid by giving some lame reasons!,
play_ajio_a841603e-45e5-463c-97e0-7545834a6eca,play_store,ajio,2026-08-30 18:52:40,4,ajio is butget friendly match,
play_ajio_99d4e55f-d7b3-4aa5-a9b6-275fad6020b1,play_store,ajio,2026-08-30 17:41:57,3,this app is very slow on s24ultra unable to scroll products heavy lag,
play_ajio_632f0890-5659-49e2-8b9a-29112f8ca24f,play_store,ajio,2026-08-30 16:57:46,1,Really bad experience...the order is not delivered even after a month and when contacted they have no response,
play_ajio_fdbb3290-186c-4719-8df7-d67da90cf287,play_store,ajio,2026-08-30 16:41:21,1,"very bad app, charged 45 rs. cod, delivery delays for every product, whether you buy from rush option. customer care executive also don't know about the product delivery date, nor refund. so dnt waste your time for this app.",
play_ajio_c23ef2df-e4f0-4241-a82d-9d223d7e554e,play_store,ajio,2026-08-30 15:04:20,5,This app is so good and trusted I like it so much then other shopping apps,
play_ajio_93947166-df57-4686-997e-a1266a732939,play_store,ajio,2026-08-30 15:02:37,1,"They will send you a product(expiration life of 3 years) that is close to its expiry date then they will lie to you that the expiration date is listed on the product display page, which obviously is not. When you ask them to send a picture to see where the expiration date is listed they will say they cannot do anything as the product matches what is delivered. So you end up with the product that you will have to use before its expiry date so that your money doesn't go down in the drain.",
play_ajio_e0d7fc71-4e16-432e-9209-eb9eca8e26a0,play_store,ajio,2026-08-30 14:57:07,1,Ajio is a fraud Platform. on the website it says 10 days return is available and when we try to return they say u can only exchange. its a fraud platform.,
play_ajio_63b73af1-c367-46e9-88d6-4c62cd54073a,play_store,ajio,2026-08-30 14:42:38,3,he is my first order next time beter feedback you,
play_ajio_b3bb27fa-c8e3-4edf-ab10-327b3ca92764,play_store,ajio,2026-08-30 14:38:09,1,thare change now they droning fraud and the number they are giving is useless because no call go to this number,
play_ajio_8fb54a17-381c-4f0d-97a6-11ac0d44afd3,play_store,ajio,2026-08-30 14:35:25,1,"Very bad service. My order was delayed even after reaching the Meerut facility. The promised delivery date has already passed, but there is still no proper update. Very disappointing experience with AJIO",
play_ajio_e3d87f60-add1-44a9-9a8c-a26311f05174,play_store,ajio,2026-08-30 13:38:25,5,Fantastic offers and best price compared to others.,
play_ajio_459e29d2-7ac2-4857-98d9-74d52d2cf87f,play_store,ajio,2026-08-30 13:12:26,1,"third class app, wrong, used items provided, sometimes you can't return items, refund process is very lengthy, always irritating pop-up while opening the app, problem facing on product page, no options to post or upload pictures of products you received to give a review 😡",
play_ajio_dfb08837-d890-49c7-a7da-2e86e6da0fee,play_store,ajio,2026-08-30 12:31:25,1,bad shiping app it will good only seeing bad for shopping this app doesn't works well in this app and bad coutmer care also,
play_ajio_251f5d28-cb29-49ca-9534-dab9d59d3965,play_store,ajio,2026-08-30 12:05:55,1,"Absolutely terrible delivery service. I placed my KIKO order on 19th August, with delivery initially promised by 25th. It kept getting delayed, eventually to 29th August. I contacted AJIO and specifically told them I have a flight on 31st August. I was assured it would be handled on the 29th. And what did AJIO do? 🙂 Delayed it AGAIN to 1st September. So basically, I ordered well in advance, informed customer care about my travel date, and STILL won’t receive my order before I leave.",
play_ajio_0dc479a3-e65e-4266-b4d3-337cdb6526b3,play_store,ajio,2026-08-30 12:01:10,5,good morning thankyou for the oper Good product diliver Karna,
play_ajio_32660111-4e73-459f-a452-13cc828b62ff,play_store,ajio,2026-08-30 11:52:55,1,"worst app, there is no easy way to connect to customer support also, no fixed time for delivery, my product is getting delayed because they are saying the address i provided is wrong , i means more than 10 products already came on this address but somehow it's incorrect now , wow. if you don't want to deliver the product just tell it , no need to fool people",
play_ajio_99ef78e8-d2b0-45f3-a068-13699fa51a73,play_store,ajio,2026-08-30 10:33:16,1,the worst application I ever use I have ordered on 20 August it says deliver on 25th August and today 30 August no update no phone call nothing from the customer care when I am calling or messaging they are not not responding on time and not providing a proper solution for this very very very bad experience this will be my last order after that I will delete the application from my whole family and friends,
play_ajio_24f91e69-c2bf-4f63-addb-9b712afb4917,play_store,ajio,2026-08-30 09:46:12,5,I have not yet experienced it. Overall it looks like Ajio has a good collection,
play_ajio_9c85749b-0db6-409a-bc22-60ab94776604,play_store,ajio,2026-08-30 08:29:13,1,"Cheap quality products.If product need to be Return,against wrong product delivery.Denying to take retuen pik up.Then if lodging a formal complaint with consumer helpline then only asking customers to ship the product itself and later shipment amount to be credited into ajio wallet which is Really disgusting .First sending cheap and wrong product ,then refusing to take return..Never going to order on ajio ,also will convey the same to my known,not to order on ajio",
play_ajio_2d9814b3-52d0-4ab5-9681-0e765380cbf3,play_store,ajio,2026-08-30 08:04:30,1,Worst customer care service I'have ever seen.They confirm the order and then keep on delaying the delivery date.At the time of delivery they're showing the product is returned to their werehouse without even attempting any delivery. As it was completely their fault despite of that they keep on delaying the refund.There is no chance to talk to a customer care agent only automated reply from there side.Very very frustating.,
play_ajio_ecab2566-b8c8-46ac-b640-2950150a1818,play_store,ajio,2026-08-30 02:00:38,5,best for shopping application for India,
play_ajio_d2f395de-7cce-419c-8afa-c115ad750bd9,play_store,ajio,2026-08-30 01:19:49,5,Happy shopping Experience,
play_ajio_cf971a6e-d9c8-4398-aa9e-e18ca6b93308,play_store,ajio,2026-08-30 00:28:38,1,I've ordered a trolley bag that has been delivered on 19th aug & I return the item that day itself because of sizing issues but they're not arranging any pickup they said the product will be picked up by 24th aug now it's 30th aug I've raised complaints 2 times but no use they keep on delaying on purpose until it's on us refused to pickup,
play_ajio_bf850e25-39ac-4e91-b715-e140fb32a5c6,play_store,ajio,2026-08-29 23:23:29,1,i suggest to do not download this app this app is frustrating it extends delivery date like firstly my date is 29/7/2026 and then extended to 1/8/2026 and then extended to 5/8/2026 and at last they cancel the order,
play_ajio_ca2d58af-c736-460a-8746-1e9d462f3613,play_store,ajio,2026-08-29 23:08:34,1,bahot hi bekar app hai mene ek watch order ki thi mere pass 3 din se message aa raha hai arriving today but parcel nahi aa raha,
play_ajio_01c4b977-9bd4-4f84-8178-ec2d7f5eadb9,play_store,ajio,2026-08-29 21:59:56,1,"without expiry date and return how do we purchase any soap , shampoo kind of products ?",
play_ajio_f0bde912-5c7a-441a-9691-86c5f4ce4f00,play_store,ajio,2026-08-29 21:44:47,1,"⭐️ Extremely disappointing app experience. The AJIO app feels poorly optimized and frustrating to use. It frequently gets stuck while browsing, suddenly becomes extremely slow, and even closes on its own. An online shopping app is expected to provide a smooth and stable experience, but AJIO falls far short in terms of basic app performance. These issues make browsing products and placing orders unnecessarily frustrating. The developers seriously need to work on the app’s stability",
play_ajio_a6ee5bc6-8113-4cfa-8e4f-e6a9d445fc7e,play_store,ajio,2026-08-29 21:24:52,5,the most useful e commerence app ever🌟,
play_ajio_8c5dfdd5-e92e-454a-bc30-b687c38da57b,play_store,ajio,2026-08-29 21:12:18,1,Worst app ever... -> Hurry.... Offers.... -> order the items.... -> taking longer time than expected. -> delayed in delivery -> and finally cancelled after days.... and there you go..... Product price rise 200% and delayed in returning the amount....,
play_ajio_502c10ed-a64c-4a19-8d70-accea7e97e61,play_store,ajio,2026-08-29 20:53:20,1,"i hate the aap because there is no brand or price tag with the product, there is so much problem, If the brand tag is missing, it becomes very difficult to return the product. please rectify this.",
play_ajio_b4fb7e48-58c0-4b1c-9168-9f7922177d6e,play_store,ajio,2026-08-29 20:27:25,1,app filter Is not working every time need to fix bugs already updated Still facing same issu. size and brand filter is also not working properly still app scorling issue not resolve,
play_ajio_91aca5ce-d990-4f34-b665-33ec54d2730b,play_store,ajio,2026-08-29 20:10:50,1,Their return policy is terrible; they sell the product but won't accept a return later.,
play_ajio_02131a23-68a6-4a01-9f00-d5b9235e9a78,play_store,ajio,2026-08-29 19:46:30,1,worst app ever use.not refund my money back,
play_ajio_cfc52bda-2495-48a5-ac7b-8d5b29972369,play_store,ajio,2026-08-29 18:20:17,1,now a days ajio just sending any kind of item they dont bother about customer satisfaction after complainig also they wil not listen customer care services of ajio is completely use less to customers and delivering wrong items and old waste items in place of products and not listen customers it is totally wrong,
play_ajio_1134840e-6441-45d7-9131-5e4d8e09ff92,play_store,ajio,2026-08-29 17:40:31,5,Feature me are super amazing and smooth love it so very much,
play_ajio_0b2ec097-8af4-4712-84be-671baa7e3929,play_store,ajio,2026-08-29 16:42:30,1,very poor service.wrong old product delivered.me complaint raise kiya 2 times but again and closed issue.very fake online app.,
play_ajio_22a44a9d-2aeb-44d3-a7cf-4ef32c7f9dca,play_store,ajio,2026-08-29 16:40:15,5,"while clicking newbalance shoe photos the shoe page and photo and page not opening in ajio app. don't know it is jio app problem or hacking by Dubai king group, dawood ibrahim group & pak isi combination group doing hacking in my home BSNL FTTH broadband internet",
play_ajio_cd596efd-e587-4105-ba13-45cbffd1cacc,play_store,ajio,2026-08-29 16:17:47,5,the quality is very good 💯 i love shopping from Ajio,
play_ajio_f926702b-cfdb-48b2-ade5-f7eeb205c716,play_store,ajio,2026-08-29 15:48:10,5,i can't see real reviews here,
play_ajio_7b363af9-d423-49b3-84f2-09fd56541a0c,play_store,ajio,2026-08-29 15:46:06,1,worse app... delivery is late and if we try to track the order it gets redirected to the new website where you have to put mobile no...otp again,
play_ajio_991bdbc0-c633-4b30-bd40-eff49627a515,play_store,ajio,2026-08-29 15:40:56,1,recevived different item form what i ordered . and company not ready to support in providing correct item which was ordered,
play_ajio_c2ad1f2c-0a1f-4d1b-b221-3829519217a9,play_store,ajio,2026-08-29 15:14:29,4,Delivery is good and slightly low pricing then others.,
play_ajio_ee082f87-9f15-4972-8483-5b78bf28e154,play_store,ajio,2026-08-29 14:53:50,1,"terrible experience with deliveries,delayed order, second time delivery guy said no to delivery as he did not want to do door step delivery, and resolving this issue take 5 working days with absolutely 0 Output both time, need to stick with Flipkart and amazon ,Million times better customer service,no surprise you guys are not close to myntra",
play_ajio_f3b1fd72-55a3-4a2d-9271-c6f50194e031,play_store,ajio,2026-08-29 14:52:35,1,kitna bkwas delivery agent rkhe h ye log delivery agent order deta ni or khud cancel kr deta h pta ni kaisa natak h,
play_ajio_70165743-a2d4-473c-aa2d-b495df353144,play_store,ajio,2026-08-29 14:23:23,3,worst app .. no return pickup on time . not picked up after 15 days also. delivery are also late. they accept the order then they cancel it by its on. executives don't ans properly. for pickup they say today Tomorrow and so own . no proper way of working,
play_ajio_540fcbff-e205-440a-bce9-190c38203553,play_store,ajio,2026-08-29 14:17:04,1,"ajio is now a platform of harrassment .it was superb but recently lower quality product and logoless product despatched ,so that you can't try return request.I face it here number of times,bye bye,ajio",
play_ajio_29daf4e7-cee8-4a83-8c80-e759b982494d,play_store,ajio,2026-08-29 13:24:19,1,delivery patnar very bad 👎👎👎👎 express b bahut he ghatiya,
play_ajio_2f502501-62a5-4b92-b3e6-ede9a14dfa53,play_store,ajio,2026-08-29 13:00:13,5,their is many type of choices but their price is too much cust,
play_ajio_6b8d4ac7-1c2d-433b-91fa-ff7688cfa111,play_store,ajio,2026-08-29 12:33:46,1,dnt install and purchased from their website.They send products without brand tag. I am unable to exchange my product.,
play_ajio_a57392fc-1f16-4234-8e91-831bf828bb5f,play_store,ajio,2026-08-29 12:20:16,5,very great experience with ajio,
play_ajio_54925f49-8ce9-4b4b-b316-775fc227b7d4,play_store,ajio,2026-08-29 12:01:46,1,this is a fraud platform..my product exchange delivery was not even initiated and they have canceled my product..,
play_ajio_1b70d4ce-f2d3-4bed-b8f3-de24dfd7ae1e,play_store,ajio,2026-08-29 11:48:08,1,bohot bekar h bohot jyada Time leta h delivery me 😡,
play_ajio_b3764688-d8d1-4590-a3e0-a1ebe6f23f41,play_store,ajio,2026-08-29 11:23:12,1,"Please reconsider your agreement with Blue Dart, as they often fail to deliver orders properly in many areas. Kindly provide a more reliable delivery partner so customers don’t have to suffer due to poor courier service.",
play_ajio_df5fb5fc-4917-408c-9fb0-1ab423b8c01c,play_store,ajio,2026-08-29 10:49:24,1,0 star ka option hota to deti koi b kch mat mangana yha s sale fraud bethe h sab pr agr koi kch mangata h to return ya exchange mt krna kbhi na ose wapis milege or na product,
play_ajio_44b9318c-12e3-441b-8b1e-b23af0eadac6,play_store,ajio,2026-08-29 10:36:19,1,worst app not getting refund amount don't buy in this app,
play_ajio_4ef497a5-17b1-4a8d-87c9-60222e002c6c,play_store,ajio,2026-08-29 10:15:18,1,meesho is better than this app,
play_ajio_7a84d987-f966-40a2-8fcb-1aeb1a567395,play_store,ajio,2026-08-29 10:09:20,1,"i would have given 0 stars if possible,they are giving coupon codes which are invalid and mention them as free gifts it would have been better if they don't give any free gifts waste of time.",
play_ajio_28809ef3-50bc-4013-b08b-148470ea2803,play_store,ajio,2026-08-29 09:30:37,1,I ordered 3 dress..but I have received only 2 dresses.i raise complaint in customer care.they said we are not help it.i loss my amount.don't order ajio app.very worst service and not responsible customer care,
play_ajio_fd95807e-7fe4-4f96-abac-6163345d9f0b,play_store,ajio,2026-08-29 01:26:16,5,excellent shopping🛍️💸 experience,
play_ajio_fb061521-8ab5-4b8b-971b-73db6507ec4d,play_store,ajio,2026-08-29 00:06:07,2,The slowest shopping app on planet earth,
play_ajio_2f9c07a3-6c97-4060-8f80-0c10ce416ed0,play_store,ajio,2026-08-28 22:00:48,5,Good quality clothes shopping app,
play_ajio_7d33f98f-9499-443a-9382-971cb001b6e4,play_store,ajio,2026-08-28 20:38:56,4,The customer services is super cool I really appreciate it so much,
play_ajio_acb38423-a7cc-4c4a-ab82-6bfa0afce6f3,play_store,ajio,2026-08-28 19:29:58,1,worst experience with this app orders are being delayed & no response from the customer care,
play_ajio_75ddc199-4e7c-420d-8549-53cdc7d6eaa3,play_store,ajio,2026-08-28 17:35:26,1,"The price of the product increases a lot, so I did not like it!",
play_ajio_a661b13d-6a97-4189-a8e0-9242315abd66,play_store,ajio,2026-08-28 17:28:52,4,"even after clearing the cache, data, uninstalling, reinstalling, restarting the phone, the app is not working. complete blank page. unable to login.",
play_ajio_bc7595cd-0837-4314-ada4-d44c8f7fdde1,play_store,ajio,2026-08-28 17:17:14,1,"One of the WORST shopping experiences I have ever had. AJIO is an extremely disappointing and pathetic platform when it comes to handling customer issues. AJIO needs to take responsibility for its mistakes instead of making customers waste their time and money. Extremely poor customer service, terrible resolution and a very frustrating experience. I would seriously reconsider ordering from AJIO again.",
play_ajio_c942122e-7139-4f12-896e-d33e31db221e,play_store,ajio,2026-08-28 16:08:38,1,"⭐ 1 STAR — Absolutely pathetic first experience with AJIO! 😡 My FIRST order and I’m already disappointed. I ordered 3 Max oversized T-shirts worth ₹799 each, but received 2 completely different T-shirts and 1 random pant! My name and address were correct, so how does this even happen?! I paid for what I ordered, not someone else’s/random clothes. Such careless service and zero quality checking. If this is how AJIO treats first-time customers, I seriously have no reason to order again. 😡",
play_ajio_dee8ba90-a6f3-472c-96fe-2d2cfad0ce25,play_store,ajio,2026-08-28 15:44:58,1,frequently app not working. automatically coming out of the app and closing,
play_ajio_d9b68c53-8aa4-41c5-a3b0-e42d536b102a,play_store,ajio,2026-08-28 15:01:47,1,"VERY VERY VERY COSTLY, EXHORBITANT RATE, GIVING 000.1% REBATE,",
play_ajio_fb2e2cc5-a473-41cd-9d6f-b1bd2749fa6e,play_store,ajio,2026-08-28 14:32:27,1,"Worst app , unrealistic price of the clothes, material of the clothes was also not good and when tried to return - the app doesn't return the entire money. It cuts some charges",
play_ajio_c6e839d3-f413-486e-a4f4-3e75cd3606c7,play_store,ajio,2026-08-28 13:58:22,5,Quality is good and easy to order,
play_ajio_b9b06640-ec94-4662-ad4e-f1a3c6464fb3,play_store,ajio,2026-08-28 12:32:17,2,"very slow delivery, delayed delivery. would not recommend their services",
play_ajio_b7312b36-2653-46ad-8789-ba8da4a658d3,play_store,ajio,2026-08-28 12:19:02,1,"deleivery is pathetic , pricing is pathetic",
play_ajio_4601c2c2-3038-4c98-8453-a405f973b200,play_store,ajio,2026-08-28 11:19:05,4,Please improve the return policy and pay attention to the delivery charges.,
play_ajio_a5a1a2d8-9dfb-4aaa-accf-f9a6121f8b92,play_store,ajio,2026-08-28 09:17:44,1,"one of the worst customer care and refund policies! the shirt I ordered came without a tag and I faced return and refund consequences, and refund initiated from ur side u guys say that but it never credited! and for that you want me to inquire with the bank? .... worst",
play_ajio_9980bd50-a2ea-4ffc-9903-8a8eecb425e5,play_store,ajio,2026-08-28 08:31:35,5,"low price and Best quality products , AJIO is the best online shopping app",
play_ajio_bb0e1a6f-feda-403c-a568-682281a97f33,play_store,ajio,2026-08-28 07:58:33,1,very worst shows ai genrated products and promises refund but never give it back the worst app for shopping and also ai review,
play_ajio_03e011d8-6a84-4774-82eb-f04301375d3f,play_store,ajio,2026-08-28 07:40:59,5,extremely maded for gen z's,
play_ajio_4f79d880-e852-489e-85ba-2f01e7f39032,play_store,ajio,2026-08-28 07:31:06,3,The offers are not applicable most of the time even paying more than 1500,
play_ajio_146a212b-8cb7-48f5-ae34-21fb47091627,play_store,ajio,2026-08-28 07:30:59,4,nice produced delivery shipping yau ap,
play_ajio_50b37a3a-8c55-4f94-8e21-bbd5756cb037,play_store,ajio,2026-08-28 03:02:28,1,"Will provide lucrative discounts to beat current market offers, but order never gets delivered and eventually gets cancelled after 7-10 days. happened with me 2 consecutive times. By that time, the prices anyways increases in other websites too and you cant help. Ordered shoes for a trip, which got canceled just 2 days before my trip. Cannot be trusted.",
play_ajio_f99d9e5f-7db2-4417-a73f-d1711666a2b7,play_store,ajio,2026-08-27 23:37:03,1,"What kind of rubbish app is this? Who was this app made for to get married? Why is there such an app? No matter how much data I get, I can't open the app.""",
play_ajio_d5237cc2-f126-48f0-87f7-1e28b04d787c,play_store,ajio,2026-08-27 23:29:45,5,ajio offer is nice happy to shopping with ajio,
play_ajio_456dbbaf-db20-48bd-887b-be4cefd1f84f,play_store,ajio,2026-08-27 22:49:44,1,"such a cheap app. If you don't trust me, you will, later.",
play_ajio_79eb7bbc-d45e-429e-aa18-f47509ad42d1,play_store,ajio,2026-08-27 22:39:39,1,"AJIO: Extremely Disappointing Experience AJIO is honestly one of the worst shopping experiences I’ve had. I ordered from AJIO twice, and unfortunately, both times I received items that were completely different from what was shown on the app.This is complete waste of my money, time, and trust. On top of that, why am I being charged a handling fee when the service itself is so disappointing?AJIO, customers deserve to receive exactly what they order and what is advertised on your platform Cheaters",
play_ajio_c1b332f0-e840-433c-aac8-3cbe16eedbf8,play_store,ajio,2026-08-27 21:38:49,1,apki website bahot slow hai plzz isko upgrade kro axa internet speed hai mere pas axa device hai fir bhi bahot slow hai plzz sahi kro,
play_ajio_f8b9defd-efa9-4921-8b05-fb65c7ab01c7,play_store,ajio,2026-08-27 21:37:17,1,slow App not good products,
play_ajio_a3b63d9e-5c02-438e-a4a3-da84a3abeee7,play_store,ajio,2026-08-27 20:42:07,1,"Complaint: Used Product Delivered – Refund Required I ordered 2 pants from AJIO and paid ₹1,295 via COD. The invoice also confirms 2 quantities. However, one pant was new and properly labelled, while the second was clearly used, faded, had no original label, and was of very poor quality. I immediately requested a return, but AJIO refused, claiming the product was “perfect.” This is unacceptable. I received a used/incorrect-condition product and want to return it. Please accept my return",
play_ajio_13333532-c86e-43dc-b7ed-ca51075ca5cf,play_store,ajio,2026-08-27 20:37:33,5,Super cool features this app has I am amazed by the services of the app,
play_ajio_274590d3-8e5f-41ff-9abf-85501ceade03,play_store,ajio,2026-08-27 20:27:03,1,"worst experience.. they don't deliver the orders. and if we try to contact them, the customer care is of no help",
play_ajio_6941eccc-720a-4519-a477-fabb8f10f63c,play_store,ajio,2026-08-27 19:50:26,5,good for brand Clothes in best price,
play_ajio_f51d5988-cd57-4822-906e-7fb50a5df0ae,play_store,ajio,2026-08-27 19:47:45,1,"Very disappointing experience with AJIO. Ordered a Casio A500 on 12th August, promised delivery by 19th, then delayed to 25th—and still not delivered. Customer care only gave false assurances, wasting my time. I finally requested cancellation, and now I'm told to wait until 28th for cancellation and another 7 working days for the refund. Such a frustrating experience. Poor delivery, poor support, and a complete waste of time. Definitely not ordering from AJIO again.",
play_ajio_6c1e0c57-83b2-4175-8fed-295b09b7b0b8,play_store,ajio,2026-08-27 19:13:29,1,negative for 1st purchase deliver charges,
play_ajio_ba062136-1d3e-4439-872d-05dfa644baf7,play_store,ajio,2026-08-27 19:11:46,1,"not able to see the product details getting errors like "" oops something went wrong plz try after sometime. after updating to the latest version.",
play_ajio_ed1ec632-84c2-4e13-87e9-d567d5737b3b,play_store,ajio,2026-08-27 18:22:45,1,why platform fee customer will pay,
play_ajio_397a8eca-6da6-4020-8fed-585a7f6d7e21,play_store,ajio,2026-08-27 16:43:26,1,this is worst app and legal scammers so don't install this app be carefull ajio is scammers if buy shoes because they give 10 size shoes if you order 6 or 7 and ajio team act like they trying to reach but cannot and delivery boy comes and ask OTP then telling us OTP failed so I will come Tommorow and rest in peace . he never come again. so don't buy this .,
play_ajio_178c6a9a-982b-4aae-a7a8-99ae9ecdfa28,play_store,ajio,2026-08-27 14:32:28,1,"defactiv product sell, no easy returns",
play_ajio_69d204af-c326-4bba-9ff5-09fc2d48b7b1,play_store,ajio,2026-08-27 13:40:42,1,location not searching exactly,
play_ajio_4324bf10-c547-4ed7-b2b2-28ef7db63a99,play_store,ajio,2026-08-27 12:53:03,1,Pathetic service.. I order the product 2 weeks ago and still not delivered and they are just giving excuses and even not allowing me to cancel the order and give me refund. I am literally stick Please close your app if you can't manage it properly,
play_ajio_be853f89-0fbf-42c2-908a-1671c26d8f2b,play_store,ajio,2026-08-27 11:51:05,1,Fraud app where is my order apne aap hi order cancel kar dete hai burst app,
play_ajio_2c003658-5b90-47b8-9763-7dee21373cd6,play_store,ajio,2026-08-27 11:47:45,1,One of the worst experiences in the app was that I ordered one item but I got another item i contacted the customer care service but no response,
play_ajio_f96a3064-3d0b-4991-9427-0cfc0e0c58e8,play_store,ajio,2026-08-27 10:58:32,5,Nice T shirt best application flatform,
play_ajio_8a66dbe3-00a2-4f7e-a91d-c62ae205e402,play_store,ajio,2026-08-27 10:54:07,2,"​""Worst experience with referral program! I referred a friend through the app, but I haven't received my referral reward yet. Customer support is of no help either. Very disappointing app experience. Please fix this bug ASAP!""",
play_ajio_011abc7c-b045-4c56-b802-844c55e4780e,play_store,ajio,2026-08-27 10:41:39,1,"actually, I wanted to give negative star but there is no option. one of the worst experience.",
play_ajio_b9b2699a-03db-4512-a20f-1b4c487869a0,play_store,ajio,2026-08-27 10:33:39,1,"I have observed it multiple times, whenever you get a good deal of clothes, they deliberately cancel the orders without any consent, although the products were still available for delivery at higher prices. Old habit of Reliance Group.",
play_ajio_3c93ed5d-3a74-4d62-8dcc-4ca6b00cacb3,play_store,ajio,2026-08-27 10:05:22,5,good fabrics and also defferent models,
play_ajio_7bd77767-d245-47b6-b094-8ece6e20483d,play_store,ajio,2026-08-27 09:17:57,1,iam first time very bad experience with ajio. my order is to late.my order received 12 days,
play_ajio_62ab42e5-09ff-4514-b47d-6a74cb108ce8,play_store,ajio,2026-08-27 07:45:28,1,wrost experience I ordered a shoes they changed my dilivery date 4 times and my product is after 13 days my product is didn't delivered yet please stay away from this platform this is very frustration,
play_ajio_0855c9e1-6296-4a96-840b-209e97014e90,play_store,ajio,2026-08-27 07:39:07,1,never order from Ajio app u ll never recieve ur order ajio will ban ur COD if u return & ur order will not receive & ajio will mark as delivered & no one will help u ..,
play_ajio_c19d1e0c-cf13-4eb4-b0e7-e9ab1d6c4f70,play_store,ajio,2026-08-27 07:00:11,1,"worst delivery experience by Ajio, they can't even deliver the orders within 10 days, many old reviews shows delivery concerns, even they can't change their service system, useless app in the market",
play_ajio_aa4166a8-a83d-4a6c-bd75-66dd4a2dba2d,play_store,ajio,2026-08-27 03:26:52,1,After delivered I'll be reviews rating,
play_ajio_c66c1111-ee88-4398-8f0a-9c76b2f99774,play_store,ajio,2026-08-27 00:47:50,1,"I received the wrong order from AJIO, so I returned it on 21st August , but I still haven’t received my refund. When I contacted customer support, they simply told me to wait for 5th sept . The mistake was made by AJIO, and I returned the product on time. Why should a customer have to wait so long to get their own money back? Wrong order + delayed refund + poor customer service.Very disappointing experience with AJIO.",
play_ajio_eaa07921-e28e-4002-b634-32539b41e8ce,play_store,ajio,2026-08-26 23:54:06,3,Not a great fashionable app,
play_ajio_82325f49-db80-45bd-8564-2897ae1be71c,play_store,ajio,2026-08-26 23:23:51,1,On 3 August i placed my order pay through online after a week in delivery time the ordered being cancelled and the refund amount still i not recieved 26:08:26 because of this i cancelled my plan still not received refund,
play_ajio_d1a56955-7cc3-4f2f-be31-cd453c7e7c99,play_store,ajio,2026-08-26 22:13:22,1,this app is not opened in my device pls check,
play_ajio_d3e3fabb-a8c1-4334-9b93-52e9c52271e9,play_store,ajio,2026-08-26 22:04:44,1,"Worst experience with AJIO. I cancelled my order, and it has been 26 days, but I still haven’t received my refund. I have contacted customer care multiple times, yet there is no proper resolution or clear response. This is extremely frustrating and feels like I’m being scammed out of my money. Taking payment is quick, but getting the refund back seems impossible. Customer care keeps giving assurances without actually resolving the issue. I strongly recommend being very careful before ordering.",
play_ajio_b276523f-f965-4ca5-a591-056b4abafdf8,play_store,ajio,2026-08-26 21:31:51,1,"i had ordered one pair of shoes. we got the shoes but the delivery boy didn't complete his transaction as shoes delivered. hence, we couldn't return the item as application was not allowing to return or exchange. even customer care didn't help.",
play_ajio_2d42d39d-b0be-4261-ad12-c6fc8ebf5914,play_store,ajio,2026-08-26 21:14:31,5,ajio is good for budget friendly worthy shopping,
play_ajio_546e31dc-12ef-4a71-a0d1-ce59365c9464,play_store,ajio,2026-08-26 21:08:07,3,everytime while ordering products get out of stock nd platform fee s als high,
play_ajio_1b6283c2-a4f5-485b-b2b0-5f40b5ad6569,play_store,ajio,2026-08-26 20:59:37,5,"realy i apriciate, good choise, and superb collection",
play_ajio_c2905191-0891-4b31-bc95-1a19884cdb61,play_store,ajio,2026-08-26 19:48:25,1,"very bad experience, maine s size mang vaya tha m size aya he aur colour and design bhi dusra bhej diya he ...full to waste my money",
play_ajio_e3e9c44d-7431-4f9f-855c-2a6d574e14b6,play_store,ajio,2026-08-26 19:36:48,1,"Guys pls Don't TRUST ON this FAKE APP, TOTALLY FAKE PLATFORM, FAKE DELIVERY COMMITMENT TOTALLY FAKE PLATFORM, ITS A SCAM,FRAUD APP",
play_ajio_9267907e-f999-4936-9ee1-9bb94a785425,play_store,ajio,2026-08-26 19:11:03,1,"My order was delayed for days, and AJIO support was useless. I contacted them through the app and emailed customer care, but only received automated replies. Shadowfax was no better; they ignored my issue and sent generic responses. AJIO agents also rely on automated replies instead of solving problems. I already know this review will get another response telling me to call or email, but I have done that repeatedly. I am fed up. This reminded me why I stopped using AJIO. Never ordering again.",
play_ajio_dae46cd9-5419-4c2d-b90c-b8a74c40853d,play_store,ajio,2026-08-26 19:06:59,1,Worst Online Platform To Buy Things Friends I Strongly Telling You there is No proper Delivery no proper Returns no proper Cansleation refunds Also Not Done Instantly worst App may Rating 0 thera is no option to Give Zero so Rated 1 ⭐,
play_ajio_3b4ed51e-e667-41bb-8e9c-280bb10e4ba7,play_store,ajio,2026-08-26 18:59:56,1,worst customer support I have ever experienced. for my order delivery partner said I kept your order on reception and i trusted on him as I was in office and gave the otp. but when I came back the parcel was not there and this customer support is not even helping instead saying it was not our fault. will never use this ridiculous app again.,
play_ajio_81b5a385-8354-4a70-ab28-43e22f106e94,play_store,ajio,2026-08-26 18:09:49,1,bad experience coustomer care support riply too late and i order a shirt but i received worng colour & pattern shirt return was not accepted .,
play_ajio_b5682961-f5b2-47a1-9a45-fe4aaaba0a6c,play_store,ajio,2026-08-26 16:39:51,1,worst experience ordered multiple times everytime a defective piece is sent by them they don't even care of customers i ordered an item on 8th of the month sent me wrong product but it is still with me they are cancelling the return request from there side 3 times now and I don't even think I will receive the money that I paid for that order can't I just give it a 0.1 star instead of 1 whole ⭐⭐ use mintra guys ⭐⭐ better than this way better than this,
play_ajio_e233f6d9-9832-41fa-9429-3b44dba63f9b,play_store,ajio,2026-08-26 16:36:41,1,"bahut hi ghatiya service h ajio ki, I have ordered striped full sleeve regular shirt, but they deliver plain half sleeve wrong colour shirt then I return as wrong product received but rejected my return request, didn't pass quality check ka bol ke then I contacted to customer care support but no supportortive response from their. I loss money and also not get desired product. very disappointed from ajio. No customer care support",
play_ajio_d98ed075-adbb-4c67-a2b6-f487dc63906f,play_store,ajio,2026-08-26 16:28:43,1,worst app I ever use they are using third party servicing website like xpbees just stupid things never shop these app,
play_ajio_ee6ca059-3019-4319-a216-145cce09c2ed,play_store,ajio,2026-08-26 16:08:06,1,"It's a terrible app, never use it if you don't want to suffer I'm speaking from personal experience.",
play_ajio_59be7dda-d98c-4bb5-8303-e9878cb46299,play_store,ajio,2026-08-26 16:02:48,5,"""You can shop confidently / trustingly on Ajio.",
play_ajio_e8737df7-338f-4ba4-80f4-fd1ab5b16335,play_store,ajio,2026-08-26 14:55:10,2,"Terrible delivery experience on AJIO for my very first order. Despite charging extra platform fees and delivery charges, it took 2 full weeks just to deliver the item. When I needed an exchange, that took another 3 weeks making it a ridiculous 5 week ordeal for just one product. Competitors like Flipkart and Myntra deliver within 5 days max without levying these extra delivery fees. Truly disappointing service...",
play_ajio_d50277d6-0500-452b-93a1-e25148fd796f,play_store,ajio,2026-08-26 14:53:45,1,Very bad they canceled my order 2 times without any reason and didn't refunded my all money,
play_ajio_b1ab0c04-a54d-415d-bfcb-17e76f64206f,play_store,ajio,2026-08-26 14:11:48,1,very cheap application koi kuch order mat karna quality bohot kharab h or refund kre to refund success dikha rha h app k ander or payment abhi tak nhi aai h 3month ho gye 😡😡,
play_ajio_ddd75f4b-0e04-4991-a66e-e317aae8d5fd,play_store,ajio,2026-08-26 14:02:45,1,"AJIO ka experience honestly kaafi kharab raha. 😐 Shopping app hone ke hisaab se jitni achhi service ki expectation hoti hai, mujhe waisa experience bilkul nahi mila. Order se lekar delivery tak ka process kaafi frustrating raha. Sabse zyada problem delivery ko lekar hui. Delivery boy ka behaviour aur baat karne ka tareeka bhi theek nahi laga. Customer se normally aur respectfully baat karna basic cheez hai, lekin yahan woh bhi expect nahi kar sakte. Delivery service ki wajah se poora shopping",
play_ajio_628bd66f-81c1-4158-b8de-e7cad083eba3,play_store,ajio,2026-08-26 13:56:50,1,"my dear brothers and sisters,please don't use this app. for the delivery guys literally rubbish and the shipments are delayed a lot.",
play_ajio_7c77e0fc-6a24-4930-8172-9d5b1a838ad6,play_store,ajio,2026-08-26 13:48:35,3,properly and same to same order give me,
play_ajio_74f757d4-a0ed-4383-b5c4-301f5f35b1fa,play_store,ajio,2026-08-26 13:41:10,1,Very poor experience. Not satisfied with the service. Would not recommend this app.,
play_ajio_b611f752-68ba-4546-98ac-7debfdd89713,play_store,ajio,2026-08-26 13:22:58,1,"They deserve 0 stars. They accept orders, keep extending the delivery date repeatedly, and then cancel the order at the last moment, claiming there was a technical issue, and they couldn't deliver it. If you can't fulfill orders, why promote your app at all? This has been one of the worst shopping experiences I`ve ever had. Very disappointing. I have not received my prepaid amount and the freedom sale discount coupons are also wasted.",
play_ajio_6e973b80-3c19-42b5-9650-4918c962a3be,play_store,ajio,2026-08-26 13:10:27,1,pathetic app they just delay your order for delivery,
play_ajio_3b9821cb-396b-4797-94a0-de3bfed7acee,play_store,ajio,2026-08-26 13:00:47,1,"the show the fast delivery first and when cx places the order the change the date as per there requirement. if cx calls there agents are so pathetic no responsibility just putting things on cx it is what we are seeing. the manager's are even worst doesn't know how to speak or even use headphones. keep on just putting things on cx and not taking responsibility when i said i have SS showing the order was promised to deliver next day. never ordering or using the app again, first n last order.",
play_ajio_eb8fec2a-ed36-4797-bcc0-5fbe3cf877af,play_store,ajio,2026-08-26 12:26:26,5,Loving Ajio app and the offers it provides. The app functions smoothly. Hope the products are original and of good quality.,
play_ajio_749a8ab8-6b5d-4742-b831-ef55b3f6df89,play_store,ajio,2026-08-26 12:16:11,1,"Very Disappointing Delivery Service & Customer Support AJIO का delivery time बहुत ही खराब है। Orders को निर्धारित समय पर deliver करने के बजाय बहुत ज्यादा delay किया जाता है, जिससे customers को काफी परेशानी होती है। सबसे निराशाजनक बात यह है कि delivery में देरी होने के बावजूद customer support से कोई उचित समाधान या संतोषजनक response नहीं मिलता। अगर AJIO को अपनी service बेहतर बनानी है, तो सबसे पहले delivery system, estimated delivery time और customer support में सुधार करना चाहिए।",
play_ajio_1b9d1eab-96c8-45aa-8b00-3112d2bfbbc6,play_store,ajio,2026-08-26 11:20:32,5,cash and delivery option ledhu,
play_ajio_850d225f-e2b1-40d3-96ce-4556cef056d8,play_store,ajio,2026-08-26 11:18:51,1,Delivery process is very cheap and my order is not received,
play_ajio_e7deaa1f-7176-4169-8f68-6eae678e969a,play_store,ajio,2026-08-26 09:53:12,1,fraud app don't buy any product to this app please,
play_ajio_e0070f13-7fec-4e30-a3cf-3a3c056abb57,play_store,ajio,2026-08-26 09:49:19,1,very bad experience ye log glt product bhejte h and return lene ke baad refund bhi nhi dete b,
play_ajio_a9f848c0-8d42-4b4a-83a9-f92b9aa8a84d,play_store,ajio,2026-08-26 01:49:08,1,worst service I am order trouser it's quality poor and size incorrect received when I am doing return process it's almost 15 days but there is no proper response I am doing return 2 or 3 times but product not picked yet since last 15 days,
play_ajio_b55d96f6-57e6-4582-8e23-7cdb5e0cfe13,play_store,ajio,2026-08-26 01:32:16,1,"very worst aap delivery agents are so unprofessional or jana bhi khud padta hai parcel store se parcel lene 😡😡this app is so worst i have ever seen, don't order anything from here it's very annoying 😤",
play_ajio_071be2c1-5d6d-49ba-8eb0-efc46747cb07,play_store,ajio,2026-08-26 01:30:28,5,very nice the ajio application,
play_ajio_26b67597-45cb-41c5-b7b1-1673dcae39b4,play_store,ajio,2026-08-26 00:33:31,1,very bad experience charge cash on delivery fees,
play_ajio_3c69065d-b03f-41a9-b679-968221f2b0a7,play_store,ajio,2026-08-26 00:23:19,5,Absolutely stunning collection and the features are super cool,
play_ajio_fef38ea7-21ca-4458-b718-99a85dfb9931,play_store,ajio,2026-08-26 00:02:21,5,Good app with some discounted material,
play_ajio_b77fd917-96c5-4949-9936-ef852a4ccc06,play_store,ajio,2026-08-25 23:18:50,3,i couldn't get my parcel and it's return to their warehouse without my knowledge and not delivered to me I have complaint 3 times to your customer care but nobody help me to deliver my order,
play_ajio_e7f534d1-0c84-437a-9006-c1e80262de92,play_store,ajio,2026-08-25 23:13:18,5,I like it the app was awesome,
play_ajio_985b3a6a-7d34-4b29-9a39-c07283ba6170,play_store,ajio,2026-08-25 23:09:07,1,"login so hard in this app, try upi segment instead of shopping",
play_ajio_d5a38970-896f-412c-8f34-986617799999,play_store,ajio,2026-08-25 22:27:45,5,This App is my fvrt shopping app,
play_ajio_cd566249-49bc-47fa-81aa-4137e5b5594e,play_store,ajio,2026-08-25 21:50:05,1,ajio return or exchange option not good as flipkart amazon .... customer care option also not there very bad app user experience,
play_ajio_32ee1abb-ac9d-46e8-95a7-7b8d0f2f0841,play_store,ajio,2026-08-25 21:37:11,1,i ordered 2 items together i got one and another one just being delayed for no such reason. it was supposed to deliver in 7 day but after 15 day it is not delivered. the product just showing shipment received at shadowfax's dc family every day but not delivering product.,
play_ajio_1b704a1b-dc8a-4409-a971-bdb44b5cd5d6,play_store,ajio,2026-08-25 21:22:08,1,"3rd class application, as their delivery is late by almost 10-15 days, and there uneducated delivery persons don't know the exact location, and always deliver the wrong product, As an Indian application it is 3rd class as usual.",
play_ajio_3314d961-7b9e-4f91-aff6-e63400950bbc,play_store,ajio,2026-08-25 21:21:23,5,I love it so many coupons,
play_ajio_f4cc2f38-14c7-408d-a7f3-60883a3762c5,play_store,ajio,2026-08-25 20:51:28,1,"Very disappointing experience with AJIO. I entered the correct delivery address in Assam, but my parcel was wrongly sent to Tripura by the courier. This is not my mistake. AJIO should investigate the routing error and take responsibility instead of asking the customer to reject the order.😤😤",
play_ajio_e62a3a26-fe00-4e4f-a038-f372fc2dbcc4,play_store,ajio,2026-08-25 20:16:03,1,Showing High Quality Clothes Dress Nd Sending Low Quality Clothes Dresses,
play_ajio_950c962d-c0fa-46cc-966c-807146261639,play_store,ajio,2026-08-25 20:08:37,1,worst experience. I have ordered three items. first of all i received them a month later. and all of the three products are totally different from what I have ordered. And now when I am trying to return. they are not confirming my return request and just cancelling it. please don't use this app use myntra or flipkart but never this app. this is the worst app. I have lost my money and they are also not refunding my money.,
play_ajio_3f6144e4-1428-40be-a23d-d0a61cefa7af,play_store,ajio,2026-08-25 19:15:17,5,the material is super cool and good I just like it's collocation so much,
play_ajio_9d30bc7f-7dd5-4c28-ab5c-6b06eb03506b,play_store,ajio,2026-08-25 18:24:23,1,I used it 2 times to place orders every time I order something they miss something. The first time when i placed an order and returned the item they took 4 months to refund and the second I ordered 2 necklaces they shipped only one item and they are requesting 7 days just to check for eligibility of the refund. Do not use this app.,
play_ajio_42edde06-e82a-49d2-8f51-feba39b631b9,play_store,ajio,2026-08-25 18:22:07,5,ajio is a nice app to shopping and nice coupons applied applied for them 😁😁,
play_ajio_40e953a5-9c3f-47ee-b2e9-f93ae0076544,play_store,ajio,2026-08-25 18:11:43,5,this app is soo amezing and trustworthy on shoping all people man and women shop it and amezing gift 🎁 Thank you 🙂,
play_ajio_c15c19c0-2e2d-4302-8472-ebf4eb361bb6,play_store,ajio,2026-08-25 17:05:50,3,"too many extra charges, otherwise all good",
play_ajio_06148b87-ccc0-4513-90f8-09930feebca6,play_store,ajio,2026-08-25 17:03:44,5,value for money products selling,
play_ajio_ef184ed9-0060-4f60-b25d-9e0d74893216,play_store,ajio,2026-08-25 16:19:08,1,I have ordered 2 dresses and returned it because of the quality and till today I haven't received my refund,
play_ajio_b7bfdf28-1e14-4fb2-8c38-2916e90d5148,play_store,ajio,2026-08-25 16:11:11,5,ajio Always giving best deal with good discount..perfomax shoes reliable with good qauality..,
play_ajio_1603627c-78e0-45a0-9522-71ff4797354c,play_store,ajio,2026-08-25 16:03:20,5,"Order successfully dispatch ho gaya hai. Abhi product receive nahi hua, lekin ordering experience bahut smooth raha. AJIO par process easy aur convenient laga. Product receive hone ka wait hai, hopefully quality bhi achhi hogi. ❤️",
play_ajio_cc4364d6-0a6c-4fa9-bb7b-0c741bfe3d97,play_store,ajio,2026-08-25 15:32:32,1,"very worst app, i ordered One dress for my 8 yrs old girl baby but they send Different Colour less, Gown then I try to exchange but the option is not available they only refunded with platform fee and delivery fee deduction, ajio what a business idea, Every one people orderd one product but u send Different product and then refund process with deduction, THE MISTAKE IS IN YOUR SIDE Y SHOULD I PAY PLATFORM FEE AND DELIVERY FEE, Ampani group is Very very very Fill it ok",
play_ajio_6cf0abf9-7abb-4282-b839-452c0d33ca30,play_store,ajio,2026-08-25 15:15:22,1,not delivered your location problem many products.,
play_ajio_06753413-2937-43ff-b1fb-6ecd63df30af,play_store,ajio,2026-08-25 13:50:43,5,Ajio is a best option to purchase on line garments.,
play_ajio_788eed37-dc9f-46e8-b983-0fd6fa339592,play_store,ajio,2026-08-25 13:08:01,5,product was so good i am satisfied but app response is not very well,
play_ajio_22dfbd08-bb14-473f-aa63-b14adca43e10,play_store,ajio,2026-08-25 12:55:22,1,verry bad service can't order this app,
play_ajio_05c81524-3fb8-489b-a7d7-3536a0f4cfb9,play_store,ajio,2026-08-25 12:15:51,1,"First they blocked my funds, then took 3 days to unfreeze them, then I placed an order and what was initially showing 5 days to arrive took 12 days to get delivered, that too in Ranchi and not in some remote village. Their customer care service is nonsense and they just give fake assurances the whole time, and I don't have any words for the dumbest delivery partner they could have, the great shadowfax. Ajio just raise customer care tickets and don't call back at all. Just the worst experience.",
play_ajio_7a4e4ecd-21b3-4c60-a0d3-0b9c1936ab5a,play_store,ajio,2026-08-25 12:14:35,1,worst experience...part of the item was missing..but no response,
play_ajio_5d8d1333-dee8-4cc3-b599-ee1f51cb5eae,play_store,ajio,2026-08-25 11:59:34,1,delevery late and exchange some time incomplete and you have to tell them ohh it's not exchanged yet they delay the exchange date 🙄,
play_ajio_455575ec-85fe-440a-93e0-99bdea030202,play_store,ajio,2026-08-25 10:31:40,1,"Your team is really bad, first you people cancelled my product and promised me a apology coupon which I never recieved after multiple follow ups. 2nd you people have really bad packaging, I purchased from luxury section and the packaging was so pathetic, it was supposed to be gift to someone and the packaging was such a way it felt like I'm purchased from some roadchhap shop. 3rd you people rejected my review sitting not product related. what non sense is this? product was not manufactured by u",
play_ajio_dfc379f7-19c6-446a-b036-a69b73173efb,play_store,ajio,2026-08-25 10:16:56,1,bhaut ghatiya app hai wrong product baj ka uper sa return v nahi karta hai jadi,
play_ajio_5df1a6b1-95dd-4531-8189-9b776ad1551e,play_store,ajio,2026-08-25 10:13:38,2,phle paisa kam btata ho bad me jyada leta ho not good,
play_ajio_d7be0394-1e6a-4e9e-9af1-652d8f8aa4ff,play_store,ajio,2026-08-25 08:55:19,1,Pathetic Experience! I have ordered the shoes and the delivery guy was rude and still my shoes isn't delivered yet. All cx service representatives say is sorry. 0 Star Experience.,
play_ajio_2927c069-0daa-4234-bce2-5ba45ce3d280,play_store,ajio,2026-08-25 07:39:57,1,Platform fees and extra charges on cash on delivery are totally unfair with the customer.,
play_ajio_c463c284-d10f-4d48-a2b0-a3328a0039eb,play_store,ajio,2026-08-25 07:38:25,5,sasta rako product ko samze.,
play_ajio_e50673d6-a2dd-4b8c-8af0-4e7c932bab3f,play_store,ajio,2026-08-25 07:24:06,1,Now a days ajio is performing bad. Last week i orderd 2 kurtha set. Both are entirely different from i orderd. Already item received too late. App is hang in every time.,
play_ajio_0ea80388-27de-4fa0-bafb-501dd9275784,play_store,ajio,2026-08-25 01:09:41,1,they delivered wrong parcel and also charging the convenient fees from us not giving us the money to Ajio wallets. also the customer care department is doing absolutely nothing to help you even though it was their fault. please don't purchase things from this app.,
play_ajio_052cf4c6-29a8-491d-ad9d-be0351c61312,play_store,ajio,2026-08-25 00:53:22,1,Worst app in the Indian Ecom space. Myntra is a far better platform and experience altogether,
play_ajio_7bf29476-5d82-4e1d-a9b7-3426fc8d8be1,play_store,ajio,2026-08-25 00:43:39,3,The process of placing order should be improved. A option to place order just beneath the commodity should be available for better convenience to the customers.,
play_ajio_e14108a8-8bb5-4e5a-98f4-b4f4f8d3b086,play_store,ajio,2026-08-25 00:01:07,5,I love product from this app ..I highly recommend to buy product from this app,
play_ajio_5d36f55a-2eda-4250-9154-1646a431a1b5,play_store,ajio,2026-08-24 23:36:31,1,"worest app, service is very bad i have ordered one pair slippers when I ordered it's shows before 24 Aug wil delivery i didn't get on this date now it's showing 28 Aug and price also product is Rs 280/ included tax transport Rs. 352/ why 72/ extra",
play_ajio_6ad8af37-66df-43d3-9348-cd74827eea85,play_store,ajio,2026-08-24 22:33:12,5,nice collection and good qality,
play_ajio_8797fdf1-d36b-4387-a1f9-6cc54bdc9818,play_store,ajio,2026-08-24 21:55:44,1,"🚨⚠️❌ Meri personal advice: AJIO se purchase karne se pehle return aur exchange process ko zaroor check karein. Agar return/exchange important hai, to aisi service ke saath order karne se pehle achhi tarah soch lein. Very disappointing experience. AJIO + Shadowfax — return/pickup service needs serious improvement. ⚠️⭐ 1/5",
play_ajio_499d0df9-2c98-4866-9542-56f734c6b7ca,play_store,ajio,2026-08-24 19:54:39,1,"I am extremely disappointed with my experience ordering from Ajio. I placed orders three times, and every single time, I received the wrong product—and of poor quality, at that. Although I submitted return requests and the items were collected, I never received a refund. Calling the helpline provides no assistance either. How long is a customer supposed to wait for a refund? With other apps, the refund is processed either on the same day the delivery person picks up the item or the very next day",
play_ajio_5ce3bda8-f232-41a2-a269-2bcdc829f579,play_store,ajio,2026-08-24 19:29:54,1,worst customer service and delivery service,
play_ajio_4488afb7-55f2-4087-96fb-55f635961d87,play_store,ajio,2026-08-24 19:22:17,4,need to add more retailers,
play_ajio_a539cb4f-825b-475b-b8ec-3b90da78db00,play_store,ajio,2026-08-24 17:42:29,1,"Worst app ever! Cheap-quality products, poor customer support, and what they show on the app is completely different from what you receive. They even send products without tags, then reject returns claiming there’s no tag. If the product was received without a tag, how is the customer responsible? They offer no proper solution, leaving you with a low-quality product and wasted money. Highly disappointed! I don’t even want to give you 1 star. If there were an option, I would give you zero stars—",
play_ajio_5c7df340-1d74-4d52-911e-94a41c2fb626,play_store,ajio,2026-08-24 17:34:20,1,too expensive take money at small things,
play_ajio_fa6c0a5a-01f7-4bae-9a22-3fba17e493de,play_store,ajio,2026-08-24 17:29:07,1,Very very worst quality and worst service,
play_ajio_2db2d5d7-1235-41f2-a6ec-d42e53cf5e5f,play_store,ajio,2026-08-24 16:55:29,5,"I love the app, because I get clothes on very discounted price.",
play_ajio_bbd4f8d0-f30e-4895-a44e-987a0dbac380,play_store,ajio,2026-08-24 16:04:20,4,"good product ,price always low from another online app",
play_ajio_d026fa45-5d32-4cf8-88d6-283f9a7c5562,play_store,ajio,2026-08-24 15:37:28,1,"It is a very useless shopping app. I did some shopping but when the product arrived it was of very poor quality and without tag And when I returned this product, the return was not accepted. I was told that there was a tag in it, where is it? I said there was no tag in it, then the delivery boy told me that we will not return it. I had already paid",
play_ajio_48155a33-78de-4deb-aa0b-be4384259f91,play_store,ajio,2026-08-24 15:29:39,1,"Never trust them. This is the second time they have failed to deliver the product within the timeline they committed to. They keep giving one revised timeline after another, and eventually cancel the order themselves. Their customer service is also very poor. They only keep listening to their own side and never provide any proper solution. Overall, it has been a very bad experience.",
play_ajio_9f89be0c-52d1-4f05-8097-945e2455dd76,play_store,ajio,2026-08-24 14:12:13,1,3rd party app hai utla pulta product delivered karta hai then return ni leta 1 week tak wait karwai koi delivery agent ki call ni aayi automatically canceled kr diye cheapest app i ever seen,
play_ajio_ead8449c-225b-4a5e-8c9e-3db0ab51a13e,play_store,ajio,2026-08-24 13:41:17,1,It feels like this app's servers are from the stone age era. because it takes forever to load one product.,
play_ajio_f35d4d5d-24ad-4b65-8014-8d0e847e084e,play_store,ajio,2026-08-24 11:43:46,1,worst quality i have ever received - not only 1 item I'm writing this review based on at least 7 orders,
play_ajio_7348a763-d281-4f49-af52-da80ed336745,play_store,ajio,2026-08-24 11:20:11,1,to much high delivery charges and take platform fees worth app totally,
play_ajio_6867b088-bcde-439d-a41b-f786d1e52f69,play_store,ajio,2026-08-24 10:40:55,1,WORST APP I HAVE ORDERED 2 TIMES FROM THIS APP AND BOTH THE TIME THEY HAVE CANCELLED MY ORDER .NEVER ORDER FROM THIS CHEAP APP,
play_ajio_80337fbd-b6ef-4bfd-a48a-35c889354ab4,play_store,ajio,2026-08-24 10:36:05,2,This app doesn't load properly. if you click on one product to check then you have to wait for 5 mins. plz hire a better app developer.,
play_ajio_f1e823b0-8ee4-4485-a740-41643619e14a,play_store,ajio,2026-08-24 10:31:25,1,I m unable to use this app from last 4 years.reason ...cart is full.there is no option of deleting the products and no customer sare agent solve my query.Very much disappointed ☹️,
play_ajio_6a1f30ca-f9f6-423e-b30b-9c3bf23d3172,play_store,ajio,2026-08-24 10:31:00,1,"I have received a incomplete order with missing product, and they are not willing for return pickup and refund. I have sent many mails and explained the issue still they didn't do any thing and delivery partner is behaving rudely, still no action is taken",
play_ajio_82db7e99-6699-4796-afca-cb71319f5c4b,play_store,ajio,2026-08-24 10:13:17,1,"This is so disappointed .I ordered a product on 15 August, but it is still not shipped. I contacted customer service and raised complaints, but no solution yet. I don’t want to cancel because the product is now out of stock. I have waited for it for so long. Please AJIO, take this seriously, ship my order ASAP, and value your customers. Very disappointed!",
play_ajio_f18c4932-7533-405a-91b1-3563e6e92631,play_store,ajio,2026-08-24 09:38:17,1,ordered one color saree. But Ajio decide what color match for my wife. very bad application,
play_ajio_1c653f29-5705-48d4-a499-e536a6756554,play_store,ajio,2026-08-24 09:20:37,5,nice app for order..quick response,
play_ajio_420709d9-c7cc-45c4-916b-48d97bc9c19d,play_store,ajio,2026-08-24 09:16:15,1,I buy a product from ajio worth 2700 it doesn't fit well I made a return request on 18 aug 2026 they initiated upto 22 2026 august but they didn't pick up my order and cancel my return request after that I raised a complaint on ajio and they marked it as resolved..they didn't make any action if we complaint on ajio customer service..totally disappointed worst service .. any way here after I didn't trust this ajio Flipcart amazon meesho was better than this,
play_ajio_f78fbc02-1dc9-4e47-812b-58cf924ebdaa,play_store,ajio,2026-08-24 09:07:44,1,"Totally Wrost app 😡my order Is too much delay,it's take time 15 Days",
play_ajio_e58a2c1e-2195-427a-91c3-ef5cb03be47d,play_store,ajio,2026-08-24 09:05:17,1,mene order Kiya tha ajio se lekin ye log delivery nhi kr rhe hai mene mere bhai ke liye kapde order kiye the,
play_ajio_fbe1d42e-3643-47d2-8f12-e5b9e7ae1748,play_store,ajio,2026-08-24 00:23:06,4,external charges is not justified like convince charge and delivery charges even when purchasing over 500 or 1k rs,
play_ajio_562030d4-6813-4859-9578-737d2a5a5af8,play_store,ajio,2026-08-23 22:53:41,4,I can't see the review of product,
play_ajio_d1ca87cb-cc9e-4bb5-8b63-839ed7db0931,play_store,ajio,2026-08-23 22:16:11,1,"very bad shopping app I ordered my 1st product on 9 August and today it's 23 and still I didn't get my product, I already paid 622 rupees for my dress am not gonna buy again from this app very poor i would love to give negative marking 🫵☹️👎",
play_ajio_985fd6cb-adc3-4836-87f0-5c4b6c4699be,play_store,ajio,2026-08-23 21:20:30,5,good service with fake gift card,
play_ajio_46941fe7-e519-4b15-8841-ac5192211d9b,play_store,ajio,2026-08-23 21:08:54,2,Delivery date is too delay.,
play_ajio_df943d0a-2444-4afc-aeed-5b2f6610e520,play_store,ajio,2026-08-23 20:10:32,1,used and old product don't buy anything,
play_ajio_c2e6f2f7-e6cb-4753-a78a-7508fecfd1a3,play_store,ajio,2026-08-23 19:45:07,1,"Very Disappointing Experience The delivery was delayed, and when I finally received the product, the colour did not match the one I ordered. This is very disappointing and inconvenient. AJIO should improve both delivery timelines and product accuracy. I expected much better service.",
play_ajio_2226d892-c767-4e96-b5eb-65d2129807f9,play_store,ajio,2026-08-23 19:16:03,4,Value for money and good quality,
play_ajio_43602920-d266-4ea5-8809-3307e73a1969,play_store,ajio,2026-08-23 18:56:29,1,mera order 7 din se pending me hee bol raha he ki order delayed aabhi tak nahi aaya 👎🏻,
play_ajio_33d31d9f-0a5a-4420-89fd-772541a470f1,play_store,ajio,2026-08-23 18:36:49,2,worst app phle to mujhe purana use kiya huaa chappal diya phir exchange ka option v nhi ab return kiye to lene v nhi aa rha roz delay ho rha bht bekaar service hai,
play_ajio_1b3109ab-996a-4f3e-a095-c174da734e0c,play_store,ajio,2026-08-23 18:31:11,1,sab se bekar product milte hyy yeha main aaj hi product mila low quality sab se. 3 class,
play_ajio_019e61ca-98eb-442a-8764-3c172ff5b584,play_store,ajio,2026-08-23 18:24:41,1,i know ajio is cheap but you cant scam people like this like bro i order something worth 269 rs but got other thing that cost just 50 rs on our street,
play_ajio_e856fc91-974a-4de9-b67c-abfd59a2a5fb,play_store,ajio,2026-08-23 17:48:31,1,too many ads . it's very annoying! I am not gonna download this app . stop advertising and irritating,
play_ajio_66d9ea49-ba08-4a39-8211-c8f8d91fee8f,play_store,ajio,2026-08-23 17:31:57,5,my fast order in ajio so wait nd let's see the my experience hope it's good products like myntra,
play_ajio_2bc3cfd3-7d01-4aa3-9f3a-1a29b98b07b6,play_store,ajio,2026-08-23 15:57:29,1,Pathetic shipping and customer care service. The support representative can't even talk in proper english and delivery date gets extended every time. don't go for AJIO.,
play_ajio_621df7a3-4a17-4a6c-8595-927381947567,play_store,ajio,2026-08-23 15:17:19,1,third class service by Ajio customer care and app i had ordered two product which has to come in a single package but when i received package the product inside it is wrong and only one item is there instead of two and when i raise complaint they tell me that we can only send refund of one are they retarded that they send me only one product inside package and when i am returning it instead of two product refund which i had ordered they will send only one product refund,
play_ajio_234341a1-c1d6-46c4-b52c-447d813f0b60,play_store,ajio,2026-08-23 15:08:04,1,worst app because pehle koi defective product bhejenge uske baad 15din ke baad bhi refund nhi aata h very slow app so I suggest don't use this app thank you,
play_ajio_b63e07fa-6bb6-4371-805a-db1be30acf0f,play_store,ajio,2026-08-23 14:58:23,1,delivery issue every time,
play_ajio_a49e54f5-8afd-4f35-bf33-028320b9bf92,play_store,ajio,2026-08-23 14:55:11,1,kuch Kam ka nehi hai Ajio .. time se delivery nehi dete hai,
play_nykaafashion_51ffa1bf-4cc9-4db9-9017-38b6954d804d,play_store,nykaafashion,2026-09-02 14:36:02,1,Worst customer service. Their delivery service is pathetic. Returns and Replacements are not smooth as pickup delivery persons cancel the return for no reason. So many better Fashion And Clothing ecommerce platforms available than Nykaa Fashion.,
play_nykaafashion_9c925660-5b7a-43e4-9ff7-c7e7fd891b83,play_store,nykaafashion,2026-09-02 14:35:31,2,return policy inki bahot bekar haii....return k liye request kitni b dalo to b response acha nai aata .....Services bilkul 3rd class h,
play_nykaafashion_6d53921a-9056-41d7-a200-e7886ba57b0b,play_store,nykaafashion,2026-09-02 13:58:34,5,Products of good quality. Affordable,
play_nykaafashion_aacb10e6-18b2-49b4-b052-551c9e0b28f1,play_store,nykaafashion,2026-09-02 13:50:14,3,not many varieties available,
play_nykaafashion_3b15395d-dbb1-47e2-b5ba-141a5e9ae722,play_store,nykaafashion,2026-09-02 13:11:15,1,very worst in customer service they not at all pick the call and no response from chats also. delivery date will postponed,
play_nykaafashion_fb521034-e4ee-43c9-a8ea-5337f4f915bc,play_store,nykaafashion,2026-09-02 12:26:23,1,nayka fashion jaisa ghatiya sarvice hamne apne. life me kavi nhi dekha aap log kavi v galti se inka prodect oddar na kare agar aap oddar kar diye galti se return ka koi essu ho gaya to sab cancel bina aap ko mile kar dege sabse khrab inka sarvice hai,
play_nykaafashion_319b8094-13ad-4a18-9f86-8496ad21773a,play_store,nykaafashion,2026-09-02 12:03:25,1,Poor courier service in shimla.,
play_nykaafashion_19a7722f-f724-4788-93ba-f0e9a9e4d1ba,play_store,nykaafashion,2026-09-02 11:23:35,1,I placed a order and was given a specific delivery date .The shipping delayed multiple times and cancelled the order without my permission .Customer service was completely useless .Worst experience with Nykaa fashion ..,
play_nykaafashion_4ff0e11f-3b63-4071-90a1-541b59a9f80a,play_store,nykaafashion,2026-09-02 10:49:09,1,"I had very bad experience with order delivery and return policy of this application, never going to use it again.",
play_nykaafashion_dceebd90-5a84-4a20-bafa-6d31ae2bd3fc,play_store,nykaafashion,2026-09-01 22:22:17,1,the costumer care services are worst than expected.they are not responding to your any query,
play_nykaafashion_f3708eee-6924-4645-9655-e9ddc1d4bdfb,play_store,nykaafashion,2026-09-01 21:12:55,2,checkout page bad. even payment page takes time to load.,
play_nykaafashion_92e8e500-0e20-4386-b4da-06df6276ce4d,play_store,nykaafashion,2026-09-01 19:31:05,1,My pair of shoes which ordered is not coming my home and i am getting whatsapp messages that I was unavailable at address that's not true I was available and that guy who is delivering my order once came at my order but he hided my order and didn't gave it to me and only other orders he delivered and he also misbehave with me! and coustomer care isn't responding me it's unhelpful and I am frustrated problem is not in app! problem is that delivery boy's behaviour,
play_nykaafashion_4f1a452b-62ca-41b9-a526-974e13b0f44c,play_store,nykaafashion,2026-09-01 19:23:55,1,worst app ever .meesho abhi isse kai guna zyada achcha hai.lanka lagae ke rakh diya hai mere orders ka. mere 1500 rupay ajgar ki tarak iski customer service providrrs aur Delhivery limited walo ne milkar nigal gae hai.sakshat app dhari anaconda hai ye jo customer ko aur unke paiso ko nigal ke ulti kardeta hai .,
play_nykaafashion_dde03031-ea97-454f-880a-34e3b2b59654,play_store,nykaafashion,2026-09-01 18:36:00,5,east or west...... Nykaa Fashion is the best.,
play_nykaafashion_02a341e9-acf9-4cba-a0de-6f1411ad2399,play_store,nykaafashion,2026-09-01 18:31:02,1,worst app and the worst team ....no response at all from the team about the issues,
play_nykaafashion_8cb7f4a2-39bc-4c75-8f79-b9ca79af8fbe,play_store,nykaafashion,2026-09-01 17:44:25,5,when the app mood is good then they sold best product and sometimes sold worst product 😁,
play_nykaafashion_e7aadb00-8c7a-439d-a33d-3c44ec46b3e1,play_store,nykaafashion,2026-09-01 17:19:56,1,very very irresponsible about our order .my order was ordered in the date ho 20 August which showed delivery will be on 25 August which is okay but on 25th August there will be msg come from nykaa fashion that the delivery was delayed to 30 August and now on 30th August they again sent a msg that delivery will be on 6 sep what !!!this is very irresponsible thing they don't now the meaning of commitment.,
play_nykaafashion_4077a33f-1585-462f-b76c-e4abab2e90f2,play_store,nykaafashion,2026-09-01 15:35:59,1,CAUTION ⚠️ DON'T USE THIS APP. 👎 This app is giving pathetic return services. The details of products are falsely mentioned and when we return the product there is nobody coming for pick up and money is not being refunded. I purchased a product in July and requested return within the time limit of Return and now it's more than a month and nobody has came to pick up the returned product and not even refunded the money. Call centre promised me to pick up the product within 24 hours and failed.,
play_nykaafashion_6ec6cd51-a5e2-4d66-9e87-70d1b7192e9f,play_store,nykaafashion,2026-09-01 14:43:42,2,deliveries are always delayed,
play_nykaafashion_56b1fccc-64fe-448a-994b-4b0b8f19d95b,play_store,nykaafashion,2026-09-01 14:12:03,1,"very bad product, broken item delivered",
play_nykaafashion_ce0d7561-cbd8-48b6-8b46-729c72e3f91c,play_store,nykaafashion,2026-09-01 13:51:24,5,so nice product nykaa app,
play_nykaafashion_d6539970-29a3-4e15-a60d-791a8162900a,play_store,nykaafashion,2026-09-01 11:23:58,1,"I ordered a sports shoes from nykaa fashion which was canceled without my knowledge and i dint even get any mail or message when the order dint arrive after days, i checked in the app and it shows ' your order had to be canceled'. Dint expect this from nykaa",
play_nykaafashion_6d7c603b-035b-433e-82b0-5403b2207698,play_store,nykaafashion,2026-09-01 11:09:56,1,very bad experience received the old used product instead of what we ordered.,
play_nykaafashion_68dd6de7-66a5-4b96-86da-3511b7aaa392,play_store,nykaafashion,2026-08-31 21:29:39,1,This app sells very expensive clothes. I uninstalled it.,
play_nykaafashion_d3b8aad8-13d4-443f-af0d-322522c725c8,play_store,nykaafashion,2026-08-31 21:01:20,1,poor customer sevice both chat and call. Incorrect product delivery and return option behave like a disaster. Chat support is nightmare waiting 10 to q5mins for 1 reply. Call service just like a blank call. Overall so annoying and can't for another order.,
play_nykaafashion_865b0af3-dff6-4750-86a4-7992bbea2e17,play_store,nykaafashion,2026-08-31 17:13:07,1,this app is totally disgusting...do not order anything from this app .You will totally waste your money by ordering through this app .This is my personal experience I have ordered something from this app and not satisfied from the product so that I requested for return on the same day but nobody came to pickup up product even after registered complaint many times but no response showed from nyka .My issue has not resolved yet.,
play_nykaafashion_0e137bde-a2c7-47f9-8b06-577fd64f7280,play_store,nykaafashion,2026-08-31 15:30:03,1,such a bad app. I ordered one piece and got a used kurti I tried to return the product but they were not taking it back. flipkart and amazon never did it customers can try flipkart and amazon but not nilykaa.my first experience is the worst.,
play_nykaafashion_e00a59e5-9836-428b-a23a-70b275f5ed84,play_store,nykaafashion,2026-08-31 14:49:12,1,"Doesn't even deserve a single star, delay in delivery date, no customer service... complete fraud.",
play_nykaafashion_bc3e9201-48c9-4698-865a-70cdbb4b52a0,play_store,nykaafashion,2026-08-31 14:30:39,1,return policy is not supporting.. very upset with this.,
play_nykaafashion_fb9e9351-f4a3-462e-b00a-ef733b8e5eef,play_store,nykaafashion,2026-08-31 13:40:40,1,ghatiya h yekdam . order kro paisa v cut krta h charge alg s cut krta h or delever v nhi krta . business h coustomer ko thagne ka,
play_nykaafashion_5b4cf1b4-d124-4105-bc5d-aa101d1006e7,play_store,nykaafashion,2026-08-31 13:34:27,5,I want Phocket Sports Bra,
play_nykaafashion_68602b66-e791-4583-aece-b5ff54abde77,play_store,nykaafashion,2026-08-31 13:07:33,1,"My first experience with this app is pathetic. I have been trying to return one order for the last 20 days and the same has not been picked up yet. Also, the return got cancelled automatically from the back end. Now I have approached the support team and they are also not responding over call and not on emails. very ridiculous, I would never recommend my friends and relatives to use this app.",
play_nykaafashion_9ce5552f-9e7f-4a66-82a5-d9a772093d99,play_store,nykaafashion,2026-08-31 12:34:07,1,"I have worst experience with this app. I order 5 outfits from this app and from that 5 I kept only one. Quality is good. But, outfit length issue is there. Also, their customer support very cheap. My one paid order is stuck from so many time but still no response from Nykaa fashion customer care. I tried call but they didn't answer, I tried ""chat with us"" but there was no one to answer. Now I don't know what to do?",
play_nykaafashion_eff04b63-1e92-4a19-8623-373cec20c589,play_store,nykaafashion,2026-08-31 11:27:29,1,Dear Nyka Team your service is so so pathetic that it can't be explained. Your so-called customer care never gets connected on the call. Ordering something from your app doesn't mean that you will not listen post delivering it.,
play_nykaafashion_c119a97c-3822-44ea-9b97-2fd934f17796,play_store,nykaafashion,2026-08-31 11:22:19,1,this is worst app for delivery . u cajt trust on timelines. it is very difficupt to connect with them on call . and also cistomer support is very bad. they dont even cpmmit delivery timelines when contacted.,
play_nykaafashion_0c730bc2-e2db-41c9-a2fb-1bb5c7e7c547,play_store,nykaafashion,2026-08-31 09:04:55,1,"worst customer service.. i have been requesting to transfer my nykaa wallet money to my bank account from the last 15 days.. i am just receiving a automated reply saying it will be refunded in 24-48 hrs.. tried calling them, but same reply.. really have got frustrated asking for MY MONEY FROM YOU ...",
play_nykaafashion_b52ad8e8-5dcd-4b8b-b129-a912f0da1ec2,play_store,nykaafashion,2026-08-31 08:45:34,1,"worst customer service, no return pickup done after 1 week of return created",
play_nykaafashion_7a14320f-2743-46ba-b835-0a354526cc03,play_store,nykaafashion,2026-08-31 00:15:54,5,my first order so i request to you All of your team please send orginal product namste,
play_nykaafashion_5e5026bb-0b77-4e8a-82c9-292742ab16a1,play_store,nykaafashion,2026-08-30 23:52:09,1,"Unnecessary delays in processing orders and mostly delivering wrong items. No updates on the complaints, overall leading to a very bad experience. Nyka doesn't have any control over it's delivery partners and don't refund on time for the cancelled orders. Pathetic customer service, no use of it as it's not helpful at all. They read automated messages all the time, lack ownership and fail to resolve issues.",
play_nykaafashion_fbe80b9c-60fd-40a3-a130-113c4143dddf,play_store,nykaafashion,2026-08-30 23:04:30,1,"worst return experience, I want to return my backpack from nykaa fashion. and the return request is accepted but the delivery guy is not picking up the product and it keep saying that I am not available to return the product, when nobody contacted me. they already did to me thrice in 4 days . the return window will close soon. such a bad experience never been buying anything from this app again. the cs is also not available and difficult to contact. avoid this app at all cost.",
play_nykaafashion_4e4f1408-47df-4e39-a2d3-0b0f79399192,play_store,nykaafashion,2026-08-30 19:20:28,5,I am satisfied ☺️ quality is very good,
play_nykaafashion_cc579ae2-d61f-465f-bf72-911cba4a5bab,play_store,nykaafashion,2026-08-30 19:11:54,1,this app is spam or froude muje 1month hogya product ki return dalte hue pics bhi send kiye or koi response nhi h inka or itne 3rd class products h inke me to apne frnds ko kabhi es app se shoping nhi krne dunga or customer care number pr call kro to koi pic hi nhi krta itna harass krte h nyka vale really sabse bekar app h online shopping ke liye 0se bhi kam koi rating h to me vo dena chahunga inhe bs 1month se bs harass kiya h inhone muje,
play_nykaafashion_7d6501c3-72ac-4485-a363-81a356830140,play_store,nykaafashion,2026-08-30 16:22:01,1,this app has THE worst customer service EVER...please do not order anything from here...u will just be wasting your time and resources.,
play_nykaafashion_1d31eb0d-9a35-4222-bec8-32328a24ec6f,play_store,nykaafashion,2026-08-30 12:44:25,1,unable to return the products....poor and pathetic service from customer care...will never buy again from here....there is absolutely no help from these people in case of an issue with the orders.,
play_nykaafashion_e8d54545-65b6-4df0-8f1a-1c7f98720092,play_store,nykaafashion,2026-08-30 11:54:43,5,Excellent customer service 💯💯💯..,
play_nykaafashion_34b190dd-19d4-46ca-932d-603a4f9ae7a1,play_store,nykaafashion,2026-08-30 11:48:38,1,worst app. late deliveries and sometimes they just cancel your order and that's not because Item is out of stock it's because they have increased the price and now they don't want to sell you a discounted amount. I'm done with this app I'd never ever buy from nykaa I can trust on messho but not on nykaa atleast their customer service is not bad.,
play_nykaafashion_2bc70132-8681-4651-b9c5-5d70444d0d71,play_store,nykaafashion,2026-08-30 11:23:16,1,it is worst app my shoe is missing in my shoe box and I do not receive my money back,
play_nykaafashion_9843f074-e969-4005-92c6-66d439463f5f,play_store,nykaafashion,2026-08-30 11:07:59,4,It's Good for daily use items,
play_nykaafashion_7f354600-4a40-496f-87e0-d7542c3c718e,play_store,nykaafashion,2026-08-29 23:40:40,1,worst experience ever. I thought this is a better app but it really disappoints me at my very first purchase ..i ordered a shoe which was grey and got pink one. but that's ok sometimes mistakes can happen I returned and asked for a replacement but they replaced exactly same shoes the pink one ..this is pure carelessness not a mistake so I asked for refund.took so much time to pick up and these things took a month or more.think meesho has better customer support than them..definitely uninstalling,
play_nykaafashion_f36092fa-f662-47d4-87e1-d4359804bf1f,play_store,nykaafashion,2026-08-29 20:03:37,5,best quality product in nykaa fashion,
play_nykaafashion_5aad4305-1c00-4b09-847e-30b7097229fe,play_store,nykaafashion,2026-08-29 19:56:04,1,online payment order cancel but payment refund not received check police station se complaint against the spirit of fair play,
play_nykaafashion_4683ec28-7973-476a-b129-181955526c83,play_store,nykaafashion,2026-08-29 18:54:14,1,return system is not good..it been 10 days i placed return request and I just get message daily that delivery boy came but I was not available...even though I m at my home all the time...the delivery boy didn't even arrive once...i didn't liked the product quality and on top of that it doesn't even fit me..my thousands of rupees are now stuck..even the customer care is not good...,
play_nykaafashion_e1a16637-1153-47e5-bd0a-ab1536607c97,play_store,nykaafashion,2026-08-29 18:20:59,5,The customer care team is very helpful.,
play_nykaafashion_5a0af203-d968-4047-867e-34153f28a204,play_store,nykaafashion,2026-08-29 17:20:34,1,worst fashion app.. don't download it,
play_nykaafashion_af590fab-f6fb-4f46-9b93-a33a93eb0d89,play_store,nykaafashion,2026-08-29 16:51:59,1,very poor service. Dilevery partner ka app ke pas koi contact nhi rhta.. hm order kre dilevery krne wale ka no v nhi milta company se.,
play_nykaafashion_900b045f-b42e-4a2f-95c9-3751f0f75404,play_store,nykaafashion,2026-08-29 16:02:34,5,great and good quality products,
play_nykaafashion_445c32ff-c606-4ea9-905b-8c2364566567,play_store,nykaafashion,2026-08-29 13:16:02,1,"worst online shopping experience i ever had is on nykaa fashion. i ordered 6 products out of which i received only 2 correctly for other products they either cancel from their side or they keep delaying the delivery every 2 days or if they do deliver, the product u receive is not what u have ordered not once but twice in the same order !!",
play_nykaafashion_26dd0f63-2776-4fc2-980e-c6b4caf97314,play_store,nykaafashion,2026-08-29 11:41:00,1,The items they sell are always more expensive than others.,
play_nykaafashion_f11bf8ec-ffbb-47d9-a276-92c22eb4091c,play_store,nykaafashion,2026-08-29 11:38:07,1,Had a terrible experience with return pickup on multiple occassions. The pickup agents never arrive and cancel pickup requests on their whims and fancies saying no one was present at the pickup address. They don't even bother to call. Worst experience ever.,
play_nykaafashion_9310db68-816e-4d1a-8934-c322216353f7,play_store,nykaafashion,2026-08-29 10:24:15,5,👍🏼very heavy qualities product this app,
play_nykaafashion_806d7135-720b-45e6-8616-3bce48496575,play_store,nykaafashion,2026-08-29 10:05:54,1,I ordered and a heels on August 10th and today is 28th of August ..it's not yet delivered ..and now they are not responding. ordered another shoe on the same date which got delivered size was small so requested for a replacement but their team have not yet taken the product back ..so be careful to buy from Nykaa fashions,
play_nykaafashion_32d23178-2101-4f0f-a3e8-b7be3fd9a912,play_store,nykaafashion,2026-08-29 09:23:54,5,very beautiful things on this app,
play_nykaafashion_fff4125e-5db7-4b26-bc84-6f04c1602d44,play_store,nykaafashion,2026-08-28 20:25:58,1,they loot you by charging high return fee. Ab baar baar manwake quality check karke he pata lagta hai na ki platform pe kapde kaise milta hai but they want you to only order and not return .,
play_nykaafashion_84fb9cb3-c2d2-409f-8627-89009667cf5b,play_store,nykaafashion,2026-08-28 15:43:38,1,worst shopping app .I tried to return the order which was. defective but it's been last 1 month my return is still not picked up .My return get rescheduled many time but every time it get cancelled automatically.I was continuously complaining about the issue from past 1 month but no response was taken .I shared the images of product many time assuring that all tags are intact but still no action is taken . I m first time nykaa user and now this is my last .The product became a headache for me.,
play_nykaafashion_85a195f6-ee28-452f-84b5-dd3ea0fadcdd,play_store,nykaafashion,2026-08-28 14:07:17,1,Worst Customer Service. Deliver used and wrong product and don't even return the items. Customer service chat is so slow and they keep on befooling that give us 24-48 hours to resolve the issue and it keeps repeating. Return will never be done and your money is wasted. I wasted 1750 Rs. on used dirty and wrong size Bata shoes delivered and now neither they are returning back nor taking any action. Never trust Nykaa fashion please.,
play_nykaafashion_390d3f31-236e-49a6-b4ad-f4329b67aaf6,play_store,nykaafashion,2026-08-28 09:08:19,1,"Do not buy in this app, waste of money.. Ordered one, got different colour And very very poor service.. Still my order not picked up.. It's waste of money... Waste aap",
play_nykaafashion_9289fd4e-cf53-4278-9ac2-862af3d959bd,play_store,nykaafashion,2026-08-28 00:32:12,4,osm offer valid nyaka love it,
play_nykaafashion_b135e562-8248-416a-95ad-99916499e22d,play_store,nykaafashion,2026-08-27 23:49:38,1,They are not coming for return. No one picks their toll free number call. Have the worst experience in online shopping.,
play_nykaafashion_ffa6aeaf-7e19-45e4-b2eb-8fe6145c1cf0,play_store,nykaafashion,2026-08-27 22:22:00,1,Worst experience!! Worst Customer Care!! They don't even pick up calls after sending wrong size. I ordered 15 to 16 years. They sent 4 to 5 years. After placing a replacement request for the second time they sent the same wrong size. My Rakshabandan plans were completely ruined at the last minute. Not at all preferable for sending gifts!,
play_nykaafashion_e0a65386-d3b0-4a7f-b519-587cfc4dfacf,play_store,nykaafashion,2026-08-27 19:16:20,1,this app is so disappointing. I'm trying to return a dress from last 2weeks..the costumer service is too bad ...no one is responding properly..no came to pick the return parcel,
play_nykaafashion_ba410f0a-1d76-4662-9bcf-a4b8df517357,play_store,nykaafashion,2026-08-27 19:15:45,1,delivery time per nahin hota Hai,
play_nykaafashion_70b91bed-73ae-4d6f-8ff2-da49796b0416,play_store,nykaafashion,2026-08-27 18:22:47,1,very poor.. got my order not exactly the same shown in the picture.. when I put the return picku request.. it's been 15 days to wait.. but still not picked up,
play_nykaafashion_0f3b2640-0341-4ed1-85d7-622eacb39004,play_store,nykaafashion,2026-08-27 18:09:13,1,Worst experience with them. They do not help with the delivery. You cannot call or chat with an agent. Everything thing is automated. Their delivery service is the worst especially woth the Delhivery app DO NOT USE THIS APP,
play_nykaafashion_b1b880b6-1d44-45ea-a7a7-c79971a4b7bc,play_store,nykaafashion,2026-08-27 17:26:36,1,"Absolutely pathetic return service! My return has been pending for days, and nobody is even coming to pick it up. I’ve called customer support multiple times, but they don’t even bother answering the calls. This is extremely frustrating and completely unacceptable. Such a terrible customer service experience!😡",
play_nykaafashion_ef7aef6c-2633-4757-90ef-f51935d0d916,play_store,nykaafashion,2026-08-27 16:24:55,5,Good and original product and fast service,
play_nykaafashion_5b1414fa-5a87-4853-b524-565e3896d988,play_store,nykaafashion,2026-08-27 13:30:29,1,"worst service , Nykaa fashion is not a good place to shop anything, if you will receive a burnt product then also they will not exchange it, you have to suffer for your product and your money which they will not return.",
play_nykaafashion_a9e9941c-1f03-4153-bc97-e27fbf37dfe9,play_store,nykaafashion,2026-08-27 13:23:03,1,"Very disappointed with Nykaa. Trying to return a product since a week, contacting support team via app but no response. Really frustrated!! Worst Customer Service!!",
play_nykaafashion_af51a507-803f-4b49-b5ee-f5734a3b26d0,play_store,nykaafashion,2026-08-27 12:27:54,1,pathetic experience just how the share split stopped the investors to sell the nykaa shares the same customer service is being provided the product not picked up since ages. this shows the true intention of founders is to loot the people.,
play_nykaafashion_03b543f9-9cec-4398-a24c-abbc5654a575,play_store,nykaafashion,2026-08-27 11:37:00,1,"⭐ 1 Star Extremely poor customer service and a very frustrating experience with Nykaa Fashion. My prepaid order was not delivered because the delivery OTP was being sent to the wrong number. I contacted customer care multiple times through calls, emails and tickets, but nobody provided a proper solution. Despite my order still being undelivered, my support ticket was even marked as “Issue Resolved”! I clearly said that I do not want cancellation or return, but the issue remains unresolved.",
play_nykaafashion_f2bafa1c-e3ed-4482-be6b-420bb0a86c80,play_store,nykaafashion,2026-08-27 11:16:27,1,"I have raised the request for the exchange as the shoe size is little tight, then the pick up guy came and checked all the packing shoes and said the tag is not matching - then I suggested me to email the same that the is not matching that's why pick up guy didn't pickup the product - I have had done the same, but since 15 Aug I am facing the issue and nobody resolving it. instead of nykaa I will use myntra next time. this not tolerable.",
play_nykaafashion_f0cadc98-5dcc-4409-ab44-262f21436c95,play_store,nykaafashion,2026-08-27 09:10:09,1,I placed a order 20 August and same day showing your order is shipped and delivery date is 23rd August after i got massage unable to dispatch your order we will try to deliver next day and same thing showing at 25 August and 26 August i got a massage unable to deliver and return to warehouse if you not deliver on delivery time then so don't give commitment to customer very disappointed very bad service,
play_nykaafashion_e7116ee4-6e50-4e01-a26a-8c4a1e808bc6,play_store,nykaafashion,2026-08-27 08:19:41,5,let's see if the order isn't perfect enough I'll edit this review,
play_nykaafashion_93a70489-0296-4d91-9a02-8dba87924187,play_store,nykaafashion,2026-08-27 05:48:56,1,"Very unprofessional people. They don't deliver items on time, rather they don't deliver at all.",
play_nykaafashion_e8f7d9e4-2dc1-47b9-b6c0-14d8aead7556,play_store,nykaafashion,2026-08-26 20:30:40,1,Worst experience ever No proper services or returns Would never use it again or recommend it to someone I am trying to return a product but no response even after requesting from weeks,
play_nykaafashion_8a96d129-0f74-491e-b2bd-8f1c7801daf8,play_store,nykaafashion,2026-08-26 19:31:29,1,"Very disappointing experience, at the time of ordering,it showed delivery within3 days, but the delivery was postponed 3 times and crossed 10 days.After3 days,the cancel option was disabled. If you want to cancel, you have to contact customer support, and they don't respond properly. I literally had to beg them to cancel my order.This is extremely frustrating and feels like a fraudulent way of handling customers.I strongly do not recommend Nyka. Thinktwice before ordering from them. fraud fraud.",
play_nykaafashion_8b899c51-eb87-4524-a668-7772e9ec1a91,play_store,nykaafashion,2026-08-26 19:18:32,1,"Fake company ..false representation, fraudulent nature and poor service...they will not take returns and loot your hard earned money.",
play_nykaafashion_13a4d0b1-a028-4743-9615-6376e80741b6,play_store,nykaafashion,2026-08-26 17:53:22,1,Worst Website and app as I recieved a wrong order and was unable to return them. Also garbage customer service as I was unable to contact them also. Even their customer service is also extremely poor. I have been trying to return the item which they have delivered wrong as I ordered slippers but they delivered night suit but I'm not able to do it as their delivery agents also keep on postponing the pickup and their customer care never pick up the calls.,
play_nykaafashion_68f4bcb0-5927-4e67-a89a-0009a6b53116,play_store,nykaafashion,2026-08-26 17:52:10,1,customer service is worst call hi nhi uthate or delivery to itni gndi hai 1 mahine tk order nhi aata,
play_nykaafashion_64235f7a-f628-4be2-9b15-d29e1cb5dcdd,play_store,nykaafashion,2026-08-26 17:47:06,1,"In this e commerce site they won't deliver order in time, and if u decide cancellation of delayed prepaid item which is not yet even delivered is difficult and they won't refund you till their order go back to their original warehouse , Because of their Incompetence they make Customers suffer.",
play_nykaafashion_9813ece0-5b28-4254-95d3-9637bdc192db,play_store,nykaafashion,2026-08-26 17:00:09,1,very bad service even their coustomer support doesn't pick call no chat support,
play_nykaafashion_8fd0206c-b043-4331-b756-a2fd2d252e56,play_store,nykaafashion,2026-08-26 16:53:42,1,"Worst first impression! Nykaa is an expensive brand, yet they sent a completely wrong product and fooled me. This was my very first order, and the experience has been terrible. Send the correct item immediately, or this low rating stays. First and last order here.",
play_nykaafashion_5f049546-f00c-4492-81a3-644627bd953a,play_store,nykaafashion,2026-08-26 16:23:44,1,worst worst worst app will not recommend anyone i wish I can give ratings in negative please close this app asap such a blunderrrr!! shame on you nykaa fashions!!,
play_nykaafashion_5d4d2f8a-8332-419b-a015-63f580a8d70c,play_store,nykaafashion,2026-08-26 16:08:41,1,"Never buy anything from this app. I ordered an M-size T-shirt, but not only was the delivery 5–10 days late, they also sent me a size L instead of M. I requested an exchange, and the next time they sent XL! I exchanged it again, and somehow they sent XXL this time. This is absolutely ridiculous and extremely disappointing. I’ve never experienced such a frustrating shopping experience. Very, very disappointed with this app. ❌",
play_nykaafashion_a6e44c8d-0304-4b0e-8e15-0d52a6a4df20,play_store,nykaafashion,2026-08-26 14:01:29,1,"Very Bad service specially Return pickup as well as customer service support 👎I bought dress from Naykka think in mind that it's a brand will get good dress but dress is not Soo Good,I have raised the request for Return but past 3days get new pickup date even delivery partner didn't call me and wrong information update that customer raise the request for nextday pickup and when I tried to call customer support that no. also is faked there is no call transfer to support team call disconnected",
play_nykaafashion_a8340aec-6b77-4135-914c-eaf17dc53ea4,play_store,nykaafashion,2026-08-26 12:39:01,1,"worst service , I ever seen yet, *Big NO* to install & *place any orders* in this app.",
play_nykaafashion_64873c32-80d3-4282-9a58-7b54c73d7dc3,play_store,nykaafashion,2026-08-26 12:20:19,1,worst app ever they deliver wrong products and when we put exchange they cancel from backend.,
play_nykaafashion_0931c139-efe2-42ce-b51f-59bd67f9a34e,play_store,nykaafashion,2026-08-26 11:39:35,1,not attending customer call sending used srach item,
play_nykaafashion_4f95447f-2274-47d4-bd28-c351542e7c42,play_store,nykaafashion,2026-08-26 11:21:02,4,I think compare with other app nykaa app is best.,
play_nykaafashion_2cad9edb-9fcd-45f2-8e0a-adcbf41483d0,play_store,nykaafashion,2026-08-26 07:40:34,1,"बहुत ही घटिया सर्विस है ये अपने खुद से दिए हुए Delivery Date को खुद बढ़ा देते हैं । मेरे कंप्लेंट करने के बावजूद मेरे पार्सल को मेरे यहां नहीं पहुंचा कर उसे cancel ❌ कर दिया गया। जबकि मैंने खुद कॉल किया कि आपने पार्सल डिलीवरी डेट बढ़ा दिया है तो कम से कम अब तो मेरा पार्षद डिलीवरी करवा दो। और आज मेरे mere product, warehouse को wapas भेज दिया।",
play_nykaafashion_f697278c-5192-4cc2-8020-d01e46edd2c1,play_store,nykaafashion,2026-08-26 00:07:14,5,This is a very beautiful app. It is very easy to buy goods through this app. You all must try it once. You will get the right goods at a good price.,
play_nykaafashion_2a22d169-0dde-4f77-ab9c-a61c5d995597,play_store,nykaafashion,2026-08-25 22:06:24,5,fabric quality dresses very best,
play_nykaafashion_d920b43a-5237-4d67-8173-db32578ff7e1,play_store,nykaafashion,2026-08-25 20:43:08,1,scams no refund was send and coupon with 3 months validity issued is of no use as it shows not applicable,
play_nykaafashion_e20cdff7-0717-4827-8444-bff4884754b1,play_store,nykaafashion,2026-08-25 19:29:40,5,"Thank you so much, Fardin Qureshi, for your patience, support, and understanding throughout the return process. I really appreciate the way you listened to my concern and helped me resolve the issue smoothly. Your helpful and kind approach made the whole experience much easier for me. I’m genuinely grateful for your assistance and the wonderful gesture. Thank you once again for being so supportive! ❤️✨",
play_nykaafashion_0a893141-d9a6-487c-8911-6050310cd35e,play_store,nykaafashion,2026-08-25 18:25:41,1,zero stars for zero service....i have been waiting from a week but no1 is picking up not giving a damm,
play_nykaafashion_43e0e258-2fd3-4ebe-9e11-e93f03003b53,play_store,nykaafashion,2026-08-25 17:55:48,1,"worst customer care support, bad with the delivery dates.",
play_nykaafashion_372a5cff-800e-44c7-89be-66bb17e0d252,play_store,nykaafashion,2026-08-25 16:11:20,1,extremely pathetic service...I have been following up with the return since 10 days and these people are increasing the number of days for pick up at their end ...moreover they do not attend to customer calls or complaint....Such a horrible experience to buy from this site...I warn everyone to be careful,
play_nykaafashion_f0cf454a-07e9-4ed9-9678-07e70bc389c1,play_store,nykaafashion,2026-08-25 15:58:41,5,27 August ko aoder chahiye,
play_nykaafashion_3445a0b5-6aa6-41e3-99df-b015a4f842d1,play_store,nykaafashion,2026-08-25 14:16:57,1,Worst experience with them ! You cannot trust them for anything. highly disappointing with their response and services !,
play_nykaafashion_da968956-2bc6-45d2-bd9b-8df908f6d6e5,play_store,nykaafashion,2026-08-25 12:19:57,1,"the customer support number never gets connected and the other Nykaa beauty team, refuse to transfer the call. they keep giving the same number. pathetic service",
play_nykaafashion_bc5ffcf4-777b-4a7d-9197-67fd334b1151,play_store,nykaafashion,2026-08-25 07:49:26,1,wort experience don't purchase order not camed automatically cancelled and returned 🤬🤬🤬,
play_nykaafashion_c71fe188-3895-42da-8a68-47644c81f485,play_store,nykaafashion,2026-08-24 23:14:01,1,"Return policy is very bad, no one contact for pickup, then automatic return has cancelled, it's the personal experience by me which happens two times with me. Till now my return pickup not done. please pickup up it as soon as possible. You can check my orders and I marked the item (Kurta set) as return, after one week it was automatically cancelled. please pickup it at the earliest then I will change my Rating.",
play_nykaafashion_a6cf9608-588d-4908-a157-631e0d289677,play_store,nykaafashion,2026-08-24 22:07:49,5,I order in Nykaa. I'm hoping for a good product.,
play_nykaafashion_ef029168-bea9-472e-9f33-ab3f771457a7,play_store,nykaafashion,2026-08-24 18:45:16,3,The delivery is not on time.,
play_nykaafashion_926efb39-15e5-45ec-a12c-6557e82ec40c,play_store,nykaafashion,2026-08-24 15:34:35,1,"Extremely Disappointing Experience Worst Customer Support and No Order Cancellation Option! ​I had a terrible experience with Nykaa Fashion. I have been trying to cancel my order immediately after placing it, but the app provides zero seamless options or direct support to do so. The cancellation feature is either glitched or intentionally blocked. ​To make matters worse, their customer support is completely unresponsive. I have tried calling their helpline multiple times, but nobody answers",
play_nykaafashion_9e1fb8ae-0de6-4521-80d4-543e07e1a541,play_store,nykaafashion,2026-08-24 15:11:05,1,"very bad experience, my order is not delivered as well as they're not refunding my payment",
play_nykaafashion_bfb171fc-efc3-4a02-a5d7-f1feab817d7f,play_store,nykaafashion,2026-08-24 14:49:36,4,very poor in service..never give timely parcel,
play_nykaafashion_971f1988-5601-4c8d-989d-fad7d14240d1,play_store,nykaafashion,2026-08-24 14:12:46,1,The delivery service is very poor. My order has been delayed without any proper update. This is really disappointing and inconvenient. Please improve your delivery service and resolve the issue as soon as possible.,
play_nykaafashion_451d9489-ca31-4289-bd0e-96080a91c0c0,play_store,nykaafashion,2026-08-24 13:55:14,5,The chat executive Fardin Qureshi helped me a lot with my return order,
play_nykaafashion_1f37e1ed-a40a-47e3-88d1-898a8bbab2a1,play_store,nykaafashion,2026-08-24 13:23:24,1,"""It was a awful experience. I didn't get all the products I ordered, the ones I received were total fraud, and I haven't gotten my payment refund yet.""! 😭 😔 I'm very disappointed 😔",
play_nykaafashion_e5e000ad-023b-4824-92b2-6e3a65315ac9,play_store,nykaafashion,2026-08-24 11:52:03,1,these guys have the worst customer support. I have been trying for 10 days to return my order and get a refund but neither are they picking my call not resolving my problem. Instead of giving a reply to me they take 15 to 20 minutes and then disappear again for half an hour. trust me they have the worst customer support. my money is stuck they are not returning the products,
play_nykaafashion_8b0d683a-d643-4eb2-9cec-8d0340664ee4,play_store,nykaafashion,2026-08-24 09:18:22,1,Worst experience with this brand Nykaa. Either they are providing incomplete order or without seal tag then after complaining they are taking time of more than 7 days. Never want to shop again with Nykaa Fashion.,
play_nykaafashion_940989a2-132b-4bcb-9ac1-c64a2db723e2,play_store,nykaafashion,2026-08-23 22:46:49,1,"Horrible service. The delivery agent did not even attempt the pickup. I did not receive any call, and nobody came to my address. Yet the pickup was marked as “Consignee unavailable.” I have been waiting at home all day, and this is unnecessarily wasting my time. This is completely unacceptable. Please arrange the pickup properly and take appropriate action.",
play_nykaafashion_73d78a04-82cc-4b8a-bd37-a308cb3c6c77,play_store,nykaafashion,2026-08-23 20:10:19,1,worst experience... a geniune return not possible... should close this kind of shopping platform,
play_nykaafashion_babc4b22-1ced-46a5-bab4-22634af29b2e,play_store,nykaafashion,2026-08-23 16:03:08,1,"This was my first purchase from Nykaa Fashion, and unfortunately, it has been a terrible experience. I would strongly recommend being cautious while ordering, especially baby products. Very poor customer service and extremely disappointing handling of complaints. very bad service and their customer support. very poor customer service please think about purchasing something from this nykaa fashion. Extremely disappointing experience with Nykaa Fashion. I received used potty-training diapers.",
play_nykaafashion_0c55ddb2-5060-4607-b9a5-816aab0535aa,play_store,nykaafashion,2026-08-23 13:22:13,1,"It is the worst experience I have ever had getting my order delivered, my order has been rejected for the third time even though I didn't reject it, I had to go through such inconvenience to get one order and yet is not delivered",
play_nykaafashion_4052760a-1eff-456b-baa2-7f1af8368d93,play_store,nykaafashion,2026-08-23 13:20:00,1,"Very Disappointing Service I ordered a dress, but the fabric quality is not good at all. I have been trying to request a return and refund, but no one is responding or helping me with the process. This is extremely disappointing and frustrating. Very poor customer service. I expected much better service.",
play_nykaafashion_b33ec249-91ca-4ced-9e1d-dff992b333e9,play_store,nykaafashion,2026-08-23 12:09:37,1,no customer support....delivered used item,
play_nykaafashion_703db252-4b26-4cfc-a5c8-d7f4ca7b7b9b,play_store,nykaafashion,2026-08-23 11:51:39,1,very bad customer service and delayed product delivery...... no one to communicate your problem and there also no option to cancle the order they not delivering product and no letting me cancel also,
play_nykaafashion_fe70dc43-2f94-48e5-9169-e458f946ae4a,play_store,nykaafashion,2026-08-23 11:10:46,1,very very bad experience I haven't received the refund for my last cancelled order... very careless,
play_nykaafashion_37b5b97f-04a5-4def-aac6-65d37a7dedaf,play_store,nykaafashion,2026-08-23 10:55:02,5,good Price as camper to Brand prince 🌹,
play_nykaafashion_a85ddd9f-3965-48d1-88f7-2617b1589aba,play_store,nykaafashion,2026-08-23 10:37:32,1,never get delivery on time,
play_nykaafashion_9de0a206-e914-4166-b613-29ba0b1bdb7f,play_store,nykaafashion,2026-08-23 10:16:19,1,"very poor , items after bought show wrong , ordered item do not come and only changing delivery timing. worst experience overall",
play_nykaafashion_73660412-c8be-4c16-af90-8c10ba417ece,play_store,nykaafashion,2026-08-23 09:49:35,1,Products are marked returnable but even after receiving defective product return is not picked up after months of chasing the customer support,
play_nykaafashion_7ba3971f-6bd8-4be2-8bc4-7f85f809890d,play_store,nykaafashion,2026-08-23 08:38:38,1,Costmer care service nahi hai.,
play_nykaafashion_620633c9-5bef-4e20-bd65-5d259fc9de1f,play_store,nykaafashion,2026-08-23 08:33:30,1,"1 Star – Very disappointing experience. Tried repeatedly to replace with size 12, but Nykaa said unavailable, while size 12 is still shown on their app. Their offers/promotions feel misleading. The same product was available on Myntra, and I successfully ordered it there. Extremely poor customer service. Never shopping here again.And definitely not recommended to anyone. No star or Negative star review.......",
play_nykaafashion_387c5dc7-c45d-456d-bac2-2a7859c0f1e5,play_store,nykaafashion,2026-08-23 02:52:42,4,"it's a good and genuine platform to buy products, return and return is also quick",
play_nykaafashion_9e80b93c-76c2-49ba-9048-b19abdcaa51e,play_store,nykaafashion,2026-08-23 00:34:19,1,fake promotion on first user first order discount,
play_nykaafashion_89dc19e6-ad44-445e-ab0e-947b07e6a5e1,play_store,nykaafashion,2026-08-22 22:03:50,1,very bad Nykaa Fashion apps 👎 cancel order ka paisa hame diya ही नहीं.Refund amount my bank account में receive हुआ ही नहीं.10 days hoo gaya mera.,
play_nykaafashion_72fcaa26-b5a1-40c1-9a51-4225b6c82117,play_store,nykaafashion,2026-08-22 19:47:35,2,they use ai and ai models to showcase their clothes on the app which makes it very uneasy to find the right thing...,
play_nykaafashion_6cc3a7b2-8dc3-4596-a72c-af3297954d00,play_store,nykaafashion,2026-08-22 16:56:42,1,Haven't come across such worst customer service and delivery service,
play_nykaafashion_6319e68c-1ce5-448c-be38-c39d480cf82f,play_store,nykaafashion,2026-08-22 15:18:38,1,totally horrible experience... totally wastage of money...meesho is much far better...I had placed return 20 days ago still it not returned...poor customer service...never going to use nykka again.. I will suggest everyone to use myntra..myntra have best customer service....nykkaa just know how to do their advertisement from celebrities...just getting advertised from celebrities doesn't make u better... very pooooooorrrrrr customer service,
play_nykaafashion_d20d7f45-a1da-4826-b7a3-1589842d7eab,play_store,nykaafashion,2026-08-22 14:01:14,1,this is the worst online shopping app in the country... customer can't cancelled the product... and the very bad experience is to track... i order one product and it's been a week and half I'm.still tracking... bhai such may ye sir dard Dena wala app hai... agar jisko bhi apni life mein stress chahiye toh ye app zaroor use kariyega... dhanywaad... hoshiyar rehay aur satark rehay... saavdhan INDIA jai hind...,
play_nykaafashion_320f6339-5cb5-4533-ab38-8b74f6a08daf,play_store,nykaafashion,2026-08-22 13:07:25,1,it takes too much time to display and outdated stuff,
play_nykaafashion_e9ed2f4d-4b2c-425c-935a-2d419003d803,play_store,nykaafashion,2026-08-22 12:59:02,1,"i order a sandal for my baby but after one time ware sandal was cracked when I complain for it not any response from nykaa team ,its bad experience",
play_nykaafashion_7bb88b51-9310-4dc5-a7cf-6fe363ce4cd3,play_store,nykaafashion,2026-08-22 12:53:31,1,they deliberately do not schedule pick up. so you get tired of waiting and keep item. and after some time cancel pick up saying nobody answered door. it's a scam better use Myntra. it's best application,
play_nykaafashion_9e9d614d-5571-475a-a784-aeb3ada295f1,play_store,nykaafashion,2026-08-22 12:43:29,1,worst delivery . it takes about 8 to 10 days to deliver any product evertytime,
play_nykaafashion_bf13c59c-516b-4974-8a15-67f5c3c94661,play_store,nykaafashion,2026-08-22 11:24:15,1,"Very Disappointing Delivery Service I’m extremely disappointed with Nykaa Fashion. The delivery date was changed 3 times, and there was no proper explanation or reliable update. If you cannot deliver on the promised date, please provide a realistic delivery timeline instead of repeatedly changing it. Very frustrating experience.",
play_nykaafashion_257c67d5-990c-4783-8b8c-85cf0d586e11,play_store,nykaafashion,2026-08-22 10:42:09,1,worst app especially for return and customer problems they do not solve problems easily like myntra...,
play_nykaafashion_3b164e48-db3a-449b-97ca-048789b7289f,play_store,nykaafashion,2026-08-22 09:59:36,1,I am trying to open the order section and contact details as I received wrong product but it is not working. though it is a brand but this tym it seems it is a fake app. how could I exchange my product?,
play_nykaafashion_602bf19a-a2d8-4e52-b3c7-8649b1caa3f7,play_store,nykaafashion,2026-08-22 07:26:56,1,"Really I had a worst experience... I ordered a pair of shoes, it is a low quality item. wrong size, not worth for the money. I tried to return + replace.... Whenever i go to that options it shows try later....",
play_nykaafashion_c9e62c5a-819d-4cef-a1f8-ecfcff12a30c,play_store,nykaafashion,2026-08-22 06:31:47,1,one of the worst. they will give false timelines and will not respond properly. Can't ttack the shipment properly. It will show misleading information. They will update they have attempted to deliver your shipment but no one was at home (we will be at home by the time the update was made). when you call customre care and ask for updates they willl simply say that the order is in transit. Also they will show that much attitude that they will cancel the order nearly after 10 days. Shame on Nykaa.,
play_nykaafashion_cb55c0e1-7f06-4b7a-b986-8e2fa5e02dd0,play_store,nykaafashion,2026-08-21 22:47:13,1,very bad experience with Nykaa,
play_nykaafashion_e0d399c8-73f7-49c5-b952-aa495ef1289e,play_store,nykaafashion,2026-08-21 21:24:08,2,payment method is thetic. UPI as well as cards are not considered,
play_nykaafashion_8dab8ebc-697a-438a-a2d4-5fd355a92516,play_store,nykaafashion,2026-08-21 20:30:37,1,"worst app , worst customer care support, there is no way to reach them, I tried to call on the customer service number for 16 minutes nobody picked it up the chat support girl gave me illogical and irrelevant answers , my simcard is damaged I am struggling because the delivery partner is trying to reach out to me but they are not getting me on call so my return is not picking up from one day .. gonna file a case in consumer forum",
play_nykaafashion_f5e67087-99dd-4836-8317-a7dc815ab7d8,play_store,nykaafashion,2026-08-21 17:49:08,2,"I ordered a product but that didn't come as expected so I wanted to return it but the person who came to take it back said It didn't pass the quality check , when we haven't used it at all and requested a return the same day . This is not expected. Return process is just so much hassle.",
play_nykaafashion_5ad60f96-ffcf-4dc0-a1fb-6e6298453f1e,play_store,nykaafashion,2026-08-21 17:37:33,1,I had applied for refund. the app says that the refund is generated on 3rd August and will be credited by 8th August. they gave one reference id. today is 14th August I checked with my bank. it says no such id has been generated for my account. I don't know why these apps do things like this has the shittiest customer care support,
play_nykaafashion_b6d5cfce-c90e-48c3-b3c9-2fa8be4aaa41,play_store,nykaafashion,2026-08-21 16:45:58,1,worst app. The service is very bad they do not want to return your money when the product is bad. They won't pick up and give the reason of not passing the quality check. Do not use such app.,
play_nykaafashion_6c6f84fc-4e61-4292-83c4-2aae7beca111,play_store,nykaafashion,2026-08-21 14:58:14,5,hoping for a good product 🤞,
play_nykaafashion_177b29dc-06b9-4604-a920-28db64e05e24,play_store,nykaafashion,2026-08-21 13:59:55,1,fraud app. replacement is stuck from last 4 days. even customer care sucks. asks to call multiple time for single request. would suggest not to order anything from app and even if you had to then do not buy pre paid order on this app otherwise your money will be gone..,
play_nykaafashion_dbab66cf-396c-402f-9ec1-c259d1cf1601,play_store,nykaafashion,2026-08-21 13:25:43,1,delayed delivery bad customer support... very irresponsible,
play_nykaafashion_ce6682f5-392a-4012-b6db-698bd7227302,play_store,nykaafashion,2026-08-21 11:17:13,1,"Worst service they are not at all bothered about customers, my return pickup is pending since so many days after making so many complaints and calls still no one is responsible. I would suggest not to purchase anything from Nyka",
play_nykaafashion_7b61676c-346c-4ffb-8562-94ffc551759d,play_store,nykaafashion,2026-08-21 11:03:05,1,nykaa is a fake and cheater app . I didn't receive my correct order. Nykaa sent me the wrong product. i was waiting for my correct product.i saw my order list not its showing delivered. that is totally disappointed 😔 I raised my ticket a few days back. but they didn't solve my problem. such a fake a lier and cheater app. no body use this app. customer Care number not available. i always trying to call nykaa but it unavailable to talk number is also fake . 😡😡😡😡😡,
play_nykaafashion_010da671-0238-4b85-a539-79784ad835e2,play_store,nykaafashion,2026-08-21 10:24:45,1,worst ever use shopping app,
play_nykaafashion_c2dfea26-c252-4659-a239-5c74682c6841,play_store,nykaafashion,2026-08-21 06:53:14,5,i like so much to love ...,
play_nykaafashion_464ee8d7-f836-4410-a4b8-8eeaed744e4d,play_store,nykaafashion,2026-08-20 23:53:55,3,"The product was delivered but size was large then i put for return for being non-availability of my suitable size but no one came to pick up, but never happened with me from Myntra so",
play_nykaafashion_f9fd2764-6774-490d-baad-e2f977625bec,play_store,nykaafashion,2026-08-20 20:21:17,1,"I placed my order strictly because the app promised delivery by August 19th, but it never arrived. Despite multiple follow-ups explaining that I am leaving my address on August 21st, several representatives repeatedly assured me it would arrive by August 20th. At 3:15 PM on the 20th, I even received an ""Out for Delivery"" text, yet the order was still not delivered. To make matters worse, customer support is now ignoring my messages and rejecting my calls. Hard-earned money is clearly a joke.",
play_nykaafashion_1e44f0d8-941d-4ebf-9ccf-d1ffb26b7b44,play_store,nykaafashion,2026-08-20 17:59:56,1,very bad service they cancel your order themselves,
play_nykaafashion_4b607b42-43f9-4798-8e00-83cb1338efc0,play_store,nykaafashion,2026-08-20 16:13:11,1,they didn't delivered my order in six month.then customer care said that window was close.that order was prepaid.they didnot give my refund.Customer care was useless,
play_nykaafashion_e45602fc-69eb-46ab-8c5b-b20348f561ce,play_store,nykaafashion,2026-08-20 14:07:12,1,"This is the worst app ever, there's no app worse than this. I placed my first order and it was also bad, so I requested a return. But the delivery boy was so rude, he behaved very badly and didn't pick up the return. After that, the return pickup date kept getting postponed, but no one came, no one called, and the request was cancelled. I also received a scam call from 'Nayka Fashion'.",
play_nykaafashion_cfd8dc10-864d-4090-857f-ec37f0f55fd4,play_store,nykaafashion,2026-08-20 13:41:03,1,सबसे बेकार और घटिया एप्लीकेशन है एक आर्डर क्लियर करने में उनका 1 महीने लग गया था इसे खराब एप्लीकेशन मैं आज तक नहीं देखी और यह मेरा सही रिव्यू है मेरे साथ हुआ है एक जूता मंगवाया था यह जूते में एक महीना निकाल दिया क्लियर होने में उन लोगों ने,
play_nykaafashion_a2e4cad6-0b6a-4bd6-80df-1eb3b7a701a2,play_store,nykaafashion,2026-08-20 13:23:50,1,horrible experience. I have ordered a pair of sandals and they sent me the wrong and damaged one. And if I return due to their mistake they will deduct my 99 convineince fees from my payment. I have registered complaint but no replies from last 3 days .,
play_nykaafashion_e30b2865-4ad7-4e0d-873c-2a2cb374b05a,play_store,nykaafashion,2026-08-20 12:59:21,1,Possibly the worst Ecom site I have shopped on - I mean they made Ajio look professional! Placed an order and the delivery partner claimed they made several attempts to deliver but they never did. I placed an order and the delivery partner claimed they made several attempts to deliver but they never did. I asked for the delivery person's number but they didn't share (even the alternate number) but was never contacted. emails were responded with templates that made zero sense.,
play_nykaafashion_67698eb5-6196-43b6-99e2-259a087b12fa,play_store,nykaafashion,2026-08-20 12:28:22,1,"I ordered a pair of shoes on 08/08/2026. The delivery date was set for 12/08/2026, but it was delayed to 15/08/2026. I thought, ""That happens sometimes; no big deal."" Then, it was delayed again to 21/08/2026, and for the past 11 days, the tracking status has remained stuck at Bengaluru. When I try to call customer service, the call connects but then automatically disconnects; I call them 5–6 times a day, yet there is no response.",
play_nykaafashion_c6b05ef1-27ce-485e-a5bd-0ab49862a36a,play_store,nykaafashion,2026-08-20 10:28:48,1,"worst worst worst app I can say....worst customer support. I have been facing issue with the exchange of my product, they share false messages that I am unavailable and at the same time I was talking to their customer support they just try to fool us...this is unacceptable...ban this app",
play_nykaafashion_c92cb2f7-eb78-4829-bae7-c123039811e7,play_store,nykaafashion,2026-08-20 08:57:48,1,"Worst Experience Ever Absolutely horrible experience with this app. The service is extremely disappointing, and the support team seems to have no interest in resolving customer issues. Despite repeatedly trying to get help, there has been no proper response or satisfactory solution. The app may look good, but the actual service and customer support are completely unacceptable. I would strongly recommend thinking twice before using this app. One of the worst experiences I’ve ever had with an ap",
play_nykaafashion_e8e1a971-54ca-4ad6-9555-1635da5f5294,play_store,nykaafashion,2026-08-19 23:04:12,5,nykaa fashion most popular branded so happy 😊,
play_nykaafashion_5e7362ee-fc34-4d3c-9253-9b9cee87ee42,play_store,nykaafashion,2026-08-19 22:59:11,1,"They sell their product marked at high prices, just google lens the product and you can find the same product sold at amazon, flipkart, etc. sold atlest 20 to 30 percent less price. They do provide coupons but those only apply to low quality product and charge delivery charge even for Rs 2000 products.",
play_nykaafashion_77cdb833-f43f-4d5f-b00e-36ead9a6eeb2,play_store,nykaafashion,2026-08-19 20:32:22,5,the app is really good and it's customer support is best and really helpful. Mr. Mihir Gohil was really helpful and understanding my concern.,
play_nykaafashion_117a2ecc-e337-483b-899a-e97a2ea2eddd,play_store,nykaafashion,2026-08-19 20:21:01,1,"Terrible services from Nykka , had ordered two dresses and a bag for my 5 year old neice on her birthday. the package which says two dresses had only one and the second dress was missing and the package containing bag had boy shorts in it !! pathetic checks from the packaging to rechecking and delivering ! have connected to the customer care but the solution is only after 72 hrs .... however the surprise birthday gift was spoilt royally by you folks. ..PLEASE DON'T TRUST THIS ECOMMERCE SITE !",
play_nykaafashion_0b381392-7d4b-409b-bfdc-980879dbffd5,play_store,nykaafashion,2026-08-19 19:20:23,5,so much offer we can get on branded products,
play_nykaafashion_5782cb47-aa40-4e26-84a3-ccf1f14514d3,play_store,nykaafashion,2026-08-19 18:19:43,1,never going to buy from here.... worst ever experience,
play_nykaafashion_6b236cbc-80fd-429c-a364-fb53b3608d3f,play_store,nykaafashion,2026-08-19 18:19:23,1,order returns gets cancelled from their end automatically and worst Customer service and products don't get picked up timely and no refund is provided until the product gets picked up.......horrible experience,
play_nykaafashion_13074fe4-a8e9-406f-a4be-e10707062c8b,play_store,nykaafashion,2026-08-19 16:21:24,1,"Horrible experience. I placed two return requests over two weeks ago, but neither item has been collected, and I have not received my refunds. I also contacted customer care, but received no response. The customer service is absolutely pathetic. Very disappointing experience.",
play_nykaafashion_237e0208-8756-4a73-8187-55771b90ed12,play_store,nykaafashion,2026-08-19 15:58:18,1,"never order from this app , bkl ek replacement ko 20 din lga diye , worst service I ever got from any app ,never delivered or pickup on time just say customer not available at the time ,",
play_nykaafashion_8db57e72-44d2-4093-91c4-e80a28e0f5a3,play_store,nykaafashion,2026-08-19 14:21:31,1,"I ordered a shirt from Nykaa Fashion on August 3, and the promised delivery date was August 7. Today is August 19, and I still haven’t received my order. That’s 12 days past the promised delivery date.This kind of delay is completely unacceptable, especially when there is no proper communication or clear update about the order. Customers should not have to keep waiting without knowing what is happening. Very disappointing experience with Nykaa Fashion.Please improve your delivery service.",
play_nykaafashion_b111cd3d-138c-496a-9e18-c710b3ae52d9,play_store,nykaafashion,2026-08-19 12:46:03,1,"recently purchased an item feom your site and requested its cancellation before shipping from your customer executive . She assured me that the item will be cancelled before shipping. However days later the delivery stood on my doorstep and since I cancelled the attempt, now i'm getting charged the shipping fee , which wouldn't have happened if she simply cancelled it. Moreover, i do not understand the fact that you dont have a cancel button on your website. Pathetic.",
play_nykaafashion_b501afea-4d4c-4e4b-953d-a0d6451d28ec,play_store,nykaafashion,2026-08-19 11:25:32,1,literally worst delivery they won't even pick up the order after replacement and not even order before the deadline,
play_nykaafashion_a68f8b85-4f0c-41d5-96b4-5f40235fc29f,play_store,nykaafashion,2026-08-19 07:22:37,5,very nice and happy birthday party wear dress for boy kids,
play_nykaafashion_8af5f9a0-384b-4e2e-91ab-58198a9381aa,play_store,nykaafashion,2026-08-19 01:04:03,1,"fraud application, received a different product,",
play_nykaafashion_84a92d25-64fa-43bd-b760-4e0fb62d5c9c,play_store,nykaafashion,2026-08-18 20:21:20,1,not good in service taking extra charge on delivery,
play_nykaafashion_1b9588fa-7777-4cea-9a80-9d1175691ee9,play_store,nykaafashion,2026-08-18 20:00:42,1,don't buy from these fraud.from last two days I am trying to return my product but same message please try after some time.their customer care is also not picking up .... Even their chat mode is not working...I am not going to buy anything from them in future....cheater...third class,
play_nykaafashion_7b9bd986-d24a-4203-84aa-a69283cf8a61,play_store,nykaafashion,2026-08-18 18:38:07,1,"Very Disappointing Experience with Nykaa Fashion I had a really disappointing experience with the Nykaa.The service has been extremely frustrating, and the overall customer experience is far below what I expected from a reputed platform.Issues with orders,support,resolution have made the entire process unnecessarily stressful.most disappointing is the lack of proper customer support & accountability.Customers deserve clear communication, quick resolutions,better service. can't able to pick up pr",
play_nykaafashion_79b4f0d4-9360-43a2-a07e-e708e3a07e60,play_store,nykaafashion,2026-08-18 18:06:45,3,"Product quality is sometimes good, but the return experience has been extremely disappointing. It takes more than a month to process a return, with almost zero coordination between the delivery company and Nykaa. I placed my return request on 18th July 2026, and today is 18th August 2026—exactly one month later, and there is still no progress. This kind of poor return service is very frustrating. Nykaa really needs to improve its return process and coordination with delivery partners.",
play_nykaafashion_698584c4-3a50-4487-816f-e1eb62752fa8,play_store,nykaafashion,2026-08-18 18:06:27,1,very pathetic experience. they sent me different product and till now I am requesting return request. but they cancelled it 2 times. their customer service is very horrible. at coustom care No one is there to reply..no one is there to take ur call . feel cheated. don't buy from they.. they are fraud.,
play_nykaafashion_bb3c4883-66e2-46f7-8f59-272934077de1,play_store,nykaafashion,2026-08-18 17:39:38,1,very disappointing service.,
play_nykaafashion_340fbf94-0500-4685-9afd-57205db6efdc,play_store,nykaafashion,2026-08-18 15:58:44,1,prices are too high compared to other apps,
play_nykaafashion_3fbfd128-6478-44e2-8a94-eaeb181d41ef,play_store,nykaafashion,2026-08-18 14:26:54,1,Never buy from them. they are thieves and frauds,
play_nykaafashion_2f16cecb-ee88-43a9-93b5-69c865ea79d9,play_store,nykaafashion,2026-08-18 12:30:07,1,Started scaming people by not taking return pickups.,
play_nykaafashion_74c8af77-a09e-4da8-94c0-47b9d3496526,play_store,nykaafashion,2026-08-18 12:19:10,1,worst experience. i ordered a shirt and I received a different product when I requested for return they rejected that and after that I contacted customer support it's been 5 days since I complaint about the product but there is no response. worst customer support.i really disappointed I never buy anything's from nykaa .,
play_nykaafashion_4c2f1471-fe26-4596-9b98-99520d5e620d,play_store,nykaafashion,2026-08-18 12:09:06,1,"I am writing to express my strong dissatisfaction regarding the delivery of my watch order, which is now delayed by 18 days beyond the expected timeline. This level of delay is completely unacceptable for a platform like Nykaa, especially for a product like a watch, which was likely ordered with a specific occasion or urgency in mind. I have received no proactive communication, updates, or explanation regarding this delay from your end. As a customer, I expect transparency. Don't use this app.",
play_nykaafashion_06dc8c88-e82b-4af9-8f6c-041323870827,play_store,nykaafashion,2026-08-18 12:06:34,1,this is the worst online shopping app ....if you will return the product they will never come to pickup,
play_nykaafashion_16be8fd7-55b2-4352-8e76-7d0a98e24335,play_store,nykaafashion,2026-08-18 11:15:37,1,very disappointing services I ordered a product through website an emergency delivery i needed so I chose fast delivery products it showed me It would be delivered on 16th aug now got delayed to 18th aug and when I am tracking it's not even shipped till date and when I wanted to cancel it's showing No cancellation very poor service and customer care agents are not even responding,
play_nykaafashion_6fd40685-6cc6-4543-a9b6-2e26e1f32c90,play_store,nykaafashion,2026-08-18 11:14:07,1,"I have called multiple times, spoken to the customer care as well however there's absolutely no resolution. My products are not being picked up. The issue is with thw delivery partner and I am the one who has to suffer because of that",
play_nykaafashion_f071d825-e8b0-49c5-a36c-a90ff470a7c6,play_store,nykaafashion,2026-08-18 11:07:16,1,worst experience and return/exchange policy pathetic. without intimation they auto cancel your request. Never buy any clothes form nykaa fashion.,
play_nykaafashion_2185a810-1b43-40f9-a764-bb4a449378df,play_store,nykaafashion,2026-08-18 10:16:02,2,"Every time I open the app to buy what I saved, it shows me ten new things instead.",
play_nykaafashion_5e234dfc-f2b5-4850-bc1b-723de1904211,play_store,nykaafashion,2026-08-18 01:43:10,2,cash on delivery free higher,
play_nykaafashion_816c6ee5-0dba-4508-90b6-2874874c2bbf,play_store,nykaafashion,2026-08-18 00:25:38,4,prices and cloth ranges are good but if i wishlist something for later it ends up either getting stocked out and never returns back in stock for months,
play_nykaafashion_c20591ab-ddcc-4157-9fda-f027ae816752,play_store,nykaafashion,2026-08-17 23:01:58,1,"One has to wait a lot for the refund, one has to wait for a whole month, please see my message once before taking it.",
play_nykaafashion_9577c9fb-4787-4a34-b62d-4017db039f31,play_store,nykaafashion,2026-08-17 22:58:20,5,I am loving this app's try on feature. This cool AI feature let's you see what looks best on you in a jiffy!,
play_nykaafashion_b442c28b-5cff-4719-a810-9e8ddbaffeef,play_store,nykaafashion,2026-08-17 21:19:56,1,"Extremely disappointing customer service experience. I've been trying to return a footwear product since July. Despite sharing the requested pictures multiple times and receiving confirmation that the return would be processed, the pickup has still not happened. I have been given the same assurance repeatedly, but there has been no resolution. The product is unused and has all original tags intact. Customers shouldn't have to follow up repeatedly for a return that has already been confirmed.",
play_nykaafashion_357b0500-1444-4615-81bf-a86917a80e9d,play_store,nykaafashion,2026-08-17 20:59:03,1,we need coupons and more more discount,
play_nykaafashion_669a7391-b74d-4ca6-b05f-51315e9debb8,play_store,nykaafashion,2026-08-17 18:22:09,1,phone calls 10min waiting still not recieved by anyone ...customer care team is very poor in communication and responding very bad .. even they are not giving right answer alwys delaying the issue.,
play_nykaafashion_0c5b38ec-fa7f-4e45-99c8-d0da7c19fb78,play_store,nykaafashion,2026-08-17 17:59:44,2,"I used to like the app but won't recommend it anymore. Repeated bad delivery experiences, issues in exchanges and poor delivery timelines. Has been going on consistently for multiple times now. Myntra has far better performance in all aspects",
play_nykaafashion_a75ae4fc-a792-48fb-9d47-b9abfd219cac,play_store,nykaafashion,2026-08-17 16:45:12,1,Worst Experience I had received wrong sized order and on trying to return they won't accept my return request. Every time I called the helpline they would say it will take 3-5 days for internal investigation. It was so damn frustrating dealing with the customer service representatives. They close the tickets without resolving them. Finally my return has been processed after weeks and now I will be uninstalling this app. Pathetic experience.,
play_nykaafashion_98cb3ae5-ed25-48cb-9ff8-829ce860e702,play_store,nykaafashion,2026-08-17 15:39:03,1,"I’ve had a really bad experience here. This has happened twice now—my deliveries are always late. I ordered a purse recently, and its delivery date has already been changed twice.",
play_nykaafashion_06733b17-8ebd-4f36-aa69-08f5a867c480,play_store,nykaafashion,2026-08-17 15:27:36,1,Very incompetent and unprofessional. Harrowing experience after ordering. Delivery delayed day after day after being delivered finally after 10 days that too in a metro city.,
play_nykaafashion_a8271698-b10f-4c23-89a3-2369887f7a3f,play_store,nykaafashion,2026-08-17 14:35:44,1,totally wasted app...other shopping app is far better than nykaa fashion,
play_nykaafashion_ddec84ae-7e25-4a7c-9292-2a2e7b672e28,play_store,nykaafashion,2026-08-17 14:16:08,1,"Hey Nykaa, the return has been collected and yet after 3 days the delivery partner keeps calling for collecting the product. have escaled to the help centre twice and yet have not received any resolution. Its a continuous cycle of partners coming to collect the product which has already been collected. Can you have a better redressal system please?",
play_nykaafashion_0ae27cfe-0268-4126-9fe1-7ecae7ad6f53,play_store,nykaafashion,2026-08-17 13:45:18,1,totally scam you will never receive the same product what you have order. delivery service is too poor,
play_nykaafashion_0cecb099-1a17-4086-a72c-79ff1a447cce,play_store,nykaafashion,2026-08-17 13:26:46,1,"Nykaa Fashion is committing fraud by allowing pickup agents to fake cancellations, refusing pickup return products and has now blocked my registered mobile number from reaching Customer Service for the same. My suggestion please do not order from Nykaa Fashion because you will lose your time and money both by their scam which is truly unbelievable for me as well. Also I am going to raise complaint about such fraud and scam to Nykaa Fashion higher Authority CEO, Founder etc for the same in detail",
play_nykaafashion_91bdc101-8fa7-4419-bb0e-454a8819689d,play_store,nykaafashion,2026-08-17 13:24:32,1,fraud app . didn't get replacement and refund. go for myntra flipkart amazon.,
play_nykaafashion_558609fd-dc2a-4778-bab7-fc9f5c6bdef2,play_store,nykaafashion,2026-08-17 11:46:37,1,pathetic ..terrible experience delayed deliveries even in prepaid orders no contacts.. zero response... expecting my parcel today .got delayed again and again and again... DO NOT order from this app ... you are not gonna get it on time,
play_nykaafashion_8a34b2eb-f307-481e-ad1b-4e7fe1208edb,play_store,nykaafashion,2026-08-16 22:52:05,1,"Disgusting.....The return and refund process was frustrating and took much longer than expected. Customer support was not helpful in resolving my concerns, which added to the inconvenience. As a customer, I expected better quality, transparency, and service. This experience has significantly reduced my confidence in shopping with Nykaa Fashion, and I hope immediate improvements are made to product quality, delivery management, and customer support.",
play_nykaafashion_a9737019-02ec-4cbf-af5f-b44ecfe51cbb,play_store,nykaafashion,2026-08-16 22:21:50,1,one of worst online shopping experience with this app and there's no proper response or solution to the issue. just don't use this app.,
play_nykaafashion_53e2ea07-60d7-4924-b6ce-cec5138031d6,play_store,nykaafashion,2026-08-16 20:44:58,1,paid for the product but after so many reminders I am not getting my product. fool,
play_nykaafashion_96db19bf-8956-463d-af32-28826a9e2133,play_store,nykaafashion,2026-08-16 18:42:49,1,"The application's responsiveness is not good and can be improved. While writing the review for a product, my phone keyboard comes on top of the text field and I cannot see what I am writing, especially in case it's a longer review. Secondly, I'm pretty sure I submitted that product review and yet cannot see it updated on the portal. The rating still shows empty. When I'm trying to scroll images of a product, it's not smooth. Don't use AI to build apps, bring back humans. Quality is degrading.",
play_nykaafashion_dee986ac-e87a-42f3-81c0-28d1b6642b37,play_store,nykaafashion,2026-08-16 15:43:32,1,worst app....I can't even change my email address once I've add it my last account was not in use now and I wanted to change but there's no policy to change it....such a worst basic things,
play_nykaafashion_36a7e27d-7401-4feb-afe7-2cb6056402a0,play_store,nykaafashion,2026-08-16 13:55:09,4,This is my first order Tell after delivery,
play_nykaafashion_0ef92875-793d-4af4-a74a-dcc4f890f66b,play_store,nykaafashion,2026-08-16 11:51:54,5,All products are of gud quality,
play_nykaafashion_a3e8cf2a-71f8-43da-82c5-a09ede003a17,play_store,nykaafashion,2026-08-16 10:33:52,1,very bad customer support order is placed before 19 days still not delivered or refunded,
play_nykaafashion_d230b167-9254-408d-99c7-8c2a33b3e573,play_store,nykaafashion,2026-08-15 23:09:53,2,unnecessary delivery charge,
play_nykaafashion_7f7b77c9-1abc-4ffd-a880-4fed107d2d71,play_store,nykaafashion,2026-08-15 21:46:50,5,"I lyk Nykaa brand the most it's products are amazing,with close eyes one can go with it .I'm fan of this brand, no words to say about quality, design,nd fittings of product of this brand earlier too I hav purchased two suits from here .My each nd every word is true, I suggest everyone to give atleast one chance",
play_nykaafashion_a5866bc7-47cb-40d2-8448-7fa688597cb4,play_store,nykaafashion,2026-08-15 21:30:05,5,there is nice product and clothes,
play_nykaafashion_a85e6753-ae59-483a-ac36-03a906f404af,play_store,nykaafashion,2026-08-15 19:59:04,1,very bad experience with nykaa poor delivery services,
play_nykaafashion_d10f4838-2c00-4b8e-b4aa-2e30d86e0796,play_store,nykaafashion,2026-08-15 17:52:17,1,"Worst experience with Nykaa. Very disappointed and fraud app👎👎👎👎. Worst shopping app. Don't waste your valuable money on Nykaa😡😡😡. I ordered a suit set and saree but received very cheap quality. When I requested return, they cancelled my request and did not refund my money. Total waste of money and time😡😡😡😡😡😡😡😡👎👎👎👎👎👎👎👎👎👎👎👎👎👎👎👎👎👎👎👎👎👎👎👎👎👎👎👎👎👎👎👎👎👎👎👎👎👎👎👎👎👎👎👎👎👎👎👎.",
play_nykaafashion_484a0cbd-4fb5-4a13-8463-f604d4813d22,play_store,nykaafashion,2026-08-15 15:43:30,1,"Horrible experience!! This app is all SCAM!! The app is showing that it has tried delivering 3 times yet it was unsuccessful, despite the fact that I was not contacted even once regarding it then when I called the delivery guy number given by this app, that person is saying me to raise a complaint regarding him. The help number and messages also does not work. The biggest thing is that it was prepaid now my money has got stuck with them. help support kindly do something...",
play_nykaafashion_2cf1d1ed-923f-444c-b78d-3bd446feab18,play_store,nykaafashion,2026-08-15 15:40:37,1,"the worst shopping app i ever tried, i didn't get my order for 2 weeks and i tried to call their customer care they never pickup or call back and i tried to chat with them they weren't answering my question and I emailed them to cancel the order and then they did it for 1 week i didn't get my refund...worst customer service",
play_nykaafashion_c8826bb8-ea88-430e-b47d-9bbee806f203,play_store,nykaafashion,2026-08-15 15:24:21,1,"horrible experience I believe meesho is far more better than this. extremely poor quality of products, poor customer service, App that glitches, and they only believe in taking the money mot returning it back. For 20 days they tested my patience. I am definitely going to take the legal action against now. there never never care to read the mails and tickets, they'll definitely going to read the legal notice for sure.",
play_nykaafashion_d03d0fa6-299a-4e9d-9699-d26c22171ecf,play_store,nykaafashion,2026-08-15 15:02:44,1,They don't deliver your order on time and the order keeps on being delayed everyday,
play_nykaafashion_1388012e-b685-4951-b2a4-3c7047e53a6a,play_store,nykaafashion,2026-08-15 14:41:55,1,baddest experience in my life ordered puma shoes wanted to return it cuz quality was worst but unfortunately no one contacted me or came to pick my that parcel n after few days got text that all delivery attempted were done cheapest thing I expected from nykaa i hate this app ....don't have facebook account ...not even customer service was helpful for me n no one pick my cll,
play_nykaafashion_8e28cc2f-2448-4a9d-a500-d21e3bac7637,play_store,nykaafashion,2026-08-15 13:48:29,1,"Nyka team you guys should be fired by your boss. I reported three times yet you didn't understand the issue. There's no option to stop your promotional notifications, app notifications not promotional emails. Your CEO should see your inability to understand the issues despite being well elaborated by users/customers.",
play_nykaafashion_5448230e-3339-4627-b024-7456f05635aa,play_store,nykaafashion,2026-08-15 10:13:11,1,There are many bugs in this app. I was trying to return a order but I was getting error page. Just like this there are other bugs. moreover I was trying to find customer care number but couldn't find it on app. If you guys know app has issues than you should make it easy for customer to find customer care,
play_nykaafashion_72d23ce4-c4ec-4cce-ac65-ac43b94d7880,play_store,nykaafashion,2026-08-15 01:26:44,1,"Worst experience of the app they don't deliver or return products on due date and after cancellation or return refund is also not processed on time! The help centre is ridiculous and the call is not received, msgs are not replied on time you keep waiting for response but they will reply back 1 hour later and close the chat on their own! My money has not been refunded yet for the product I cancelled and returned. They are just doing a scam. Very bad seriously!",
play_nykaafashion_b9d15014-6fc0-46b4-bf2d-2bc50f1ecd07,play_store,nykaafashion,2026-08-14 21:45:01,1,"My order was marked ‘Delivery Unsuccessful’ yesterday even though the delivery partner never called me. Today it is out for delivery again, but I still haven't received any call. my order is being cancelled for 2nd time whithout even getting a phone call. worst app with slowest delivery 🚚. and i have still not received my parcel. not refund also. money wasted 🙂.",
play_nykaafashion_00516381-f681-47ad-ae92-d8f4e502fa33,play_store,nykaafashion,2026-08-14 18:57:43,1,wrost service. very difficult to connect to customer support . wrost ever delivery service.,
play_nykaafashion_88ad8aa1-7ecd-4c46-ae63-951f43c37f02,play_store,nykaafashion,2026-08-14 14:19:50,1,Nykaa has indeed good products. but delivery and pickup services are highly pathetic. + no proper customer support.,
play_nykaafashion_04499519-17fd-48be-8487-12b8be4363fe,play_store,nykaafashion,2026-08-14 13:04:24,5,Very nice discount but not in all items,
play_nykaafashion_b0dd7cef-15d2-4284-8e08-2d2e9b2fc0fe,play_store,nykaafashion,2026-08-14 12:20:21,1,na hi to koi return lene aata h na hi customer care wale call uthate h bahot hi bekar experience rha h is pr shopping krke m aage se kbhi is pr shopping nhi krungi na hi apne friends and family me se kisi ko krne dungi,
play_nykaafashion_d3fc84c1-a2e9-4d82-8da0-c441a60f74ca,play_store,nykaafashion,2026-08-14 12:04:07,1,i hat application not received return order fake application,
play_nykaafashion_b514fab7-4f98-425d-bb88-42a66dc5a930,play_store,nykaafashion,2026-08-14 11:47:54,1,worst horrible experience u have given me,
play_nykaafashion_a46ee38f-7de8-4dc6-a522-9db3880272b5,play_store,nykaafashion,2026-08-14 11:19:11,1,"Don't fall for good reviews, these are paid reviews. Worst shopping experience. I tried to return an item but it is getting cancelled without even informing me. And yes they don't address your query. there is a chat support which works like indian railways, it will arrive shortly.",
play_nykaafashion_4d26c836-354c-4f28-925c-ce59ee9c5446,play_store,nykaafashion,2026-08-14 10:46:03,1,"Very bad experience. It was my first order, and the product quality turned out to be extremely poor. They are not even accepting the return request. It has been 3–4 days, and I still haven’t received any proper response from them. They haven’t approved my return request either. Overall, it has been a very disappointing experience.",
play_nykaafashion_c5413e6a-da68-4e24-b90a-cb1cef582a8a,play_store,nykaafashion,2026-08-14 10:44:26,1,"very poor services especially product quality and return policy . when I request a return,they make more and more time to approve our return request.opt to buy product in Amazon,flipkart, mythra rather than nykaa.. most worst service in world is by nykaa fashion",
play_nykaafashion_0b69e5c1-e0e1-46c6-b2fc-9e9daeb6b85f,play_store,nykaafashion,2026-08-14 10:38:00,1,"Terrible app and even worse customer service. Don’t even think about returning a clothing item—it can take up to a month just to process the return. And if you try to contact customer care, you’ll have to wait an average of 15–20 minutes just to get connected to someone. Absolutely frustrating experience!",
play_nykaafashion_35e5c05c-5549-4546-949a-60e2de03f2bc,play_store,nykaafashion,2026-08-14 10:17:39,5,I think its a good choice.,
play_nykaafashion_ab8689e3-bc75-4094-b8a4-4079cd17e053,play_store,nykaafashion,2026-08-14 09:11:14,5,bahut acche kapde milte Hai,
play_nykaafashion_40cb56c5-b315-49cf-8324-fb14b8e6bca2,play_store,nykaafashion,2026-08-14 08:59:21,1,very disappointing have 2 bad experience with Nyka beauty and Nykaa fashion their return policy are just worst as they have given me the worst quality product i have initiated for return but the agent never came for return the worst part is Customer care of Nyka Fashion is never responding. I have wasted my money trusting Nykaa will never purchase again from Nyka even if it is on sale or any other offer you are giving will delete my account from this nykaa,
play_nykaafashion_b198ad84-6253-4a1f-8fb3-403d069b910e,play_store,nykaafashion,2026-08-14 05:47:50,1,Absolutely horrific experience. They have added some random persons details in my account and my product was delivered there. This is a clear exaple of data breach.,
play_nykaafashion_8ed8fe6d-475d-41a8-a5e5-fd685a22ae1f,play_store,nykaafashion,2026-08-14 00:39:22,4,this app is great because they will provid COD I like those app who provid COD.,
play_nykaafashion_ec81d1d4-1148-47fe-9ff6-b3a5d35cef6c,play_store,nykaafashion,2026-08-13 23:42:46,1,received broken product and nyaka denied refund,
play_nykaafashion_0045a769-b353-4b11-a5f0-93be67c72fe6,play_store,nykaafashion,2026-08-13 22:28:41,1,worst app doing scam with orders sending other's parcel not refunding money worst communication skill not the trustworthy platform doing fraud,
play_nykaafashion_2112c486-6e29-4c43-b95e-fffe92976cbd,play_store,nykaafashion,2026-08-13 21:34:46,1,"Pathetic App, I have been trying to return my product from 1 month. no delivery agent came for receiving and it keeps getting rescheduled. it's been more than a month now. very bad experience, never buying from this app again . nykka beauty is good but this was is pathetic and there colab with shadowfax makes it worst .",
play_nykaafashion_302109a0-4b4f-4b9e-8b26-7254ff381049,play_store,nykaafashion,2026-08-13 20:12:48,5,very good online purchase all in on platform,
play_nykaafashion_b8aff330-e6a9-499d-812d-6cfd02e270ff,play_store,nykaafashion,2026-08-13 19:30:00,1,"I purchased one anarkali kurti set which was a 3 piece suit kurta, pant and dupatta and it is for 3000. Dupatta was missing from the package. So I raised a return by calling them but no one has come to pick this up. And also poor customer service, representative cut the without resolving the problem 😡😡😡😡",
play_nykaafashion_72226783-6068-4a8c-a018-e92bae1ed04e,play_store,nykaafashion,2026-08-13 18:59:07,5,"democratizes access to international brands, specialized skincare (like dermat-approved serums), and clean beauty that were once difficult to source locally.",
play_nykaafashion_55c058fe-3834-4ede-bfca-795125e1fda6,play_store,nykaafashion,2026-08-13 17:19:27,1,Such a worst shopping app I've ever used.i ordered a sunglass for a function in Aug 15 and the delivery was in Aug13.Now they're saying item cannot deliver on that day and will deliver on Aug 15.whats the use.,
play_nykaafashion_752faf75-5f37-45c9-b522-9e0b8568b7f1,play_store,nykaafashion,2026-08-13 14:43:03,1,worst experience in 2 orders. They keep on changing the delivery date as per convenience and I could not cancel the order also,
play_nykaafashion_8d252b8e-6ca4-4fb9-95d4-c9b0ce4fb2a0,play_store,nykaafashion,2026-08-13 13:37:38,5,very good app for shopping,
play_nykaafashion_60b7d634-b073-484b-9e9b-83902d2db4e8,play_store,nykaafashion,2026-08-13 13:32:03,1,"worst worst worst worst i order a sketcher shoes and they delayed the delivery 5 times, now they r saying after eons that delivery is failed pathetic experience",
play_nykaafashion_2287f5a4-4672-4357-92ae-9c831b81cb4c,play_store,nykaafashion,2026-08-13 12:39:27,1,I haven't had any luck getting good help from either their chat or phone support. Unsatisfactory,
play_nykaafashion_6b23479c-9c80-4ebe-b03e-ee8fb7f29612,play_store,nykaafashion,2026-08-13 11:59:12,5,I truly appreciate the work done by the #nykaafashion team. I would particularly like to mention #WasimSyed for patiently helping to resolve my issue regarding an order exchange. He is extremely professional and his attention to details was impressive. I deeply acknowledge the hard work and dedication shown throughout the process. Keep up the great work. Thank you for excellent customer service! #nykaafashion #WasimSyed,
play_nykaafashion_6a788a8c-a3f2-491a-9b3b-6be1674ed48f,play_store,nykaafashion,2026-08-13 11:47:17,1,The deilevery experience is the worst for me...Never buying anything from this app.,
play_nykaafashion_7d43ecc1-d2d0-41fe-87b8-0ba7c16450d0,play_store,nykaafashion,2026-08-13 11:19:48,1,worst experience with them i have ordered 2 puma bags in the interval of 15 days as I got both delivery after approx 12-15 days later from the expected delivery date as this is not expected from such a Big brand as their future regular customer i will never order anything from their website/app as I got a very tribel experience and I haven't got my order still as I am as frustrated that I have to write this review,
play_nykaafashion_de2415d7-850d-4bd8-860d-116a68807d04,play_store,nykaafashion,2026-08-13 08:47:51,1,"This is a completely useless app. I placed over 10 orders here, but returns never happen; neither the logistics partner nor the company resolves the issue. Three of my return requests were never honored, resulting in a loss of ₹5,000. Please do not waste your time and money.",
play_nykaafashion_c2307760-d3ed-478f-ba3d-e1f025c3cc0c,play_store,nykaafashion,2026-08-12 22:19:06,2,the reason I don't like this app at all is that it's very laggy and the delivery of the items which we order always get delayed the jeans I have ordered first showed delivery date on Sunday then it got postponed to Tuesday and then again to Friday there are good amount of coupons and discounts but the problems are it's delivery delays and laggy app,
play_nykaafashion_f42a717f-bc9b-4c1b-9d52-70104f1808c3,play_store,nykaafashion,2026-08-12 20:24:07,1,Worst app they don't bother to maintain their status.. Trying to reach the customer care since the last 2hrs no one is responding.,
play_nykaafashion_7606c4f4-a3b6-4eda-b5d1-eb74b91e3716,play_store,nykaafashion,2026-08-12 20:00:14,1,"the worst shopping app worst customer care response they have not delivered my ordered products. no response from customer care my money is stucked,no efforts is made by them to resolve the issue I dont know where to contact.",
play_nykaafashion_a274a56f-c0d3-4d5f-afa1-e6343d5c946b,play_store,nykaafashion,2026-08-12 19:17:08,1,worst coustmer care service..just fake assurance on the name of delivery. after every 3 days they say we need 72 hours time.but they do nothing. after 12 days have to cancel the order..,
play_nykaafashion_b79d5cf2-025f-4300-9f67-58644069b081,play_store,nykaafashion,2026-08-12 18:28:23,1,"Extremely disappointing customer support. My Nykaa order was already prepaid online, yet the delivery executive collected the full amount again in cash. When I contacted support, instead of understanding a simple double-payment issue, I received irrelevant responses that clearly showed my complaint wasn't even being read. The support number was of no help, callbacks never happened, and chat support was unresponsive. Taking payment twice is serious; failing to investigate it properly is even wors",
play_nykaafashion_11f42c11-153c-4046-a47d-f6e83d6f8089,play_store,nykaafashion,2026-08-12 17:04:01,1,no replacement in time .I don't want to purchase next time.,
play_nykaafashion_256ae591-7faa-4b41-bc7c-b1509a9744b8,play_store,nykaafashion,2026-08-12 16:42:04,1,poor service and delivery worst app ever had a bad experience,
play_nykaafashion_d704b49e-f107-4420-8caa-bbf6d701b4cf,play_store,nykaafashion,2026-08-12 15:52:22,2,"Return policy is very poor, For instance I had to return a shoot for bad size fitting, Delivery boy has not even visited my home but the app says that return product has failed quality check😡😡",
play_nykaafashion_939f9cc1-a29a-4689-b8bb-7015814dfec7,play_store,nykaafashion,2026-08-12 13:56:46,1,Such a bad experience with their customer service. Nobody replies on chat. And if you call they put you on hold and nobody talks. I recommend never to use this app if you ever think customer service is needed.,
play_nykaafashion_8e6cb91f-d815-46a4-9497-27ecb919a66c,play_store,nykaafashion,2026-08-12 13:10:33,1,pathetic experience haven't received the order I placed yet and also I haven't received my refund yet.....and no support From customer service.....they themselves are not aligned....I regret ordering from Nyka,
play_nykaafashion_692be7ef-2208-403e-b82d-b4a5835650c1,play_store,nykaafashion,2026-08-12 12:54:33,1,"WORST WORST WORST WORST WORST APP AND CUSTOMER SUPPORT EVER!!!! THEY CAN'T SHIP MY ORDER, WAIT TILL AGES JUST TO CONNECT THEIR NON EXISTING CUSTOMER SUPPORT AND THEY CANCEL BUT DON'T INITIATE REFUND, NOW AFTER 18 DAYS I'M STILL IN QUEUE FOR LAST HALF HOUR TRYING TO GET MY GOD DAMN REFUND!!! PATHETIC PATHETIC. BETTER SHUT IT DOWNNNNNNNNN",
play_nykaafashion_47c64d6f-33c7-4c33-804c-4464476ea516,play_store,nykaafashion,2026-08-12 10:45:38,1,terrible experience if you don't want to provide your cloths on a low price then don't fool people first you give fake discounts and after some one orders it you delay it for 10 days and cancel it from your sideee. terrible on of the worst e commerce app!!,
play_nykaafashion_472a181b-c0e4-4929-8bcf-deb9e397bcf7,play_store,nykaafashion,2026-08-11 23:39:27,1,"Worst and useless app, nyka will never make your return happen. My return for Puma shoe takes more than 15 days but still they reply as delay and will take return tomorrow. This Tomorrow never happens even after repeated call to customer care. There is no selection as 0 star, I would prefer Zero star to this app.",
play_nykaafashion_5960f145-17db-41c8-a97c-de9694185ec9,play_store,nykaafashion,2026-08-11 21:37:06,1,facebook inbox main order no Share kya hai,
play_nykaafashion_0b55a7d8-f142-4912-b4ea-d96822a94caa,play_store,nykaafashion,2026-08-11 21:22:53,1,Fraud. i ordered from nykaa and the order has been getting delayed for the past 4-5 times. It has been 15 days and it's still getting delayed. There is no proper support from the customer care as well . I'm tired of this app.,
play_nykaafashion_2448aa30-0c7e-4f72-a424-80556ee7a32c,play_store,nykaafashion,2026-08-11 19:21:37,1,मंगवाया कुछ आया कुछ ओर रिटर्न भी नहीं हुआ कोई भी nykaa का use मत करना। बहुत घटिया है,
play_nykaafashion_1df987a0-c0a8-4e24-8e14-0c0f7edc3365,play_store,nykaafashion,2026-08-11 19:12:40,1,fraudsters and bunch of scammers not even picking up the call from customer care do not buy from them,
play_nykaafashion_2ff267d2-0b02-40a8-9ae8-6f416daac623,play_store,nykaafashion,2026-08-11 18:20:49,1,very disappointed with nykaa fashion. I had ordered on Thursday delivery was at Saturday. they didn't try call and said I was not available to take delivery. I call costomer care but no one picked call. I message nykaa fashion and reschedule delivery for next Tuesday as I was not there for 2 days but I got call on Sunday and Monday again and again for delivery. I already told them I was not there on these 2 days but I received call and on Tuesday there is no call.,
play_nykaafashion_a0a4724c-4d1a-43d6-9ac3-4401a80fb38a,play_store,nykaafashion,2026-08-11 18:20:26,1,I ordered a tshirt and didn't like the material and fit. It's been MORE THAN A MONTH that I have placed the return but it still has not been picked and I've not received my refund. This is the worst possible service by Nykaa and Shadowfax.,
play_nykaafashion_a0ed7b4a-b477-4914-9f69-edba6793bdf0,play_store,nykaafashion,2026-08-11 18:09:52,1,"A simple RETURN REQUEST had to go on and on for more than a month. When the order finally got picked up, it's been more than 3 days but no refund.",
play_nykaafashion_2c212eec-0eec-42db-a836-2da8734761f8,play_store,nykaafashion,2026-08-11 15:47:09,1,"​I ordered a T-shirt through this app and made the full payment in advance. However, I received a completely wrong item (a women's lower). ​I immediately raised a complaint with customer support. After making me wait for 7 days, they simply rejected my claim, stating that the brand dispatched a T-shirt and the correct product was delivered. They completely denied my issue and refused to help or refund my money. ​My hard-earned money has been completely wasted. They do not care about genuine cu",
play_nykaafashion_0e6ed974-dd19-41b3-8eb0-336c0bba33b4,play_store,nykaafashion,2026-08-11 13:04:46,5,nice aap acha t. shirt Dena long rahega nykaa is best,
play_nykaafashion_44b655ee-3b11-41d8-a0f1-74df9581cfdb,play_store,nykaafashion,2026-08-11 11:34:40,1,they don't have any responsibility towards their customers. after order they don't send any courier partner to collect the return item and and messaged customers that their return request has been cancelled .to return the item their toll free toll free customer care calls are not picked up by any person. I have tried many times from last 10 days .ln whole I am totally disappointed by their service and not recommend anyone to shop from their app,
play_nykaafashion_2a348cef-a37a-4b51-b78d-ea18f7dcee2d,play_store,nykaafashion,2026-08-11 10:05:05,4,awesome product quality 🤩,
play_nykaafashion_ad1a221e-91d2-4b96-9ce1-036953772f68,play_store,nykaafashion,2026-08-11 09:26:24,1,worse mera Order nahi mila mujhe or delivery ke ka attempt show kar raha hai app mai lekin mujhe call message kuch nahi aya hai 😭 what am I suppose to do mera 1200 rs gaye? wapas se mile ge paise,
play_nykaafashion_9990dafd-bb4a-40a0-a896-cf2c66449717,play_store,nykaafashion,2026-08-11 02:12:22,5,my first time order kar rahi hun yahan per dekhte first order kaisa hai mera uske bad bataenge ham,
play_nykaafashion_954bf006-a5c8-4512-bd23-3ea31d1b3a24,play_store,nykaafashion,2026-08-10 21:07:14,1,horrible negative experience. my wife ordered a dress. 10 days later casually cancelled. no response to cancellation and no update on refund. stay away from this app. edit: nykaa fashion is using my money and not responding to Facebook inbox messages. will need to initiate legal action. this is fraud.,
play_nykaafashion_01b27e97-b65c-451b-accf-abb9dafe3e42,play_store,nykaafashion,2026-08-10 21:06:55,1,Nykaa Fashion bahut bada scam kr raha hai ...isme only exchange offer hai....kitna v poor quality kapda ho return nahi hoga ..... colour v different hone ke baad ..... Fraud app...,
play_nykaafashion_ba82c629-5825-4f80-998c-edd64341150f,play_store,nykaafashion,2026-08-10 20:42:23,1,not possible to contact there customer support,
play_nykaafashion_37d89308-1a28-40c7-9d26-e403c5937e2f,play_store,nykaafashion,2026-08-10 18:34:23,1,Bhai pichle 5 saal se company ki growth ruki huyi h to kya ab coustomer ko over rate me product bechne par growth chalu ho jayegi jabki or jyada rukegi luto mat.......,
play_nykaafashion_ca318bb0-6575-4bdf-9987-3a5532e20e12,play_store,nykaafashion,2026-08-10 15:58:20,1,"placed my order on 4 July, and what should have been a simple return and refund process has turned into a more than one-month-long headache. After receiving the order, I had to make multiple calls to get the return accepted. Once the return was finally accepted, the refund became another problem. I have literally had to follow up almost every day, and every time I receive the same response: “Ma’am, your refund has been initiated. It will be credited to your account soon.”",
play_nykaafashion_9e5ea733-70b9-4ac2-aaf2-3082b08d623f,play_store,nykaafashion,2026-08-10 15:27:48,1,"Please take my Ritun parcel, you cancel Ritun daily, it has been running for 3 days.",
play_nykaafashion_824be70d-4b84-4256-a049-1ecafbbf0855,play_store,nykaafashion,2026-08-10 15:17:06,1,very bad service. quality is not up to date.,
play_nykaafashion_4eeeb1ca-2b41-4d8c-8d97-4169f1845b95,play_store,nykaafashion,2026-08-10 14:52:14,1,"selling local defected products and not matching with images. when we try to return them, they ask for original product as per image",
play_nykaafashion_db8d6c21-207d-46d0-bd5a-68eab3a6adfb,play_store,nykaafashion,2026-08-10 14:47:41,1,Worst customer care and support. i have requested for return of my order on 31st july 2026 and its already 10th august and they have not processed my return.,
play_nykaafashion_5b5d4039-51be-49c9-95a4-34bf211ddeb2,play_store,nykaafashion,2026-08-10 14:38:22,5,it's nice out of stock items comes in stock after 2-3days so should check again and again,
play_nykaafashion_6e9cfb8e-1b34-4f9b-98e2-2a6b54896fb0,play_store,nykaafashion,2026-08-10 14:21:03,1,"I had so much trust on nykaa but they are disgusting, I ordered U.S Polo shoes from their website and received a totally different local product and when I am trying to reach their customer support, no one is picking the call and they are not even authorising authority to take back the wrong product. Nykaa has become a world class spam, so much disappointed from them My advice to everyone is, not to buy anything from them",
play_nykaafashion_1a6054da-c140-4e4f-a80d-30b3bee9d214,play_store,nykaafashion,2026-08-10 13:32:31,5,fastest delievery plus good quality products,
play_nykaafashion_0025e610-7ed3-4a29-a47a-f27d3eeb3dfb,play_store,nykaafashion,2026-08-10 13:17:54,5,Shopping on Nykaa Fashion is easy and convenient. Trendy products with good quality. Would appreciate more affordable pricing so it's accessible to more customers. 🙏⭐⭐⭐⭐,
play_nykaafashion_f7fc04a7-6ada-45ae-a6ab-925258823e4b,play_store,nykaafashion,2026-08-10 13:15:25,1,"Bhai Aapko Bata Dun,, Koi Bhi Bhai @Nykaafashion Se Koi Bhi Product Naa Buy Karein,, Kyunki Mene Buy Kiya Ye Wala Product 2199 Rupey Ka, Mujhe Ye Product Ka Wrong Product Received Hua Tha, Mene Return Request Daali To Return Mera Approved Ho Gya Tha, Lekin Baad Me Usko Pickup Nhi Karwaya Gya Tha,, Kyunki Mujhe Bola Gya Tha Jo Jeans Aapne Buy Kiya Tha Wahi Jeans Hamare Seller Ne Bheja Tha Aapko,, Ab Aap Ye Batao Is Jeans Me @Nykaa Ka Seel Laga Hua Hai, Or #PeterEngland Company Ka Tag Bhi Laga Hua",
play_nykaafashion_bc32b544-d0a8-44d6-876c-7d6538535d51,play_store,nykaafashion,2026-08-10 13:07:44,1,"Worst experience. I have been trying to get in touch with the help center, no response on the phone number mentioned. Delivery not attempted on the date mentioned and also, a message saying THE PRODUCT WAS NOT ACCEPTED, was sent, even though the Delivery was not attempted. Would never recommend any one to use the app for buying products.",
play_nykaafashion_a8535f2e-2290-4109-98e1-1d7a6c19b7e4,play_store,nykaafashion,2026-08-10 11:56:24,1,"Very disappointing. They don't refund. Their customer support is worst. If there would be negative rating, I would have given -100. i ordered one dress, they kept postponing it several days after that they canceled and I don't get the refund yet. And a pair of shoes which I returned because of fitting issues, they took and didn't refund. their customer support doesn't work. pathetic service. it's been one or 1.5 month, neither they refunding nor they responding.",
play_nykaafashion_7371d906-63da-4fdb-b5e7-bb24abfdf43d,play_store,nykaafashion,2026-08-10 10:26:49,1,"Poor help center, not addressing customer grievance.",
play_nykaafashion_eb8f5e61-ea72-4f82-960c-8b7c89395edc,play_store,nykaafashion,2026-08-10 10:09:43,5,You compan delivery person never call and returning material,
play_nykaafashion_e9b65441-13f5-4018-9549-1d61942a8482,play_store,nykaafashion,2026-08-10 01:48:12,5,Good Application & Shopping,
play_nykaafashion_b6a9e9e3-a588-418f-a9aa-541915ec7c40,play_store,nykaafashion,2026-08-10 01:14:53,1,"very disappointing app ever poor customer service If you shop through your nykaa fashion app, your money may get stuck and they deliver worng product and they didn't care",
play_nykaafashion_27b6d4b6-f91d-4837-8e54-be09a7757d9c,play_store,nykaafashion,2026-08-10 01:09:37,5,branded clothes are available and interface of this app is easy to use and also the cod option is good for middle class family,
play_nykaafashion_144a6e16-714c-459b-af5c-5308eb613102,play_store,nykaafashion,2026-08-10 00:27:21,1,worst app. first and last purchase from this aap horrible,
play_nykaafashion_69a20016-c64f-42d9-a070-34b894bace1a,play_store,nykaafashion,2026-08-09 22:19:56,4,Good features happy purchase,
play_nykaafashion_85d114e0-b27d-460d-b0d5-ae2cc64d34fa,play_store,nykaafashion,2026-08-09 20:15:16,1,Worst experience it's been over a month but my order haven't got delivered and they are not even giving me refund or cancelling my order. it's really a shame to nykaa by being a global company but not fixing these problems. And there customer service is useless they only talk to you once and then they forget to fix that. Horribly bad experience.,
play_nykaafashion_8d7ac748-c8a7-4d96-b8d9-22b9292cad1f,play_store,nykaafashion,2026-08-09 20:01:34,1,"Extremely disappointed and frustrated with Nykaa Fashion. My return pickup has been cancelled repeatedly despite assurances from customer support that it would be picked up without fail. This is now the 4th attempt, and I have spent days waiting and following up, only to face another cancellation. The lack of accountability is unacceptable. I should not have to chase a company to return an item. This experience has destroyed my trust in Nykaa Fashion, and I will think twice before shopping here.",
play_nykaafashion_e5d87c66-61ce-4d92-945f-290da5b24314,play_store,nykaafashion,2026-08-09 19:39:51,1,very bad experience they are not responsible,
play_nykaafashion_06016a6d-b57a-4952-adaa-8f8b6bfefc32,play_store,nykaafashion,2026-08-09 18:15:39,1,worse app I have used they don't want to take any kind of responsibility to their coustomer I have been calling their coustomer services or my parcel whis I have not received and no one has pick it up there is no one to answer my call I have called more then 5 time in dour day but guss what they are still not responding and I didn't even get my parcel it just has bijg name otherwise it's coustomer services are worse meesho has batter coustomer services then nayka,
play_nykaafashion_bd499197-5219-4e1c-9962-1399aeaa5b88,play_store,nykaafashion,2026-08-09 17:23:37,1,very very worrest app i suggest don't download this app no customer support very very very worrest........,
play_nykaafashion_ee0ebd40-3e18-4ca4-9633-be4a1cebfd7e,play_store,nykaafashion,2026-08-09 14:41:28,1,"I placed an order with Nykaa, promised delivery on August 5, but the date kept getting postponed daily and now shows August 12. Since yesterday I’ve been requesting cancellation, yet customer care refuses and insists I wait for delivery. This repeated delay and denial of cancellation reflects truly pathetic customer service. Nykaa has shown no respect for customer satisfaction or time.",
play_nykaafashion_41f2e508-a7a7-4ab9-ae95-4fb560226791,play_store,nykaafashion,2026-08-09 13:51:58,5,amazing collection. mind blown.,
play_nykaafashion_9034c12b-3bd2-498c-99e3-e9728c9d21c0,play_store,nykaafashion,2026-08-09 11:04:29,1,"Very bad product, don't buy again,sending wrong product often time.when you reschedule my order?",
play_nykaafashion_9854e63a-6a32-4a5f-9fbb-412f83ba415c,play_store,nykaafashion,2026-08-09 09:33:12,1,Nykaa Fashion is a Fraud Company and their customer support team is also useless they don't even response to a problem,
play_nykaafashion_27c7a865-78b7-4bc4-b5fb-3529e9eddd15,play_store,nykaafashion,2026-08-09 08:23:17,1,"I had a terrible experience with Nykaa. I ordered jeans, but received the wrong size and color completely. ​My remaining orders were shipped via Delhivery courier, and they still haven't arrived. Delhivery is extremely slow and unreliable. Nykaa must stop using Delhivery and change courier partners immediately. ​I have completely lost trust in this app. I will never buy anything from Nykaa again! Highly disappointed.",
play_nykaafashion_0bae640e-45d5-4daf-a684-f6fc4782a319,play_store,nykaafashion,2026-08-09 07:04:51,4,thank you nykaa fashion for sorting out for me.,
play_nykaafashion_6dce8789-a192-4f71-b455-bd74d7139794,play_store,nykaafashion,2026-08-08 18:18:39,1,I ordered a shoe for me and it has delay 6 days very poor delivery 🚚,
play_nykaafashion_a6a623ae-4e75-4ae0-83b0-f1a41f0f7b20,play_store,nykaafashion,2026-08-08 15:32:58,1,"the products are not delivered on time, neither the product can be traced",
play_nykaafashion_b0af2713-b345-4eb1-81a3-86de53fd173b,play_store,nykaafashion,2026-08-08 14:30:58,1,the help Centre doesnt help at all. my pre paid order was delayed for 9 days. i have mailed/contacted via phone/chat complain. but no response. poor behaviour,
play_nykaafashion_04c09d77-e17e-492f-a191-9f9a60065e10,play_store,nykaafashion,2026-08-08 13:53:55,1,no response from coustomer Care such an irresponsible behaviour,
play_nykaafashion_9634d21d-0ddf-4d8e-b33e-631b58ad38a6,play_store,nykaafashion,2026-08-08 09:35:32,1,"Third rate customer service. I was around 15mins on call waiting for customer service support, yet not received. on chat support executive not replying for more than 10mins. product quality is worst yet not able to return easily. Myntra is doing Great compared to Nykaa.Go for Myntra whenever possible",
play_nykaafashion_5183edea-3efd-48e8-9a8a-622d5bd55185,play_store,nykaafashion,2026-08-08 08:29:05,1,"first experience, extremely bad experience",
play_nykaafashion_36ac8b8f-2cbf-493e-a294-2975f8dc5119,play_store,nykaafashion,2026-08-08 00:09:43,1,"very bad fashion app. I ordered some clothes for my kid for function. it's delayed multiple time. I waited for almost a month but it didn't delivered, not even dispatched. i called to customer care almost 100 times then they give reply. after all that I canceled my order. Again it took almost 7-10 days for refund. very very disappointed.",
play_nykaafashion_0f677c0a-8266-4e4f-8392-c35062ed90ee,play_store,nykaafashion,2026-08-07 23:07:57,1,"The product is not delivered on the given date , even after returning the product the refund is not done very worst experience .",
play_nykaafashion_191290ff-2167-4126-99da-2122d1395592,play_store,nykaafashion,2026-08-07 22:42:42,1,"⭐ 1 Star – Extremely Disappointed with Nykaa Fashion My experience with Nykaa Fashion has been extremely disappointing. I have ordered shoes multiple times, and almost every time there has been some serious issue. On two occasions, I ordered branded shoes but received local/copy products instead of the actual brand. On another order, I received a different size from the one I had ordered. Now I have placed another order, and the delivery was promised for 7 August, but without any proper reason,",
play_nykaafashion_3a6b625d-9b37-41cc-b28d-660494fa0cda,play_store,nykaafashion,2026-08-07 20:23:45,1,"Horrible experience. I received a defective dress with a torn hook and dirt spots. I requested a return immediately, and it was approved. Pickup was scheduled twice, but the delivery partner never called and arrived late. My deliveries are always on time, so why the delay for returns? Now they're saying the item failed the quality check. If so, why approve the return and schedule two pickups? Feels like a scam. Very disappointing.",
play_nykaafashion_534d0074-6ae4-4449-8a85-2a208495452f,play_store,nykaafashion,2026-08-07 20:01:48,3,"Hi Nykaa, You literally spill the beans about my cart and wishlist with other customers out there, while I check out the products, which you need to really change this attitude. It's my honest opinion and don't do so with others as well, if at all it is your business tactics or whatsoever you name it. So embarassing and disgusting in some way too.",
play_nykaafashion_b0be7ef1-fe32-4fcc-af71-c2d7a710f36e,play_store,nykaafashion,2026-08-07 18:21:15,1,"It's been a month, but my parcel hasn't been picked up yet. If it's not picked up within three days, I will file a complaint against you with the National Consumer Helpline.",
play_nykaafashion_034e1bcf-4497-46af-be42-739487b31270,play_store,nykaafashion,2026-08-07 16:32:24,1,worst nykaa useless customer care,
play_nykaafashion_fcae1e58-a3bd-41ab-95fb-183a47e072c8,play_store,nykaafashion,2026-08-07 16:20:02,1,Worst shopping app one can use. Ordered a nike shoes. Got shipped around 7 days ago and was supposed to be delivered by 29 july. Its 7th aug today neither the product is delivered nor it is canceled. They are giving only automated replies and no customer care is picking up call. My money is stuck. Worst experience ever!!,
play_nykaafashion_c6fb0cc8-00b2-45f5-8d91-724cc1dd835d,play_store,nykaafashion,2026-08-07 15:34:38,1,"I've placed an order on 23rd July prepaid and today it's 7th Aug still not delivered, not showing updates too . called customer care they're not attending for 4 mins . horrible experience. Please anyone seeing this never use nyka fashion.",
play_nykaafashion_b459fa98-2330-4b70-8015-6ee06651172f,play_store,nykaafashion,2026-08-07 14:52:09,1,bad experience negligence no timing so expensive cost,
play_nykaafashion_2848c76f-fc1d-41cb-8d55-965dd434f021,play_store,nykaafashion,2026-08-07 14:49:39,1,"HORRIBLE PICKUP RETURN FACILITYS RAISED 8 REQUESTS via email, calls and chats - Still no resolved and they cancel your returns! I have asked the support team to open the return for the 3rd time and still no use. I have provided proof of call and society logs that the courier partner never attempts and marks the request as customer not available.",
play_nykaafashion_ef620ac9-e0e7-4c1a-9e18-e6757196124a,play_store,nykaafashion,2026-08-07 14:39:56,1,"You people are totally fraud, I have ordered a towel set of 4 and received only 3. when I raised the complainant it was not picked up and resolution got delayed from your end and then it got closed mentioning the return was applicable till 6th of August only.",
play_nykaafashion_1d4476e9-5fde-41d6-a1c1-daeb9b4a1094,play_store,nykaafashion,2026-08-07 14:25:36,1,"WORST APP EVER. I requested for a return for an item, and now they're saying my pin code is non serviceable for pick up when the same pin code was used for delivery. PLEASE DO NOT SHOP FROM THIS APP. WORST CUSTOMER SERVICE ALSO.",
play_nykaafashion_0186ab57-8325-4305-bc7c-b257a44a05a7,play_store,nykaafashion,2026-08-07 13:30:25,1,"Such a fraud app it is. worst experience, lost money because of such poor products and poor quality check return policy. No responses from return, please beware before shopping with this app. overall had very very bad experience..",
play_nykaafashion_28ecd936-50f7-4230-ab0a-bfd715e344d8,play_store,nykaafashion,2026-08-07 13:30:09,5,"today I am ordering two products,So, I'm new here; let's see how it goes.",
play_nykaafashion_69e75ee6-9cdd-458b-98e3-1bf5cb51c16d,play_store,nykaafashion,2026-08-07 12:37:21,1,worst app and worst customer care.They were always not reachable through any means,
play_nykaafashion_b49bd69a-f5d9-4b43-b342-9a3b5f03023d,play_store,nykaafashion,2026-08-07 12:19:08,1,Third quality service and very disappointing experience with nykaa fashion. I placed a prepaid order on 28 July 2026 and the delivery date was 30 July. After multiple calls and tickets raised by me the product is not shipped yet.,
play_nykaafashion_b3588438-e34a-454e-816c-3d5bd8b3ea56,play_store,nykaafashion,2026-08-07 11:21:12,1,very bad service.... highly disappointed it's been more than 15 days I didn't get my refund back first they take the order then cancel themselves and then do not refund,
play_nykaafashion_19f5940d-1626-41d9-8ec3-f03612ff0078,play_store,nykaafashion,2026-08-07 10:48:16,1,very poor service. I will return the product but didn't get refund. also customer support is not available,
play_nykaafashion_d713c57c-2456-400d-911e-e6f170fcebca,play_store,nykaafashion,2026-08-07 10:04:01,1,froud app.nyka is doing froud with customer they provide ceap quality of product with high charge and their pick up service is too bad .they always mentioned delay for pickup .they did froud with me,
play_nykaafashion_02d0c938-67ca-4811-82d1-aaaaeebcd5b2,play_store,nykaafashion,2026-08-07 09:53:04,1,"Seriously, this app is the absolute pits. Dealing with their customer service is a total nightmare, they're just awful. And don't even get me started on the delivery, it's consistently terrible. You'll regret it if you decide to give them a chance. Save yourself the headache and steer clear.",
play_nykaafashion_06bed533-9cf2-4848-a34b-e331451b8b07,play_store,nykaafashion,2026-08-07 00:46:03,1,app is bad. can not multi task and drops from memory very fast it's a bug not phone problem,
play_nykaafashion_9d338c35-579c-4b55-87f3-da80275e048a,play_store,nykaafashion,2026-08-07 00:31:14,1,"My return request was raised on the same day as delivery. The pickup never happened, but the app showed 'Quality Check Failed' and my return was not processed. Despite contacting customer support, the issue remained unresolved. This was a disappointing experience.",
play_nykaafashion_cde9de07-1f34-4b77-b3cd-853170b12580,play_store,nykaafashion,2026-08-06 21:23:06,1,Horrible experience with this app return product taking so many times no one is calling from their side for pickup nd getting msgs as due to customer unavailability we are not picking up ur order like that nd refund amount also not getting,
play_nykaafashion_35709bca-5ce8-4746-b677-bd603b4d0396,play_store,nykaafashion,2026-08-06 20:12:54,1,verry bad delivery and coustomer care behaviour verry verry bad don't order this app everyone,
play_nykaafashion_c0d0a8ae-9294-4985-aae6-0be0e879d9d0,play_store,nykaafashion,2026-08-06 19:26:10,1,"one of the worst experience happened with Nykaa, ordered a shoes worth 11,500 from Nike, and received a different Nike product which also cost the same price and also have the same color, maybe a mis match from courier or from Nykaa, when I shared all the unboxing video, seal tag intact, all those images, they declined without any reason when I contacted customer care, said they saw the cctv and rejected the return, don't know what to do, I have the video proof and I'm going to Customer court.",
play_nykaafashion_2b26e77b-8062-4ca2-8fd8-798156a8e9f2,play_store,nykaafashion,2026-08-06 18:42:55,1,Return policy is disappointed,
play_nykaafashion_a4f974bb-eae6-4cec-b064-6e20ec3e3b54,play_store,nykaafashion,2026-08-06 14:39:21,1,instast refund was very much bad doesn't get refund yet....🫤worst experience,
play_nykaafashion_f5c40524-7fe6-4bb3-92ae-485e7fe70e72,play_store,nykaafashion,2026-08-06 14:16:10,1,"Don't purchase anything from here, I swear you will get the worst possible experience by them. first they will not deliver your package on time . secondly, they will not respond to your query as their customer care is worst.",
play_nykaafashion_7b78310d-15b8-4d42-8ec5-0a6e0e24d7ec,play_store,nykaafashion,2026-08-06 14:00:52,5,good now lets see your service,
play_nykaafashion_20be6272-285d-496c-aa33-5e778135d674,play_store,nykaafashion,2026-08-06 12:30:43,5,#nykaafashionwasimsyad - Thank youfor helping me I am fully satisfied,
play_nykaafashion_801d5669-705e-478b-8de2-a08f057bf96c,play_store,nykaafashion,2026-08-06 12:18:05,1,this is app is so exhausting.. they donot deliver the item at appropriate time.. my.order was delayed for about half a month..customer care picks your call only after several times.. product was good.. but the delivery delay was exhausting...,
play_nykaafashion_21c8279f-ca43-404a-9324-3d7d9fa7879d,play_store,nykaafashion,2026-08-06 11:55:46,1,customer support agents take 2 business days to reply and end the chat whenever they feel like,
play_nykaafashion_273c0ab9-dd47-489d-b809-a1abfb113b68,play_store,nykaafashion,2026-08-06 11:35:42,1,worst service don't shop from them.there customer care didn't respond cannot connect with them easily had to suffer a lot just to return the product. Nobody has that much time ( days) just to connect with you after repeated attempts,
play_nykaafashion_90b29fd8-7d9e-458b-af32-4282ab19a62e,play_store,nykaafashion,2026-08-06 11:22:51,1,"worst experience in return, refund, and delivery. Literally regrating because I have ordered products in this app",
play_nykaafashion_5362e684-6943-447a-905f-f852c430d766,play_store,nykaafashion,2026-08-06 10:33:07,1,horrible experience until now..ordered a black trousers.. received a grey one.Now I am running behind them for pickup and replacement since almost 15 days.,
play_nykaafashion_a0ee7044-c571-4f47-9705-b11139d349ce,play_store,nykaafashion,2026-08-06 10:32:08,1,one of the worst app i have experienced. There is no proper way while out of delivery the app doesn't show delivery agent mobile no so we can't navigate the person properly and also if i called with register mobile number as well can't reach that person and delivery person keep on attempt the delivery without call overall there is no convenient way to access the delivery.,
play_nykaafashion_f4ea0269-6b3c-4aa4-bce2-72e9c17df3d7,play_store,nykaafashion,2026-08-06 08:08:48,1,Very Very Bad return policy and customer care service,
play_nykaafashion_62eb71bb-c321-4c4e-905d-098a6db13237,play_store,nykaafashion,2026-08-06 06:05:51,1,nike ki sando running order Kiya tha per quality bahot bekar hai or copy de diya,
play_nykaafashion_29824135-23b4-478f-89d5-3b6af13094a4,play_store,nykaafashion,2026-08-05 23:04:46,1,"I received a duplicate product and now I am not able to return it, citing the cancellation policy. This is a very bad experience, and I won't recommend it to anyone.",
play_nykaafashion_4f63514a-6894-4770-a8d4-fae3cab42052,play_store,nykaafashion,2026-08-05 22:40:26,1,very bad app not refunding my payment as always send wrong size while buying every size available of shoes and when replace no size available worst experience ever with any this app don't use don't deserve any one of the star,
play_nykaafashion_879af354-ea1a-4fdc-b9ac-74e150c56985,play_store,nykaafashion,2026-08-05 20:52:50,1,ghatiya kism ka app ya bakwas,
play_nykaafashion_be1aa9a1-d339-48fc-a3e6-490370a98d7d,play_store,nykaafashion,2026-08-05 20:39:29,5,worst experience. its Fraud app.,
play_nykaafashion_83a60643-1765-4d2f-991d-cd75e068d811,play_store,nykaafashion,2026-08-05 19:11:37,1,"delivery iss veryyy late, no customer service, that was such a bad experience 👎",
play_nykaafashion_868cc6c6-5cff-4e02-ba1f-3d7a3d25a94d,play_store,nykaafashion,2026-08-05 18:24:38,1,worst fashion app i have ever used no proper delivery facilities,
play_nykaafashion_d779f6d8-6226-42f9-9539-3a74fe9f4360,play_store,nykaafashion,2026-08-05 18:19:59,1,very bad customer care service,
play_nykaafashion_a558965e-82db-4c5a-b4fa-52e1389f10f4,play_store,nykaafashion,2026-08-05 17:12:54,1,Worst Service. Doesn't Deliver on time . No proper customer service. My Slippers are supposed to be delivered on Aug 1st and not yet delivered. Nykaa fashion is beyond the worst.,
play_nykaafashion_830ff590-b032-4cc1-885b-2fd4f2476bf8,play_store,nykaafashion,2026-08-05 16:50:09,1,"Extremely disappointing experience with this shopping app. Once an order is placed, there is no option to cancel it, even when the request is made immediately. The customer support team is highly unresponsive and unable to provide any meaningful solution or assistance. Despite multiple attempts to reach customer service, I received either generic responses or no response at all. The lack of transparency, flexibility, and customer-centric support makes the overall shopping experience frustrating",
play_nykaafashion_e0e2cd49-d3ff-4023-bbbe-a12793399519,play_store,nykaafashion,2026-08-05 15:14:12,1,worst products.worst experience. Poor customer support. don't buy from Nyka fashion. to return the product they cheat by mismatching the tag when the pickup is done.,
play_nykaafashion_32d3e5b1-6b85-4384-9ed5-8306fd4a5cf8,play_store,nykaafashion,2026-08-05 13:31:54,1,"your delivery boy can't call for receiving order just coming and going, don't calling for order and then changes schedule of order.0 rating",
play_nykaafashion_5c08c6d7-45ef-4602-9c3d-66c21e61a66a,play_store,nykaafashion,2026-08-05 13:18:32,1,Very Bad delivery. Never on time.,
play_nykaafashion_a940d41b-6edc-4911-a1c0-c7d9122c7683,play_store,nykaafashion,2026-08-05 13:05:21,1,worst app no coustomer service attend the call neither they resolve the problem.,
play_nykaafashion_6d1227f7-d7f3-4a94-a8b7-49c8ce60e9ec,play_store,nykaafashion,2026-08-05 12:51:50,1,had a very bad experience ordered a watch on July 26th and not yet received no response from the customer service,
play_nykaafashion_0eab3974-d710-4e93-af86-2b4e4da87a07,play_store,nykaafashion,2026-08-05 11:18:57,1,"Order ID has already been shared in your Facebook inbox as requested. You don't seem to bother looking into it and instead keep posting the same ""Please DM us your Order ID"" reply on every complaint. Kindly review the case and provide an actual resolution instead of copy paste responses.",
play_nykaafashion_df6a91eb-937e-43e6-a5d3-2a9b77728071,play_store,nykaafashion,2026-08-05 00:53:40,1,"@Nykaa Repeatedly changing the delivery date without providing a proper resolution is unacceptable. My order is prepaid, and I request an immediate cancellation and full refund. If this is not resolved, I will proceed with a formal complaint before the Consumer Commission via e-Daakhil.",
play_nykaafashion_0181362d-72db-49fd-8d6d-0430c665d24b,play_store,nykaafashion,2026-08-04 17:50:23,1,"Their return policy is pathetic, its been 15 days since I requested return but no response from their side. I issued ticket and tried calling customer support but they are of no use. Ajio and Myntra is much more better than this",
play_nykaafashion_740c4ed0-4ecb-4b0d-9ea2-4007ab9230e4,play_store,nykaafashion,2026-08-04 16:04:47,1,very horrible experience my pickup was approved but no one came to pick the order even after many calls and chats every time same reply from all ...,
play_nykaafashion_5bd1d1e8-96b5-4085-bdcd-98f9c52abec7,play_store,nykaafashion,2026-08-04 15:38:25,1,"I have purchased a kurta pant dress in size S and later I was not given the option to replace it with size M through the app. It used to show out of stock in the app and in the same app it used to show size M available in new purchases. Also, we have not received a satisfactory answer from customer care.",
play_nykaafashion_b72e2488-f3d6-4dc3-a62d-646d010a60f6,play_store,nykaafashion,2026-08-04 14:33:01,1,they are thiefs ...gave me a torn product and didn't take the return..they don't have a customer support...terrible platform,
play_nykaafashion_52fceba7-9743-4883-a1c0-51d3504fc5dd,play_store,nykaafashion,2026-08-04 14:27:59,1,Worst platform ever used.,
play_nykaafashion_2729600e-f70a-4897-b4a7-dbdde0f60a8d,play_store,nykaafashion,2026-08-04 14:04:52,1,"Absolute waste of time and money. The app is buggy, unresponsive, and feels like a half-baked cash grab. To make matters worse, customer service is non-existent—unhelpful, script-reading bots who refuse to solve basic issues. Save your sanity and your money; go literally anywhere else.",
play_nykaafashion_6dc359a2-5486-4e80-b370-1931ea9f7366,play_store,nykaafashion,2026-08-04 12:10:30,3,good my opinion after use,
play_nykaafashion_57569472-0eb1-4a9e-b003-017c8b8f3e75,play_store,nykaafashion,2026-08-04 11:44:25,1,Such a useless and pathetic app it is. They take orders but never deliver them. Delivery dates get delayed and delayed. And even worse is their customer service. They don't even answer your calls nor respond to any mode of communication. Disappointing app this is. With this type of service they cannot stand in this market and will close soon. They should close because of their false commitments and customer deceiving actions. Pathetic service.,
play_nykaafashion_359b015e-7f9a-4f67-a81e-81f7324ef240,play_store,nykaafashion,2026-08-04 11:18:09,5,good 👍😊 impressed tshirt i sm satisfied,
play_nykaafashion_4c0d5d2c-53f8-4518-957e-702b83ffe7eb,play_store,nykaafashion,2026-08-04 10:05:52,1,"I received a tarnished product, so I requested a return. However, it's been 4 days and the return pickup has not been initiated yet. I've been a loyal Nykaa customer for a long time, and this is the first time I've faced an issue like this. I hope the return pickup can be arranged as soon as possible.",
play_nykaafashion_11de0fa0-6062-4507-a62e-e9ddce5b0c19,play_store,nykaafashion,2026-08-03 21:44:25,1,worst customer service we have to wait almost 2 to 3 hours get the refund back they never reply for almost 1 week I have chatting no one is coming to online never purchase from nykaa,
play_nykaafashion_8ee31d69-e1d5-48c5-b40e-5df87a341dfa,play_store,nykaafashion,2026-08-03 21:31:53,1,"Ugh, what a terrible experience. Nykaa seriously thinks we have all the time in the world to track our orders for hours. Such a waste of time and money, and their customer service is useless. It's been three weeks and they still can't arrange a pickup. Honestly, if you've got endless free time, go ahead and shop there, otherwise, steer clear. It's just awful.",
play_nykaafashion_944a2b47-1447-429e-abb4-3e9cc0aa1d32,play_store,nykaafashion,2026-08-03 21:27:15,1,"its fraud. Myaaka is a fraud. delivered late and no response on Return request initiated frequently, after 3 weeks nobody comes and collected. customer care never attended the phone, number of times mailed but no response, totally fraud. don't go ever with Nyaaka. Rujul Desai",
play_nykaafashion_3f322f8b-7531-428f-a51c-d49afaaa77bc,play_store,nykaafashion,2026-08-03 20:54:59,1,They side with scamster vendors instead of customer. I bought a dress worth 2600 and vendor sent 3 rag cloth pieces worth 100. Nykaa customer care after 3 weeks of investigation decided that vendor is right and customer is cheater. Vendor is wedhani. I hope both Nykaa and wedhani go bankrupt. Cheaters.,
play_nykaafashion_5fb6d038-8730-499f-97d1-7ed4c4d89951,play_store,nykaafashion,2026-08-03 20:43:33,1,dont use nykaa fashion. I ordered for first time. my order got delayed and my travel was due next day. I also called customer service which is like 30 mins of wait time each time. they are not at helpful and could not even provide delivery agent number. there are much better shopping sites stick to them don't try to fall for useless stuff. I don't think the owner has any intentions of improving service based on their zero response,
play_nykaafashion_4ba5634c-cf03-4daa-963d-5bdd958c5170,play_store,nykaafashion,2026-08-03 20:29:24,5,"Nyka , always my fvrt app 💖",
play_nykaafashion_15ff3f4e-9b36-4fe7-92b1-ab6c28e5ea42,play_store,nykaafashion,2026-08-03 18:25:32,1,"worst service ever delay delivery 4/5 days, can't cancel, and packages without tag products box in horrible conditions like my order pick up frm trash. size exchange delay alwys reattempt pickup saying as I request which I didn't even. and to exchange the size they didn't even bring the product for exchange..🧐? it's not like myntra nd other shopping apps service ,it's good that i cancel for the size exchange who know if I give them they won't even deliver me another pairs.",
play_nykaafashion_6631e50b-27f0-488a-8981-677402c05a93,play_store,nykaafashion,2026-08-03 15:18:19,1,"I am extremely disappointed with Nykaa's customer service. Every time I call, I am kept waiting for 10–15 minutes, and then the call gets disconnected without any resolution. The chatbot is also unhelpful and fails to provide proper assistance.",
play_nykaafashion_ddc4b907-20af-4980-9bb6-177f7d36110e,play_store,nykaafashion,2026-08-03 14:41:30,2,"I ordered denim jeans last year. everything was fine but this year i placed an order it has not been shipped yet. It's been more than 3 weeks now. they are not cancelling the order, nor giving any details",
play_nykaafashion_ee364f55-a20d-4ec7-835b-10e6599f8bd1,play_store,nykaafashion,2026-08-03 11:42:34,1,wast shopping experience ever,
play_nykaafashion_e158780f-30bd-40ba-a206-3369872aecc8,play_store,nykaafashion,2026-08-03 11:28:19,1,so much extra charges very sad,
play_nykaafashion_40309ee9-03bd-485b-bc4b-682cd13e9933,play_store,nykaafashion,2026-08-03 11:01:38,1,it is worst app I ever seen. they doesn't accept any request. return request. even don't pickup the customer call,
play_nykaafashion_56883409-b399-4500-bdb1-7971f7ef5c71,play_store,nykaafashion,2026-08-03 06:30:33,1,"The worst experience was that I ordered boots and I received the damaged product there is no way to return or replace even after raising the ticket, worst app",
play_nykaafashion_9cddacb8-433d-4827-932c-8e021c904c09,play_store,nykaafashion,2026-08-02 22:36:31,1,"bakwas app ek number ki fraud company hai not refundable not exchange kuchh Bhi maal bhejne ka.... aur nahi koi responsibility leta hai... main company ke owner koi bhi nahin.. ,😔",
play_nykaafashion_6aecb530-17c0-464f-89e6-881593d9d5a5,play_store,nykaafashion,2026-08-02 20:09:01,5,muje mera order milna chahiye,
play_nykaafashion_48dc6aec-369a-4f6f-b7c7-444e060b3af5,play_store,nykaafashion,2026-08-02 18:04:16,1,worst experience I ordered one trouser and as it was not proper fit wanted to return it. i returned it through the app but it was cancelled by pick up partner. I returned the item again after multiple complaint on customer care and it was again cancelled by their pick up partner...they said it did not meet the quality check but they did not even attempt the pick up. The order finally got picked up after 20 days of order...got to say customer service is not upto the mark.,
play_nykaafashion_c30fbdbc-077a-4a24-98b3-5312bb98ce5a,play_store,nykaafashion,2026-08-02 18:01:46,3,"it's nice but sometimes I recieve poor quality products, and it's indeed better than myntra, but just the review of others are less available that makes it less reliable to use",
play_nykaafashion_1ae37264-3d77-40a4-a46b-1ac65bf35c88,play_store,nykaafashion,2026-08-02 17:55:45,1,too much high rate all kids dress,
play_nykaafashion_b746d471-7dab-4825-8d8a-ed919e96f213,play_store,nykaafashion,2026-08-02 17:21:20,1,"Nykaa, worst platform ever do not download the app trust me you'll regret it latr. This was my last purchase. I had ordrd something & trying to return the prodct. their delivery partner service so poor that this has happnd to me thrice in 2 months. They do nt attempt to pick up the prodct but every day you'll get a message. That they didn't pickup becoz customer asked them to reschedule or customer didn't respond or all the fake reasons. we shud not let such co.s sell in India. dn't respect cust",
play_nykaafashion_fa3676e5-0aa3-44c6-b5c0-3a0d258992ac,play_store,nykaafashion,2026-08-02 17:11:53,1,"I am extremely disappointed with my experience with Nykaa Fashion. I placed my order last week, and the promised delivery date was Friday. However, the order was never delivered. For the past two days, the delivery agent never contacted me. Instead, I kept receiving messages claiming that I was unavailable at home, which was completely false. Without even attempting to call or deliver the package, the delivery was repeatedly postponed to the next day. Because of this unprofessional service and",
play_nykaafashion_426fecad-b748-453f-a513-232e1a779609,play_store,nykaafashion,2026-08-02 15:42:46,1,"I had the worst experience of shopping from nyka don't waste your time one item was missing from my order I requested return I got the message that the item could not pass the quality check without picking it up i struggled connecting to the customer care service for 1.5 hours but no response press 1, 9 , wait , will.connect shortly bla bla bla nyka you have disappointed me",
play_nykaafashion_edd9b10d-b769-406c-ac92-711f5d576812,play_store,nykaafashion,2026-08-02 15:23:26,1,Pathetic customer care service. Don't order from them.,
play_nykaafashion_b4198130-ce84-4872-a509-8f61f4be0125,play_store,nykaafashion,2026-08-02 12:32:00,1,I have had a very bad experience for the last 3 days I am very irritated because my order has not delivered me very poor service I can't use this any shopping Nayaka,
play_nykaafashion_902142a3-6d15-4d48-8446-c99071c06c09,play_store,nykaafashion,2026-08-02 10:12:54,1,"Nykaa is the worst company I have ever experienced, 8 have ordered a product which returned after 8 days without attending delivery.",
play_nykaafashion_14b6dae9-16bf-482e-ab7e-4b4f83555fc9,play_store,nykaafashion,2026-08-02 09:59:38,1,BEWARE!!!! They scam you!!! There was a certain estimate date given to me about my fairly expensive order and they KEPT ON DELAYING IT. Once it was taking too long I asked them to cancel it and refund me the amount. BUT THEY ARE NOT doing it. I've been CONSTANTLY trying to get in touch. They just say item has not been returned to the warehouse. HOW IS THAT MY PROBLEM? PLEASE MOVE AHEAD AT YOUR OWN RISK IF YOU ARE ORDERING FROM HERE.,
play_nykaafashion_6f15053a-bd3e-40d8-84aa-2f1af96a3e5f,play_store,nykaafashion,2026-08-02 09:09:47,1,"worst customer experience worst delivery agent they have ube given multiple requests of replacement of my denim shirt but they didn't pick it from last 6days and because of that my shirt got out of stock and now I've raised refund request but they are keeping cancelling it they are fraud and worst in customer experience you should have etiquette and learn some manners and pls learn how to manage your orders you are like noobs everything is going like auto option as per there convenience only,",
play_nykaafashion_efc53948-17d1-4484-9466-63660a008bcd,play_store,nykaafashion,2026-08-02 03:30:16,1,Worst online shopping app I have opted to return a product due to size issue but it's a been a month and the return keeps getting canceled and they have the worst customer support never ever faced such issue with any other app,
play_nykaafashion_9d3a7ec9-ebea-4a12-837f-02eeeefe57da,play_store,nykaafashion,2026-08-01 23:05:32,1,"I've ordered few cloths in the app while offers are running in their particular brands , they reschedule, and finally canceled after successful end of sales and their coupons never made sence during checkout it not the 1st time , it happens only during sale time. its better to oder from other specific platforms during sales.",
play_nykaafashion_ad1f313a-ceb6-466a-8ebb-de68fcc0a982,play_store,nykaafashion,2026-08-01 21:46:29,1,Literally the worst app u can download. I ordered pants worth 2000 rupees and they delivered it in a wrong size and when I exchanged it they delivered it in an even smaller size. Like how hard can it be to deliver the right size. I did not expect this to happen especially not the second time and I am very disappointed and frustrated from the customer service because not only does absolutely no one pick up the call help line but nobody responds to the help chat either. Very bad service don't rec.,
play_nykaafashion_8c6c3f12-8065-4ca8-897d-47f642f03ef4,play_store,nykaafashion,2026-08-01 14:57:58,1,"Worst. Unethical. Scam. These guys send products that are absolutely not worth it. when you return the product, instead of refunding back to the original payment source, they give you a store credit that has an expiry date, if you don't shop in that specific time, they confiscate your money. Horrible app. Horrible products and even more Horrible customer service.",
play_nykaafashion_f81c3f00-475b-47e3-a763-f257910f0534,play_store,nykaafashion,2026-08-01 13:47:50,1,The customer care service is the worst. They have to focus on the issue of the customer. I am not getting my refund and the order has been picked up already but they didn't upgrade the order history.,
play_nykaafashion_9bbd364f-9902-4c46-a830-9535c95fdf7b,play_store,nykaafashion,2026-08-01 13:00:38,1,worst service ever. I tried returning the product but their delivery partner without informing me or without any otp just cancelled my return request. I tried contacting there customer service helpline number but I think there is no customer service available as no one picked the call. I tried to send mail also but didn't get any reply. Please don't buy products from this app their return policy is horrible.,
play_nykaafashion_01f93cb6-b080-4a70-80de-3e414fa0aa4b,play_store,nykaafashion,2026-08-01 12:48:52,1,"Worst and horrible experience. No one picked up the replacement order and it kept getting rescheduled without any reason or even an attempt. After all this drama, I finally returned the item, but again no one came for pickup and it kept getting rescheduled repeatedly. No delivery partner number was provided, customer support did not solve the issue, and there was no connection to any higher authority. Very disappointing service.",
play_nykaafashion_49dc3c46-c750-4e72-b786-510fdad40e53,play_store,nykaafashion,2026-08-01 12:09:21,1,"Horrible experience. They are taking orders and then cancelling them from their end after more than 10 days, in spite of providing order confirmation and informing that the order is packed and ready to be shipped. In one order one item missing (so much hassle in getting refund), another cancelled. Another order cancelled. One more cancelled. One more confirmed for around 10 days. No information. I'm sure, that will also be cancelled. All orders are prepaid. Pathetic service.",
play_nykaafashion_bc1f26c9-3d29-4a5d-9e4f-d695df329c88,play_store,nykaafashion,2026-08-01 11:43:25,1,"Disappointed! I returned a T-shirt which I recently bought and they are taking 3 days in approval, Even I uploaded pictures with seal and tags. What rubbish, you can never beat Myntra they would have picked up and refunded so far. I do not recommend Nykaa. Go shop on Myntra or Ajio. Nykaa sucks!",
play_nykaafashion_19a5ad48-7f13-4131-b7aa-2293c8599e5a,play_store,nykaafashion,2026-08-01 11:34:12,1,items not delivered and amount not refunded and customers care any no response why ????,
play_nykaafashion_028ec10a-3e47-4af5-8610-562dd8c64545,play_store,nykaafashion,2026-08-01 10:45:24,1,pathetic service. taking prepaid order but not shipped even after week..disappointed,
play_nykaafashion_f300b190-da5c-46cf-984c-ce822768b417,play_store,nykaafashion,2026-07-31 23:27:37,1,without download i rejected this app by the review😂,
play_nykaafashion_9334f4f9-55f3-4e14-84ad-6c22832476cc,play_store,nykaafashion,2026-07-31 18:31:18,5,"#nykaa fashion wasim syed wasim sir did a very great job, he solved my problem very smartly. i was not able get refund related to my order but wasim sir listened to my problem and solved it very smartly. thank you so much Wasim syed sir",
play_nykaafashion_52d87d47-bc8a-49f5-a535-955f6fdd00db,play_store,nykaafashion,2026-07-31 17:53:02,1,worst app. they automatically cancel orders without informing and won't give back the coupon used.,
play_nykaafashion_5490d757-efa4-4a39-90d5-761a97e38671,play_store,nykaafashion,2026-07-31 17:01:18,1,I am trying to reach customer service team for the last 2 days to have to an update regarding an pending order but no one is available despite multiple attempts pathetic customer service,
play_nykaafashion_9738ef79-ae51-4b6b-99dc-85dd441b6c48,play_store,nykaafashion,2026-07-31 14:56:22,1,"very bad delivery service. first they keep delaying the delivery date, then say that order is out for delivery but it doesn't reach me. delivery partner never contacted me and when called, they don't even pick up. the customer care response is nil. never ordering again from them. worst service ever.",
play_nykaafashion_9c6f0e3f-f07c-4f3e-97b0-31fe38e67c4f,play_store,nykaafashion,2026-07-31 13:54:43,1,"fraud app, whenever you place a return request, they never contact you instead they mark customer was not available and cancel the return",
play_nykaafashion_d59a0802-064a-4e5c-834c-cf7b64fc3d7f,play_store,nykaafashion,2026-07-31 13:52:13,1,"worst app possible , they delayed my parcel , i kept trying to reach out but there was literally no response from their side . customer support is literally a scam atleast other app listen to their customer concern, this app choose to ignore them . i am never ordering from them . i am telling you'll prefer some other app . this app does not even take action on their negligence . i hope it work on their customer support CAUSE I TELL YOU ITS LITERALLY UNRESPONSIVE.",
play_nykaafashion_9d068d07-1aa4-4c56-81bc-36dde0c59af1,play_store,nykaafashion,2026-07-31 13:19:53,1,accha app nhi hain return krti hu toh pickup cancel kar dete hain help line number pe call bhi nhi uthata hain ...,
play_nykaafashion_18919c21-3026-4635-9667-fef93ead8045,play_store,nykaafashion,2026-07-31 13:09:41,1,"I purchased an item from nykaa and when i tried to return it, it was never returned. Daily i was getting the message that courier couldnt be picked up. This happened for about 2 weeks and is still happening now. Very frustrating experience.",
play_nykaafashion_19bdf50d-23db-4f5d-a761-67af2c9cf599,play_store,nykaafashion,2026-07-31 02:37:00,3,costly zyada hai product acche hain but kch cheejen unnecessarily costly hain,
play_nykaafashion_6e39d974-e298-49d8-b280-9d9245a33173,play_store,nykaafashion,2026-07-30 21:52:10,1,Return Policy is too late. I have call many times customer service and chat many time. but no Response. Very bad experience. please don't believe blindly in product and service 🙏,
play_nykaafashion_5fd6dcd3-766e-45fe-b606-c7a03b864f6a,play_store,nykaafashion,2026-07-30 21:04:44,1,"very bad experience maine order Kiya tha order alg hi product aaya h or return kiya to return bhi 2,3din m hua or mera refund nhi hua h abhi tk please mera refund krdo",
play_nykaafashion_d5ea9bf1-04e1-4062-ab7f-8327767776f3,play_store,nykaafashion,2026-07-30 20:57:07,5,this app is very beautiful 🤩,
play_nykaafashion_588c833b-9a93-46e9-8cd3-3d401a6bf709,play_store,nykaafashion,2026-07-30 20:04:19,5,"👕 Men’s/women’s clothing aur accessories ka achha collection hai. ✅ Nykaa Fashion ke according, products quality-check process se guzarte hain. � Nykaa Fashion 📦 Delivery product aur location ke hisaab se vary karti hai. �",
play_nykaafashion_3143dc58-706d-463c-9a40-7f6b60df73ff,play_store,nykaafashion,2026-07-30 16:06:42,1,"Worst application ever , no proper customer support , I wanted to exchange the product but it took too long approximately 3 weeks and the delivery person is saying that the tag isn't matching",
play_nykaafashion_cba4b460-167c-4554-b571-c46a519efc57,play_store,nykaafashion,2026-07-30 16:05:00,1,worst experience as a 1st time order...this is so irritating if you are not sure don't mention the date of delivery wasting my time waiting for the product and keep on delaying it and say like as if I did something..bro seriously? without calling how can you say delivery unsuccessful....very disappointing blue dart was the delivery partner...very very very bad.. atleast respond to the messages properly why the hell do you guys send automated messages...wth am I suppose to reply to automated msg?,
play_nykaafashion_9563d2ad-d1a8-418d-a3cf-2fba11fd1b6a,play_store,nykaafashion,2026-07-30 15:31:24,1,"I had a very disappointing experience with Nykaa Fashion. I received a completely wrong product instead of the one I ordered, and it arrived without any label or tag. Despite raising the issue, no one has come to pick up the parcel, and no proper action has been taken by the company. The delivery partner also refused to collect the return. I paid around ₹2,000 for my order, but I received a completely different and very poor-quality product. Now the pickup is still not happening,",
play_nykaafashion_b3db62a2-9592-41cf-b2ca-0fc2de8be266,play_store,nykaafashion,2026-07-30 14:31:22,1,"After placing the order in nykaa fashion, it feels like I have been scammed. I have been following up for the last five days; the delivery date changes every day, but I still haven't received my product And after calling nykaa fashion customer care, it feels as if we are criminals for having placed an order We should really boycott the nykaa fashion application",
play_nykaafashion_850a9485-e617-4709-8730-f75717bc47b0,play_store,nykaafashion,2026-07-30 13:38:02,1,"Delayed Delivery and Poor Customer Support I am extremely disappointed with my Nykaa Fashion order. It is a prepaid order, but it has been delayed for several days without any proper update. I have tried calling customer support multiple times, but no one has answered my calls. It is very frustrating that I am unable to get any information about my order. I request you to provide an immediate update on my order and ensure that it is delivered as soon as possible.",
play_nykaafashion_7e41c88a-55a9-4d67-8ebf-435888cb4e4b,play_store,nykaafashion,2026-07-30 11:11:10,1,"worst delaying the product was very hell. it shows 1day delivery but it takes 10 days too delivery . No support to call or chat ,I just want to uninstall this....If u want to save time don't buy in this",
play_nykaafashion_4e4283b6-59b8-4744-b5a6-4b08b31f45d8,play_store,nykaafashion,2026-07-30 10:52:31,1,worst delivery services. not worthy app,
play_nykaafashion_a9d8e48c-97dd-4242-a274-f965ac42532b,play_store,nykaafashion,2026-07-30 10:25:47,1,worst experience.. pathetic service no response on call on mail no where giving used product and not taking back plz check the pending tickets mail,
play_nykaafashion_833f99a1-200b-461e-b566-b5a09a666755,play_store,nykaafashion,2026-07-30 10:10:11,1,recently this was my first order from Nayka and I am having the worst experience of my life for shopping online the customer service is very poor they only do blame game. The hype for this app ain't worth it,
play_nykaafashion_6242d883-bf36-44bf-9d7e-73454d0338b0,play_store,nykaafashion,2026-07-30 08:27:12,1,"usability is not as smooth as other apps. Order help is not there, incase of delay we have no option to cancel or ask reason. Nykaa should work on app and order support",
play_nykaafashion_7b2854d2-e358-4108-b021-288aa723aabe,play_store,nykaafashion,2026-07-30 01:30:56,1,this is the froud app ... mera ek return request is pending since last week.. koi bhi is app se shoping na kre,
play_nykaafashion_8b109b11-4bf5-4bbe-8b56-1848d4a887b8,play_store,nykaafashion,2026-07-29 21:28:46,1,worst app.no option for raise query regarding undelivered order,
play_nykaafashion_02317a9f-db0b-4236-87fb-175e9255e6d1,play_store,nykaafashion,2026-07-29 19:52:05,1,they don't deliver products on time despite of following up 10 times and harass the customer mentally and take a long time to cancel after delaying delivery 8 times.,
play_nykaafashion_320223f7-a8f8-4ded-a089-dc3fbf7190f6,play_store,nykaafashion,2026-07-29 17:42:37,1,"Extremely disappointed with Nykaa Fashion. I requested a return on the same day of delivery, and it was approved, but for the last 15 days the pickup has repeatedly failed. The Delhivery agent says the tag number doesn't match, which is an internal issue. Customer support only keeps rescheduling the pickup without resolving it. I've wasted my time and faced unnecessary harassment. Very poor after-sales service. I do not recommend Nykaa Fashion.",
play_nykaafashion_21ae38b2-b221-4d0c-9574-f106caff9b4d,play_store,nykaafashion,2026-07-29 17:35:09,1,no any discount coupon working it's showing minimum order amount when you reach that limit then it says this coupon is not applicable for these products you selected.,
play_nykaafashion_1efd17fc-0d63-471e-87ba-24ccad909014,play_store,nykaafashion,2026-07-29 17:23:41,1,they don't accept returns it's a fraud company,
play_nykaafashion_0072f51a-c467-4464-8e15-7b7ab9488464,play_store,nykaafashion,2026-07-29 16:31:58,1,delivery and customer service late,
play_nykaafashion_9df5a54d-2024-484b-8665-64d34926787a,play_store,nykaafashion,2026-07-29 16:02:18,1,worst ever experience I added 1500 cash but it is not showing in my wallet and I bought one shirt and placed return order still I didn't get any call but it was rescheduled more than 5 times and cancelled automatically worst and pathetic service better to avoid Nykaa app,
play_nykaafashion_5ffef716-b058-41be-96c7-045169096e28,play_store,nykaafashion,2026-07-29 15:02:28,1,Worst App . They don't deliver on time and later they try to scam even after cancellation they sent the person and insisted on taking it. Pathetic service,
play_nykaafashion_d2d064e6-8803-4bf9-be29-0deeb9a05aed,play_store,nykaafashion,2026-07-29 14:59:09,1,very bad very bad experincse.. delivery partner not accept order .. 0 rate this application,
play_nykaafashion_0f94fe42-c35c-46b5-8913-8d8b1a31b534,play_store,nykaafashion,2026-07-29 14:19:27,1,"Extremely disappointing experience with Nykaa. My order was shipped on 16 July and has been stuck at the Bengaluru hub for nearly two weeks. I raised a complaint on 25 July, but no action was taken. Customer support keeps giving the same generic responses without resolving the issue. This level of service is unacceptable. If you cannot deliver products on time, don't make false delivery commitments. I have completely lost trust in Nykaa. Improve your logistics and customer support.",
play_nykaafashion_5adf290d-e1aa-46bf-9bfd-280f3ea9d07a,play_store,nykaafashion,2026-07-29 12:40:47,1,Never ever buy anything from this Nykaa. All the products prices are higher than normal. Worst is customer service. If you wanted to return your product then im sure it will take more than 3 weeks.,
play_nykaafashion_8cb5db57-fe93-4166-bcaa-9d263072973b,play_store,nykaafashion,2026-07-29 11:40:06,1,"Very disappointing experience. I ordered two sarees, and both were completely different from what I ordered. I raised a complaint for the first one but received no proper response. Poor quality control and customer service. I have lost trust in shopping from Nykaa Fashion.I hope Nykaa takes customer complaints seriously and improves its service. Until then, I cannot recommend shopping here.",
play_nykaafashion_c75a193f-f44c-410d-b443-2ce788ec181d,play_store,nykaafashion,2026-07-29 11:39:13,1,worst app empty box received huwa hai usme complaint krne par koi response nahi aata,
play_nykaafashion_1018967f-66b7-4cd9-b5c5-c0c75992d456,play_store,nykaafashion,2026-07-29 10:10:37,2,"Very poor delivery experience. My order was delayed without any clear explanation, and customer support was not helpful in resolving the issue. I expected much better service from Nykaa.",
play_nykaafashion_8eda44ad-d76b-43c1-b883-f3b9490c0b27,play_store,nykaafashion,2026-07-29 09:51:03,1,frod app hai yha pr sirf frod hota h maine jeans order kiya faltu quality ka aya to maine return kr diya or return chla bhi gya or app me show kr raha h pickup unsuccesful or paisa bhi retun nahi aya ap sab se requst hai ki is app se shoping nahi kijye,
play_nykaafashion_0868cead-5c5c-4c0e-82b2-538a147c070e,play_store,nykaafashion,2026-07-29 08:58:12,5,excellent app for shopping.,
play_nykaafashion_aebe01b4-0555-4e63-8b5c-54ee9d6c4ba7,play_store,nykaafashion,2026-07-29 08:17:25,1,"worst return policy in overall Industry, not even timely delivery and sells scrap with highest price.",
play_nykaafashion_f7be27cf-2159-46a4-9186-c538c4ba77f6,play_store,nykaafashion,2026-07-29 07:49:36,1,"Had a horrible experience, not even worth one star. They dont deliver products and just say that there is a delay in the product and then cannot deliver. I have had this problem 5 times and everytime they charge a fee for 50Rs. My money is getting wasted and the app is so bad there is not customer care properly available to compliant. Worst possible experience and i have been shopping online for a while and my money is stuck in its wallet",
play_nykaafashion_54221144-f5ff-4f97-98a8-e32ed1047708,play_store,nykaafashion,2026-07-29 01:56:14,5,So good shopping collection so good 👍😊,
play_nykaafashion_ee9f1c86-0547-44a0-9951-272eddc37a63,play_store,nykaafashion,2026-07-28 21:27:01,5,"great service by 'kashif ansari', very helpful,tysm!",
play_nykaafashion_ca168bdf-7ea6-48ce-aa13-43aadb82b279,play_store,nykaafashion,2026-07-28 19:30:29,4,good app but nykaa for makeup is horrible i would never recommend my order was broken i tried to replace rejected i tried to call they did not pick up i tried and everything nothing worked,
play_nykaafashion_afe340c3-702b-43c8-ba5e-552c2ce915b1,play_store,nykaafashion,2026-07-28 18:45:22,1,disgusting app. customer assistance is just horrible,
play_nykaafashion_21bffa90-5052-4ada-b632-07b120e9a280,play_store,nykaafashion,2026-07-28 18:00:06,1,very bad Exp with naykaa fashion naver use again. two time order from nykaa . pahli baar product on the way missing. second time same product reorder than wrong item dispatch and deliverd after discussion custmar care but pikup and product cancled from nykaa. bahut bura exp raha .kisi ko suggest nhi karuga ke nykaa fashion use kare...😡😡,
play_nykaafashion_fded0715-1544-45b9-8af7-bbd00449ce97,play_store,nykaafashion,2026-07-28 16:44:34,1,"they don't provide delivery on time, guys if you have a prior event and the delivery date of a product you want is way before that, stilll please don't trust nykaa fashion",
play_nykaafashion_c0b929d2-595e-4daa-90e9-3958daa58770,play_store,nykaafashion,2026-07-28 16:30:08,1,i had the extremely unpleasant experience with this app. they have the worst customer support i have ever come across. never using it again,
play_nykaafashion_9a31bf05-db40-4432-b0fd-d2236ec505fd,play_store,nykaafashion,2026-07-28 14:28:48,1,Pathetic 😡 worst online shopping. Not even a single call from delivery person and they will cancelled saying that the person is not available.,
play_nykaafashion_98a6c6a6-9fea-45c8-b815-8670c9bf21ba,play_store,nykaafashion,2026-07-28 14:21:31,1,customer support is very poor. They don't pick up the call despite calling several times. Neither they respond on chat,
play_nykaafashion_040cae6c-e61a-4c45-a144-6cf797783c03,play_store,nykaafashion,2026-07-28 13:54:31,1,not Good Service I don't Like Give Money Back 😭😭😭😭,
play_nykaafashion_5e6e7a77-be9c-4053-bc5d-c9e7098e9316,play_store,nykaafashion,2026-07-28 13:01:21,5,this is ausome app I love the product,
play_nykaafashion_4dd8ec18-40f1-4c0b-9cb0-12baf9d6a5e6,play_store,nykaafashion,2026-07-28 11:40:50,1,it's very bust company don't respond properly to costumer.. a order show ready to place Last 4 Day I had cancelled but they told me tecnical issues ke karan cancel nhi hua h... nad not refund my amount,
play_nykaafashion_198f1639-26e9-44f2-b48f-be2af9dd0bb9,play_store,nykaafashion,2026-07-28 10:09:45,5,excellent shopping in nykaa always best,
play_nykaafashion_5dd2fee4-de36-4a22-94c6-d6082e2cce16,play_store,nykaafashion,2026-07-28 09:27:45,1,the delivery process is pathetic. and now i am removing the app,
play_nykaafashion_a60b26fd-8b98-48d1-a501-428313d3b2f1,play_store,nykaafashion,2026-07-28 09:01:31,1,delay customer care response,
play_nykaafashion_c541331b-2af9-41aa-8ac8-8898854e58a3,play_store,nykaafashion,2026-07-28 08:16:56,1,"Nykaa courior service is very very very bad and Nobody can help you to get the order 😔 I ordered 6th of July today it's 27th of July but my order is not delivered yet and now also asking for me to get the order is 24/48 hours between the delivered to you and i surprised in morning 28th of July my order is cancelled, 21 day's gone but not delivered my order, His Shadowfax courior service is very very very bad, courior boy not coming to the your given add. and updated the person will be not there",
play_nykaafashion_7c2542b6-9b9e-462e-a0e9-880a17f42a5e,play_store,nykaafashion,2026-07-28 08:11:39,5,very nice service you good 💯,
play_nykaafashion_bd25c6e1-bda4-419d-b116-c45286b4c1bb,play_store,nykaafashion,2026-07-28 02:31:46,5,the discount offers are very good,
play_nykaafashion_6748b4b9-c377-46f9-8096-03f5577dd140,play_store,nykaafashion,2026-07-28 00:20:53,1,Struggles with timely deliveries.,
play_nykaafashion_1e9c6587-9dbc-4840-954a-c1cab0c19953,play_store,nykaafashion,2026-07-27 20:56:42,1,"I can't exchange a product even it's in stock, better use myntra",
play_nykaafashion_9e8d3d72-5453-4de7-b8a5-dbd65b23a9ed,play_store,nykaafashion,2026-07-27 20:21:21,1,"I have very bad experience with my first order,I missed the call from.delivery agent on the day of delivery(23-07-206).In the app they mentioned,it will be rescheduled within in 24-48 hrs.Even after contacting the customer support ,the order is not delivered yet..Giving one start for poor customer support",
play_nykaafashion_d10feac8-0736-41db-a731-470bab07a732,play_store,nykaafashion,2026-07-27 20:07:34,1,"If you order forgot you will get a refund on the wrong item, I have requested for refund within 5 minutes of order marked as delivered as it was a wrong item, from 3 days they are still processing whether this return should be approved or not, forgot about what will happen if return pickup is not done, all positive reviews seems to be fake, a company selling goods worth billions and there is no support representative available till 3 days, all sales data seems to be fake, don't buy anything",
play_nykaafashion_f33ab7b9-be85-47c3-80d3-c401cf334ed6,play_store,nykaafashion,2026-07-27 19:18:30,1,For the very first time I placed order for a product and really very very bad experience. These guys are dependent on the courier services which they have tied up..The courier services show order out for delivery and the evening we get surprise since the recipient was not reachable the delivery is postpned for the next 24 hours and the same thing repeats the every next evening. In fact no courier person calls but we get a message from Nykaa since not reachable delivery is rescheduled.,
play_nykaafashion_ce8e2e83-6225-4b1f-bd09-15cdf9dc3a6b,play_store,nykaafashion,2026-07-27 18:48:13,1,very poor customer service. substandard items r selling with high end price with illogical coupon offers to lure innocent customer.,
play_nykaafashion_e2e6997a-d785-4f46-a049-c7d107088a44,play_store,nykaafashion,2026-07-27 17:50:25,1,"This was my first order from Nykaa Fashion, and unfortunately I received the wrong product. I'm very disappointed with this experience. I've also tried contacting your support team through chat, but I haven't received any response. Please improve your customer support and resolve my issue as soon as possible.",
play_nykaafashion_fea0a54a-8e30-4d1b-8b28-927c01fafb5d,play_store,nykaafashion,2026-07-27 17:22:56,1,ek number bakar product h or return policy toh or bekar h jaka mar jao khi pa,
rd_t3_1v0lynb,reddit_post,r/IsThisAScamIndia,2026-07-19,,"Myntra’s biggest scam exposed. I recently ordered h&amp;m round neck tshirt from Myntra turns out they are looting us under our nose. I paid ₹499 for the t-shirt as per the price displayed on the platform. When I received the t-shirt the price tag on it displays ₹399. It’s so annoying to know that brand itself is labelling it’s product prices and Myntra is charging higher than the actual price. Who gave platform the right to do it? This was not enough. When I contacted their customer support. The executive said you have been charged GT fees. Now what on earth is the GT fees. When I asked, that where it is mentioned. They said that we cannot mention it in the invoice but it is for delivery partners. I mean the delivery charges are free. Then what’s this hidden fee for delivery partner now. They didn’t even provide me with the invoice. Such a scam Myntra is. Here is the screenshot of the complete conversation with Myntra’s chat support. And if you too are buying products from Myntra please STOPand BEWARE &#32; submitted by &#32; /u/anima__99 [link] &#32; [comments]",https://www.reddit.com/r/IsThisAScamIndia/comments/1v0lynb/myntras_biggest_scam_exposed/
rd_t1_oyg3ry3,reddit_comment,r/IsThisAScamIndia,2026-07-19,,"Hi there! Thank you for your post. Please take a moment to check out our resources to help you stay safe from scams: List of Common Scams: https://www.reddit.com/r/IsThisAScamIndia/wiki/index/scams/ Wiki: https://www.reddit.com/r/IsThisAScamIndia/wiki/index/ If You receive any suspected scam communication from scammers report it here: https://sancharsaathi.gov.in/sfc/Home/sfc-complaint.jsp You can also follow us on other platforms to stay updated and informed: Threads: https://www.threads.net/@isthisascamindia X (Twitter): https://x.com/isthisascamind YouTube: https://www.youtube.com/@isthisascamindia Instagram: https://www.instagram.com/isthisascamindia Whatsapp Channel https://www.whatsapp.com/channel/0029VajAshUGehEMQI0rYn2K Together, we can build a strong community to fight scams in India. Stay vigilant and informed! I am a bot, and this action was performed automatically. Please contact the moderators of this subreddit if you have any questions or concerns.",https://www.reddit.com/r/IsThisAScamIndia/comments/1v0lynb/myntras_biggest_scam_exposed/oyg3ry3/
rd_t1_oyg4hfg,reddit_comment,r/IsThisAScamIndia,2026-07-19,,i purchased this same t shirt for under 300,https://www.reddit.com/r/IsThisAScamIndia/comments/1v0lynb/myntras_biggest_scam_exposed/oyg4hfg/
rd_t1_oynb1gh,reddit_comment,r/IsThisAScamIndia,2026-07-20,,"After you stole it from him, i used it as a pocha without you knowing.",https://www.reddit.com/r/IsThisAScamIndia/comments/1v0lynb/myntras_biggest_scam_exposed/oynb1gh/
rd_t1_oyuxbvx,reddit_comment,r/IsThisAScamIndia,2026-07-21,,and before u use it as pocha I used it to clean my dih,https://www.reddit.com/r/IsThisAScamIndia/comments/1v0lynb/myntras_biggest_scam_exposed/oyuxbvx/
rd_t1_oyzt5ij,reddit_comment,r/IsThisAScamIndia,2026-07-22,,"I supplied raw materials to your company, waiting for payment.",https://www.reddit.com/r/IsThisAScamIndia/comments/1v0lynb/myntras_biggest_scam_exposed/oyzt5ij/
rd_t1_oyo1luw,reddit_comment,r/IsThisAScamIndia,2026-07-20,,Myntra came to help me to wear the tshirt,https://www.reddit.com/r/IsThisAScamIndia/comments/1v0lynb/myntras_biggest_scam_exposed/oyo1luw/
rd_t3_1ss92s1,reddit_post,r/IndianFashionAdvice,2026-04-22,,Can kurti design photo help in choosing better style?. &#x200B; I visited a clothing shop to buy a kurti using kurti design photo ideas for daily wear two days ago. I wanted something simple and stylish. I also wanted something comfortable. But when I checked the kurtis I felt disappointed. Some looked dull and the fabric felt rough. Some designs did not match the photos. I could not trust them. I could not pick one confidently. Then I visited another shop in the same market. Some kurtis looked good but they were too costly. Some were affordable but the stitching was weak. Some seemed perfect at first but the fitting was not right. I remembered I bought a kurti last week that faded quickly. That made me hesitate even more and I felt confused. To check more variety and options while scrolling many online marketplaces including alibaba I found many kurti designs. Some looked stylish and soft. Some were simple and low price. Some had better fabric and patterns. There were many options available. This made me excited but also confused again. Now I am thinking should I buy this kurti online for more variety or should I trust a local store for better fitting? What would you do in my place? &#32; submitted by &#32; /u/Negative_Term3769 [link] &#32; [comments],https://www.reddit.com/r/IndianFashionAdvice/comments/1ss92s1/can_kurti_design_photo_help_in_choosing_better/
rd_t1_ohov65t,reddit_comment,r/IndianFashionAdvice,2026-04-22,,"If fit and fabric feel matter most, offline is safer. Online is better for variety but risky for mismatch. I usually shortlist online first (Ajio, House of Chikankari sometimes for simple cotton styles), then decide if I want to try something similar in-store.",https://www.reddit.com/r/IndianFashionAdvice/comments/1ss92s1/can_kurti_design_photo_help_in_choosing_better/ohov65t/
rd_t3_1sww1lc,reddit_post,r/IndianFashionAdvice,2026-04-27,,"Where can I find affordable matching sets for men online?. Some days ago I was looking to find matching sets of men and I have discovered that there is really a lot of cheap stuff that you can buy online. Initially, I believed that good co-ord outfits will always be costly, but it is not the case anymore. According to my research, numerous shops are selling low-priced men matching sets such as t-shirt and shorts sets, hoodie sets, and casual shirt and pant sets. These collections are trendy as they save time in the styling department and yet provide a well-organized appearance. They are even cheaper with seasonal sales, clearance offers, and combo offers, particularly per everyday wear. I also noticed a variety of cheap matching sets in various fabrics, styles, and personalization possibilities of small and bulk orders, which were offered by various suppliers online, such as Alibaba. The trick, as I have come to know, is to find easy designs and do shopping during discounts to get the best deals. It is in search, but matching sets can now be found at a fraction of the price so easily. &#32; submitted by &#32; /u/korosuke_- [link] &#32; [comments]",https://www.reddit.com/r/IndianFashionAdvice/comments/1sww1lc/where_can_i_find_affordable_matching_sets_for_men/
rd_t3_1nylhz4,reddit_post,r/TwoXIndia,2025-10-05,,"Where to shop online for plus -sizes clothes for women ?. Hey everyone, I’m looking for recommendations on good plus-size clothing websites for women. I’ve been trying to find a nice white linen shirt (something breezy but not see-through) and a pair of comfortable denim pants that fit well and look stylish. &#32; submitted by &#32; /u/Shaza16 [link] &#32; [comments]",https://www.reddit.com/r/TwoXIndia/comments/1nylhz4/where_to_shop_online_for_plus_sizes_clothes_for/
rd_t1_nhvg6df,reddit_comment,r/TwoXIndia,2025-10-05,,Linen will be a little bit see through. You can check out M&amp;S.,https://www.reddit.com/r/TwoXIndia/comments/1nylhz4/where_to_shop_online_for_plus_sizes_clothes_for/nhvg6df/
rd_t1_nhvgh13,reddit_comment,r/TwoXIndia,2025-10-05,,Thank you so much for your reply https://preview.redd.it/q9o88p782atf1.jpeg?width=1284&amp;format=pjpg&amp;auto=webp&amp;s=a182bb1c39c568582534598cf1fa7850b2bb2eaf I want to style it somewhat like this so looking for a shirt and denim similar to this,https://www.reddit.com/r/TwoXIndia/comments/1nylhz4/where_to_shop_online_for_plus_sizes_clothes_for/nhvgh13/
rd_t1_ni1994f,reddit_comment,r/TwoXIndia,2025-10-06,,"Hi OP, you can check some of the below options, they are available on Myntra: Sassafaras PlusS All about you Sztori",https://www.reddit.com/r/TwoXIndia/comments/1nylhz4/where_to_shop_online_for_plus_sizes_clothes_for/ni1994f/
rd_t1_ni4q64b,reddit_comment,r/TwoXIndia,2025-10-06,,Yes but at times the shirt length is too small or no sizes available . But will definitely check,https://www.reddit.com/r/TwoXIndia/comments/1nylhz4/where_to_shop_online_for_plus_sizes_clothes_for/ni4q64b/
rd_t3_1sbcu7l,reddit_post,r/TwoXIndia,2026-04-03,,"Things that happened when I got married into a patriarchal house:. I was raised by feminist parents, but my in-laws were deeply rooted in patriarchy: For the little time I stayed at my in-laws place right after my wedding, I was expected (and told) to cook, clean, serve, and basically do all household chores, whilst working a full-time job. However, no such thing was expected from my Husband, in his own home. (My Husband and I used to make the same amount of money back then, if it matters?) At my parent’s place, I wasn’t subjected to such blatant discrimination, just because I was born a girl. If my brother was studying, so was I. If he was busy, so was I. My parents are staunch feminists and have been the winds beneath my wings, all my life. I never had to compromise academically or otherwise. They raised me and my brother as equals. Something that was amiss at my in-laws home. When I asked my Husband to contribute and help me out in the household chores, my mother-in-law shooed him away, stating very clearly and sternly to me: “In our house, men don’t enter the kitchen.” I had zero personal freedom and space. Any parcel that I ordered online, could be opened by them (or if I was opening it, it had to be in front of them). I found it extremely bizarre: 60 year old’s keeping tabs on me, like I was a pre-teen. This lack of personal space choked me everyday. The day I got married — I was menstruating (Day 1). Because of the pandemic, we couldn’t go on a honeymoon — but we managed a customary one-night stay at a local resort. When we came back home from the resort, I was on Day 2 of my periods — which are quite heavy. I was sleeping/resting to beat the cramps. I also was working remotely that day. After wrapping up my tiring work, I dozed off for an hour or so. Husband woke me up in the evening, saying “Mummy is calling you downstairs”. I rushed down — happy that they would want to talk to me and know me — a new member of the family! But when my MIL uttered her first sentence, I was completely flabbergasted and crushed: “Why are you sleeping so much? Do the dishes. The sink is full.” Husband and I didn’t even eat at home that day — because we were at the resort till late afternoon. I was actually doing the dishes that the in-laws had used/eaten into all day. And that’s not even the point! The core issue I have is: I was expected to clean and do the dishes of my in-laws while I was bleeding and writhing internally in pain. No affection or care towards me, not even asking me once how I’m doing on my periods. No concern for how I am managing my work and health, or how I am feeling one day into a new city, new family, etc. I didn’t feel seen or heard or wanted (except for domestic chores). It seemed like they either wanted an additional maid and therefore got their son married! Or maybe they viewed a daughter-in-law solely through the lens of a maid, who was only good for cooking and cleaning. I developed an eating disorder of sorts. My in-laws had a habit of not cooking breakfast at home. They used to munch on oily dry snacks and sip tea in the mornings. However, I am a non-tea/coffee person. Also, my body can’t stomach oily food first thing in the morning — having PCOD doesn’t help either. So, I ended up starving myself. My in-laws didn’t bother that a new member of the family wasn’t eating anything till 2–3pm. After 10 days or so of being fatigued and famished all throughout the mornings, I thought of eating one fruit, probably a banana for breakfast. I needed to eat something before commencing my work-day. On quite some days, no fruit was even available at home. Nor did I have the freedom to go for grocery/veggie shopping. Entering the kitchen and cooking for myself was something I didn’t even bother to venture, for the fear of offending them. Lest they think that I am trying to hog the kitchen and threatening their authority (in Indian culture, mother-in-law has the total supremacy of the kitchen, and the daughter-in-law w",https://www.reddit.com/r/TwoXIndia/comments/1sbcu7l/things_that_happened_when_i_got_married_into_a/
rd_t1_oe2bfdn,reddit_comment,r/TwoXIndia,2026-04-03,,"It looks like your post is referencing unwanted DMs. Please refer to the Safety guide on Reddit which is reccomended for users in this subreddit. You can close your DMs and still have only your whitelist (friends) be able to connect with you on Reddit. It is highly reccomended to close your DMs. I am a bot, and this action was performed automatically. Please contact the moderators of this subreddit if you have any questions or concerns.",https://www.reddit.com/r/TwoXIndia/comments/1sbcu7l/things_that_happened_when_i_got_married_into_a/oe2bfdn/
rd_t1_oe2xrfq,reddit_comment,r/TwoXIndia,2026-04-03,,"You don&#39;t have an in-laws problem, you have a husband problem. Why is he tolerating this behaviour towards his wife? Does he have a spine at all or is he a coddled little mama&#39;s boy who can&#39;t see beyond his own comforts? Set your boundaries and stand firm. Tell them with a smile, next time- this is a decision between me and my husband, please don&#39;t interfere. If we need your advice, we&#39;ll let you know",https://www.reddit.com/r/TwoXIndia/comments/1sbcu7l/things_that_happened_when_i_got_married_into_a/oe2xrfq/
rd_t1_oe3aba7,reddit_comment,r/TwoXIndia,2026-04-03,,This is exactly what I thought. Wtf was the husband doing in all these scenarios?! This entire post enraged me to no end.,https://www.reddit.com/r/TwoXIndia/comments/1sbcu7l/things_that_happened_when_i_got_married_into_a/oe3aba7/
rd_t1_oe3cbbb,reddit_comment,r/TwoXIndia,2026-04-03,,"I agree. Op please stop being a doormat and take a stand. If your husband cannot stand up for you then I think you know the answer. If you were raised by feminist parents then you would have not tolerated this kind of behavior from them from day 1. People pleasing ends up making you upset, resentful and making you feel like a victim.",https://www.reddit.com/r/TwoXIndia/comments/1sbcu7l/things_that_happened_when_i_got_married_into_a/oe3cbbb/
rd_t1_omagqlp,reddit_comment,r/TwoXIndia,2026-05-17,,"Being raised by feminist parents doesn&#39;t absolve the fact that I&#39;m wired to be a people pleaser since childhood. Always the straight A student, polite, miss sweet goody two shoes. My parents had a difficult relationship with a lot of violent fights from both ends, so I subconsciously became a people pleaser to maintain the peace. Ruffling feathers doesn&#39;t come easy for me. That&#39;s why I couldn&#39;t stand up from Day 1, because I wanted to maintain harmony at my in-laws. Again, childhood wiring.",https://www.reddit.com/r/TwoXIndia/comments/1sbcu7l/things_that_happened_when_i_got_married_into_a/omagqlp/
rd_t1_oe3cxhf,reddit_comment,r/TwoXIndia,2026-04-03,,The root cause of almost all the posts about toxic in laws. Spineless Husbands get away with so much.,https://www.reddit.com/r/TwoXIndia/comments/1sbcu7l/things_that_happened_when_i_got_married_into_a/oe3cxhf/
rd_t1_omagwer,reddit_comment,r/TwoXIndia,2026-05-17,,True. But in laws also raised the Husbands with toxic values. So it&#39;s both ways.,https://www.reddit.com/r/TwoXIndia/comments/1sbcu7l/things_that_happened_when_i_got_married_into_a/omagwer/
rd_t3_1s7k466,reddit_post,r/IndianFashionAdvice,2026-03-30,,"Full body Shapewear recommendations needed.. Hey everyone, I need a full body shapewear recommendation. Which one is better underneat or shapercult? And Should I size up for full body shapewear? I usually wear size XL, so should I order XL or XXL? Also I am so confused. &#32; submitted by &#32; /u/Obvious_Grass9807 [link] &#32; [comments]",https://www.reddit.com/r/IndianFashionAdvice/comments/1s7k466/full_body_shapewear_recommendations_needed/
rd_t1_oda6gq1,reddit_comment,r/IndianFashionAdvice,2026-03-30,,"On the sizing question first, because this is the one that actually matters: For full-body shapewear, the golden rule is to order your true size. Shapewear is designed with stretch built in, so going up a size often means less of the smoothing and contouring effect you&#39;re after. If you&#39;re a solid XL, start with XL. If you&#39;re right between sizes or on the fuller end of XL, then sizing up makes more sense. Every brand&#39;s size chart is slightly different, though, so always check the measurements rather than just the letter. On Underneat vs Shapercult - A lot of shapewear is designed to compress and smooth. If you want to add shape and enhance your curves rather than just minimise, that&#39;s a different product category entirely, and that&#39;s where we sit. UNDERHANCE full body pieces use removable, interchangeable padding so you control exactly how much enhancement you want, which is different from most of what&#39;s out there. Sizing and fit are built around curves being celebrated, not corrected. Happy to help you figure out the right fit.",https://www.reddit.com/r/IndianFashionAdvice/comments/1s7k466/full_body_shapewear_recommendations_needed/oda6gq1/
rd_t3_1s3d9n3,reddit_post,r/IndianFashionAdvice,2026-03-25,,College outfit. &#32; submitted by &#32; /u/Radiant-Risk-8724 [link] &#32; [comments],https://www.reddit.com/r/IndianFashionAdvice/comments/1s3d9n3/college_outfit/
rd_t1_ocf1uka,reddit_comment,r/IndianFashionAdvice,2026-03-25,,i like that kurta (or whatever it is called),https://www.reddit.com/r/IndianFashionAdvice/comments/1s3d9n3/college_outfit/ocf1uka/
rd_t3_1u6opax,reddit_post,r/IndianFashionAdvice,2026-06-15,,Office wear Saree. &#32; submitted by &#32; /u/ShuchiLabel [link] &#32; [comments],https://www.reddit.com/r/IndianFashionAdvice/comments/1u6opax/office_wear_saree/
rd_t3_1u0gz0n,reddit_post,r/IndianFashionAdvice,2026-06-08,,List of Indian Homegrown brands. &#32; submitted by &#32; /u/AerieValuable3900 [link] &#32; [comments],https://www.reddit.com/r/IndianFashionAdvice/comments/1u0gz0n/list_of_indian_homegrown_brands/
rd_t3_1t2paqc,reddit_post,r/IndianFashionAdvice,2026-05-03,,My drapist asked me to do saree falls for my kanchipuram. &#32; submitted by &#32; /u/Prestigious_Ebb7370 [link] &#32; [comments],https://www.reddit.com/r/IndianFashionAdvice/comments/1t2paqc/my_drapist_asked_me_to_do_saree_falls_for_my/
rd_t3_1ssntjz,reddit_post,r/IndianFashionAdvice,2026-04-22,,"Costume looks playful but why do people enjoy dressing differently from their normal identity?. A few days ago I am seeing different costume ideas and I just pause like okay this look very fun honestly. The designs are not about daily wear, but about becoming something else for a short time. It feel very different from normal clothing because it focus more on imagination. At first I think it is only for events, but then I realize how people enjoy the change. I am thinking how identity can shift temporarily. It feel simple but also very interesting. Now I am thinking why people enjoy dressing differently from their normal identity. I usualy think staying original is important so this feel little diffrent to me. But sometimes breaking routine and trying something new create excitement and freedom. I am also wondering if people use it as a way to express hidden sides of themselves. Some days ago I am not really thinking about this but now it feel interesting. Then I think about escape. Costumes allow people to step out of everyday roles and experience something different. It feel like short break from reality. That give it strong appeal honestly. Later I am laying and scrolling random stuff, checking many options on alibaba and seeing different costumes. Some look very creative honestly. Now I am thinking if its more about fun or just the freedom that make such outfits popular. &#32; submitted by &#32; /u/afjavier [link] &#32; [comments]",https://www.reddit.com/r/IndianFashionAdvice/comments/1ssntjz/costume_looks_playful_but_why_do_people_enjoy/
rd_t3_1stgc48,reddit_post,r/IndianFashionAdvice,2026-04-23,,Is lpu really good for fashion design!?. &#32; submitted by &#32; /u/hope_is_an_illusion1 [link] &#32; [comments],https://www.reddit.com/r/IndianFashionAdvice/comments/1stgc48/is_lpu_really_good_for_fashion_design/
rd_t3_1siflg3,reddit_post,r/IndianFashionAdvice,2026-04-11,,"Ganesha symbols look spiritual but why do cultural icons stay meaningful across generations?. A few days ago I am seeing Ganesha symbols and I just pause like okay this look very meaningful honestly. It not just a figure, but something that represent beliefs, tradition, and deeper values. The design itself feel calm and detailed at same time. At first I think it is only for religious context, but then I realize how it appear in art, decor, and daily life too. I am thinking how symbols carry meaning beyond time. It feel simple but also very deep. Now I am thinking why cultural icons stay meaningful across generations. I usualy think trends change everything so this feel little diffrent to me. But symbols connected to belief and history continue to be passed down, keeping their importance alive. I am also wondering if emotional connection make them stronger than modern ideas. Some days ago I am not really thinking about this but now it feel interesting. Then I think about continuity. When something is shared from one generation to another, it become part of identity and memory. It feel like living tradition. That give it strong value honestly. Later I am laying and scrolling random stuff, checking many options on alibaba and seeing different decorative items. Some look very artistic honestly. Now I am thinking if its more about belief or just the cultural connection that make such symbols important. &#32; submitted by &#32; /u/Mysterious-Speed2556 [link] &#32; [comments]",https://www.reddit.com/r/IndianFashionAdvice/comments/1siflg3/ganesha_symbols_look_spiritual_but_why_do/
rd_t3_1rnzvyc,reddit_post,r/IndianFashionAdvice,2026-03-08,,Sculpted these beautiful Silver lockets. &#32; submitted by &#32; /u/Glum_Possession4233 [link] &#32; [comments],https://www.reddit.com/r/IndianFashionAdvice/comments/1rnzvyc/sculpted_these_beautiful_silver_lockets/
rd_t3_1qqzzmc,reddit_post,r/IndianFashionAdvice,2026-01-30,,Fit check for trip. [link] &#32; [comments],https://www.reddit.com/r/IndianFashionAdvice/comments/1qqzzmc/fit_check_for_trip/
rd_t3_1q0yyld,reddit_post,r/IndianStreetWear,2026-01-01,,Basic party fit. [link] &#32; [comments],https://www.reddit.com/r/IndianStreetWear/comments/1q0yyld/basic_party_fit/
rd_t1_nx3isnz,reddit_comment,r/IndianStreetWear,2026-01-01,,Woi. Dikh raha hai kitna zyada push-up kiya hai.,https://www.reddit.com/r/IndianStreetWear/comments/1q0yyld/basic_party_fit/nx3isnz/
rd_t1_nx20ehx,reddit_comment,r/IndianStreetWear,2026-01-01,,"Sydney ke zyada bade hai, this image is example of tight cloth",https://www.reddit.com/r/IndianStreetWear/comments/1q0yyld/basic_party_fit/nx20ehx/
rd_t3_1pxecyq,reddit_post,r/IndianStreetWear,2025-12-28,,Rate my fits 👀 got a mixed bag of everything .. [link] &#32; [comments],https://www.reddit.com/r/IndianStreetWear/comments/1pxecyq/rate_my_fits_got_a_mixed_bag_of_everything/
rd_t1_nwbwo2j,reddit_comment,r/IndianStreetWear,2025-12-28,,https://preview.redd.it/m7t1hn1tfw9g1.png?width=1080&amp;format=png&amp;auto=webp&amp;s=d781ca1461fd8bef588fe71bca5b5273b19c39c5,https://www.reddit.com/r/IndianStreetWear/comments/1pxecyq/rate_my_fits_got_a_mixed_bag_of_everything/nwbwo2j/
rd_t1_nwb3x8k,reddit_comment,r/IndianStreetWear,2025-12-28,,https://preview.redd.it/o2lrygzkbv9g1.jpeg?width=1080&amp;format=pjpg&amp;auto=webp&amp;s=647e5005a2dde68db4d4aaac80a7ca620f91365c Looks like an AI slop but hard to detect.,https://www.reddit.com/r/IndianStreetWear/comments/1pxecyq/rate_my_fits_got_a_mixed_bag_of_everything/nwb3x8k/
rd_t1_nwbj8li,reddit_comment,r/IndianStreetWear,2025-12-28,,Also checked their profile. Bro boobs size mismatch on pictures 🤣🤣🤣🤣,https://www.reddit.com/r/IndianStreetWear/comments/1pxecyq/rate_my_fits_got_a_mixed_bag_of_everything/nwbj8li/
rd_t1_nwbie5k,reddit_comment,r/IndianStreetWear,2025-12-28,,Head to gemini and then ask to scan synth id,https://www.reddit.com/r/IndianStreetWear/comments/1pxecyq/rate_my_fits_got_a_mixed_bag_of_everything/nwbie5k/
rd_t1_nx3ev0a,reddit_comment,r/IndianStreetWear,2026-01-01,,It is AI see some photos have a stool in the back with one particular thing on it always in the same way,https://www.reddit.com/r/IndianStreetWear/comments/1pxecyq/rate_my_fits_got_a_mixed_bag_of_everything/nx3ev0a/
rd_t1_nwb4peq,reddit_comment,r/IndianStreetWear,2025-12-28,,Bro I&#39;m a verfied content creator on a lot of subs 😅😂 maybe before checking I&#39;m ai maybe check my page and see more ?,https://www.reddit.com/r/IndianStreetWear/comments/1pxecyq/rate_my_fits_got_a_mixed_bag_of_everything/nwb4peq/
rd_t1_nwar6wn,reddit_comment,r/IndianStreetWear,2025-12-28,,https://preview.redd.it/uivzt4gtxu9g1.png?width=1344&amp;format=png&amp;auto=webp&amp;s=c131af7c5aaf97ae05feb89266ac13fcfa5ba846,https://www.reddit.com/r/IndianStreetWear/comments/1pxecyq/rate_my_fits_got_a_mixed_bag_of_everything/nwar6wn/
rd_t3_1q4phbe,reddit_post,r/IndianStreetWear,2026-01-05,,Basic but comfy. [link] &#32; [comments],https://www.reddit.com/r/IndianStreetWear/comments/1q4phbe/basic_but_comfy/
rd_t1_nxvdwvw,reddit_comment,r/IndianStreetWear,2026-01-05,,"Pinterest pic hai, bhai. Catfish hai. r/DesiRandi mein bhi post hai iska 🤣",https://www.reddit.com/r/IndianStreetWear/comments/1q4phbe/basic_but_comfy/nxvdwvw/
rd_t1_ny50uwu,reddit_comment,r/IndianStreetWear,2026-01-07,,Main toh uski profile check kar raha tha 🤣,https://www.reddit.com/r/IndianStreetWear/comments/1q4phbe/basic_but_comfy/ny50uwu/
rd_t1_nxve6w7,reddit_comment,r/IndianStreetWear,2026-01-05,,Don&#39;t bother. It&#39;s a Pinterest pic.,https://www.reddit.com/r/IndianStreetWear/comments/1q4phbe/basic_but_comfy/nxve6w7/
rd_t3_1qy8m4g,reddit_post,r/IndianStreetWear,2026-02-07,,Fit for the day 🖤😋. &#32; submitted by &#32; /u/justslayyyy [link] &#32; [comments],https://www.reddit.com/r/IndianStreetWear/comments/1qy8m4g/fit_for_the_day/
rd_t1_o41vhg3,reddit_comment,r/IndianStreetWear,2026-02-07,,Hope the cab driver was able to pay attention on the road,https://www.reddit.com/r/IndianStreetWear/comments/1qy8m4g/fit_for_the_day/o41vhg3/
rd_t1_o41w9fu,reddit_comment,r/IndianStreetWear,2026-02-07,,hahah yes he was pretty respectful and had his attention on the road,https://www.reddit.com/r/IndianStreetWear/comments/1qy8m4g/fit_for_the_day/o41w9fu/
rd_t1_o42bl6g,reddit_comment,r/IndianStreetWear,2026-02-07,,"Haha, that’s nice. I might not be able to stop admiring a cutie like you",https://www.reddit.com/r/IndianStreetWear/comments/1qy8m4g/fit_for_the_day/o42bl6g/
rd_t1_o421g3n,reddit_comment,r/IndianStreetWear,2026-02-07,,I think everyone around me is lying that i live in India,https://www.reddit.com/r/IndianStreetWear/comments/1qy8m4g/fit_for_the_day/o421g3n/
rd_t1_o41uf6e,reddit_comment,r/IndianStreetWear,2026-02-07,,I like your stretchmarks if you are real.,https://www.reddit.com/r/IndianStreetWear/comments/1qy8m4g/fit_for_the_day/o41uf6e/
rd_t1_o47s605,reddit_comment,r/IndianStreetWear,2026-02-08,,Can&#39;t say I have seen more attractive faceless women.,https://www.reddit.com/r/IndianStreetWear/comments/1qy8m4g/fit_for_the_day/o47s605/
rd_t3_1qc9git,reddit_post,r/IndianStreetWear,2026-01-14,,Saree fit!!. &#32; submitted by &#32; /u/rashmi-aah [link] &#32; [comments],https://www.reddit.com/r/IndianStreetWear/comments/1qc9git/saree_fit/
rd_t1_nzgrs6p,reddit_comment,r/IndianStreetWear,2026-01-14,,That&#39;s so good on you... Super cute elegant 🥰,https://www.reddit.com/r/IndianStreetWear/comments/1qc9git/saree_fit/nzgrs6p/
rd_t1_nzgrtj1,reddit_comment,r/IndianStreetWear,2026-01-14,,"I should be asleep, but your curves got my attention wide awake",https://www.reddit.com/r/IndianStreetWear/comments/1qc9git/saree_fit/nzgrtj1/
rd_t1_nzhaqlo,reddit_comment,r/IndianStreetWear,2026-01-14,,https://giphy.com/gifs/k1VTDgUxwAdv2rOwZW,https://www.reddit.com/r/IndianStreetWear/comments/1qc9git/saree_fit/nzhaqlo/
rd_t1_nzhfrti,reddit_comment,r/IndianStreetWear,2026-01-14,,"She&#39;s not wearing a bra, but what is that round shaped she&#39;s wearing beneath her blouse called as❓",https://www.reddit.com/r/IndianStreetWear/comments/1qc9git/saree_fit/nzhfrti/
rd_t3_1q3sj34,reddit_post,r/IndianStreetWear,2026-01-04,,Streetwear fit check. &#32; submitted by &#32; /u/TrickofLowkeyLoki [link] &#32; [comments],https://www.reddit.com/r/IndianStreetWear/comments/1q3sj34/streetwear_fit_check/
rd_t1_ny0ff43,reddit_comment,r/IndianStreetWear,2026-01-06,,U look stunning I will make my gf wear this,https://www.reddit.com/r/IndianStreetWear/comments/1q3sj34/streetwear_fit_check/ny0ff43/
rd_t3_1srr67e,reddit_post,r/IndianFashionAdvice,2026-04-21,,"Can an inflatable bear costume be fun for parties?. A few days ago I am seeing an inflatable bear costume and I just pause like okay this look very big honestly. The shape is exaggerated, much larger than a normal outfit, and that itself make it funny. It not trying to be realistic, instead it focus on being noticeable and playful. I am thinking how exaggeration can make simple ideas more entertaining. It feel simple but also very eye catching. Now I am thinking why exaggerated designs feel more entertaining. I usualy think accuracy matter more so this feel little diffrent to me. But when something is bigger or more dramatic than normal, it create stronger reactions and attention. I am also wondering if humor come from how unexpected the size and shape look. Some days ago I am not really thinking about this but now it feel interesting. Then I think about visibility. Larger and exaggerated designs stand out easily in crowds and events. It feel like something impossible to ignore. That give it strong impact. Later I am laying and scrolling random stuff, checking many options on alibaba and seeing different inflatable costumes. Some look very funny honestly. Now I am thinking if its more about humor or just the bold and oversized appearance that make such costumes popular in gatherings and events. [link] &#32; [comments]",https://www.reddit.com/r/IndianFashionAdvice/comments/1srr67e/can_an_inflatable_bear_costume_be_fun_for_parties/
rd_t3_1mn9nfs,reddit_post,r/IndianFashionAdvice,2025-08-11,,"Looking for Janmashtami Outfit Inspiration? What Do You Think of These Picks?. Janmashtami is next week, and I’ve been looking for something pretty to wear for my small puja at home. Since I’ll be heading to a few temples afterwards, I want it to be festive but still super comfortable. I’ve shortlisted a few outfits from different online stores that seem perfect for the day. I’m trying to balance comfort, tradition, and a bit of sparkle for the occasion. Which of these would you choose? Or do you have other suggestions for Janmashtami-ready looks? Would love to know! &#32; submitted by &#32; /u/Traditional_Move9261 [link] &#32; [comments]",https://www.reddit.com/r/IndianFashionAdvice/comments/1mn9nfs/looking_for_janmashtami_outfit_inspiration_what/
rd_t3_1m5gto6,reddit_post,r/IndianFashionAdvice,2025-07-21,,"Created a Free Website For Suggesting Outfits That Suit Your Aesthetic (And Your Budget). Hey Guys, Ever looked into your wardrobe and sighing because you have &quot;nothing to wear&quot;? (Same here, hehe😅) That&#39;s why I created a free website that recommends cool outfits that help you shine, covering everything from Indian looks to slay in weddings, work, college, poojas...... you name it! Here&#39;s the link: https://fashion84948.wordpress.com It&#39;s still a work in progress, but I&#39;d love your thoughts -the good, the bad, the brutal💃. &#32; submitted by &#32; /u/Initial_Nature5744 [link] &#32; [comments]",https://www.reddit.com/r/IndianFashionAdvice/comments/1m5gto6/created_a_free_website_for_suggesting_outfits/
rd_t3_1m0kre0,reddit_post,r/IndianFashionAdvice,2025-07-15,,What fabric do you prefer for printed T-shirts — Cotton or Polyester?. Hey! I’m creating a fashion brand for youth in India and wanted to understand your fabric preference. 👉 Please take 5 seconds to vote here: [https://docs.google.com/forms/d/e/1FAIpQLSeCJiplhd1HvIT6AiVVmODQEjJem\_wXZnlTseUkCiWmEj5hYA/viewform?usp=header\] Appreciate any feedback or suggestions too! 🙏 &#32; submitted by &#32; /u/Life-Confection-7392 [link] &#32; [comments],https://www.reddit.com/r/IndianFashionAdvice/comments/1m0kre0/what_fabric_do_you_prefer_for_printed_tshirts/
rd_t3_1r78gsa,reddit_post,r/IndianStreetWear,2026-02-17,,Love it when the top fits the body perfectly 😭. &#32; submitted by &#32; /u/justslayyyy [link] &#32; [comments],https://www.reddit.com/r/IndianStreetWear/comments/1r78gsa/love_it_when_the_top_fits_the_body_perfectly/
rd_t3_1qxh6f9,reddit_post,r/IndianStreetWear,2026-02-06,,Saree fits me well. [link] &#32; [comments],https://www.reddit.com/r/IndianStreetWear/comments/1qxh6f9/saree_fits_me_well/
rd_t1_o3wi2vb,reddit_comment,r/IndianStreetWear,2026-02-06,,"You won&#39;t be able to leave the art gallery, as you are an art itself.",https://www.reddit.com/r/IndianStreetWear/comments/1qxh6f9/saree_fits_me_well/o3wi2vb/
rd_t1_o3wa3d5,reddit_comment,r/IndianStreetWear,2026-02-06,,"Yes, no doubt about it. Fits well, proper swell.",https://www.reddit.com/r/IndianStreetWear/comments/1qxh6f9/saree_fits_me_well/o3wa3d5/
rd_t1_o3wopah,reddit_comment,r/IndianStreetWear,2026-02-06,,https://preview.redd.it/koky08ttxvhg1.jpeg?width=1080&amp;format=pjpg&amp;auto=webp&amp;s=03ece1b2ad795ca54ffe24bbbb54331405706aac Literally fit h 👍,https://www.reddit.com/r/IndianStreetWear/comments/1qxh6f9/saree_fits_me_well/o3wopah/
rd_t1_o3woxds,reddit_comment,r/IndianStreetWear,2026-02-06,,I think I&#39;ve seen this one on tinder,https://www.reddit.com/r/IndianStreetWear/comments/1qxh6f9/saree_fits_me_well/o3woxds/
rd_t1_o3wtv5o,reddit_comment,r/IndianStreetWear,2026-02-06,,"&quot;Saree fits me well&quot; Oooh boy, and don&#39;t we all know it. (:",https://www.reddit.com/r/IndianStreetWear/comments/1qxh6f9/saree_fits_me_well/o3wtv5o/
rd_t3_1qdgyxr,reddit_post,r/IndianStreetWear,2026-01-15,,Rate my workout fit. &#32; submitted by &#32; /u/kinky-Government [link] &#32; [comments],https://www.reddit.com/r/IndianStreetWear/comments/1qdgyxr/rate_my_workout_fit/
rd_t1_nzpr7rm,reddit_comment,r/IndianStreetWear,2026-01-15,,You&#39;re in such great shape that you&#39;d probably look great wearing a sack!,https://www.reddit.com/r/IndianStreetWear/comments/1qdgyxr/rate_my_workout_fit/nzpr7rm/
rd_t1_nzq30vv,reddit_comment,r/IndianStreetWear,2026-01-15,,You are getting my comment because u are lady and I am man . If I imagine u as male...then u are simply chapri,https://www.reddit.com/r/IndianStreetWear/comments/1qdgyxr/rate_my_workout_fit/nzq30vv/
rd_t1_nzq4fyh,reddit_comment,r/IndianStreetWear,2026-01-15,,"Whatever anyone say, u look super sexy (in a good way).",https://www.reddit.com/r/IndianStreetWear/comments/1qdgyxr/rate_my_workout_fit/nzq4fyh/
rd_t1_nzq7hid,reddit_comment,r/IndianStreetWear,2026-01-15,,Feels like you are not confident with your outfit !,https://www.reddit.com/r/IndianStreetWear/comments/1qdgyxr/rate_my_workout_fit/nzq7hid/
rd_t1_nzqj1xg,reddit_comment,r/IndianStreetWear,2026-01-15,,Rate my workout fit🤓🤓🤓... who the hell rates a workout fit!!!,https://www.reddit.com/r/IndianStreetWear/comments/1qdgyxr/rate_my_workout_fit/nzqj1xg/
rd_t3_1qyfcum,reddit_post,r/IndianStreetWear,2026-02-07,,Double trouble. &#32; submitted by &#32; /u/Vast-House5177 [link] &#32; [comments],https://www.reddit.com/r/IndianStreetWear/comments/1qyfcum/double_trouble/
rd_t1_o433mhj,reddit_comment,r/IndianStreetWear,2026-02-07,,"White pants are such a weakness for me... ufff! Looking good, mamacita!",https://www.reddit.com/r/IndianStreetWear/comments/1qyfcum/double_trouble/o433mhj/
rd_t1_o4348bd,reddit_comment,r/IndianStreetWear,2026-02-07,,"Do hi hote hai...kisika bade, kisika chhote..lekin hote do",https://www.reddit.com/r/IndianStreetWear/comments/1qyfcum/double_trouble/o4348bd/
rd_t1_o441fz9,reddit_comment,r/IndianStreetWear,2026-02-07,,Let me sexperience your heat. Can&#39;t DM you. Plz connect,https://www.reddit.com/r/IndianStreetWear/comments/1qyfcum/double_trouble/o441fz9/
rd_t1_o44a36r,reddit_comment,r/IndianStreetWear,2026-02-07,,Can you please pet the car for me. Such a good boi.,https://www.reddit.com/r/IndianStreetWear/comments/1qyfcum/double_trouble/o44a36r/
rd_t3_1q7emoi,reddit_post,r/IndianStreetWear,2026-01-08,,Late night movie outfit check 👀 This skirt is super comfy… thoughts on the whole vibe?. &#32; submitted by &#32; /u/midnight_jalebiii [link] &#32; [comments],https://www.reddit.com/r/IndianStreetWear/comments/1q7emoi/late_night_movie_outfit_check_this_skirt_is_super/
rd_t1_nyev3r7,reddit_comment,r/IndianStreetWear,2026-01-08,,"Avatar (looong movie, so had to prioritise comfort)",https://www.reddit.com/r/IndianStreetWear/comments/1q7emoi/late_night_movie_outfit_check_this_skirt_is_super/nyev3r7/
rd_t1_nyeva5d,reddit_comment,r/IndianStreetWear,2026-01-08,,True thatt Wear a jacket u might feel cold,https://www.reddit.com/r/IndianStreetWear/comments/1q7emoi/late_night_movie_outfit_check_this_skirt_is_super/nyeva5d/
rd_t1_nyeybor,reddit_comment,r/IndianStreetWear,2026-01-08,,I watched it and kinda expected more from it ngl,https://www.reddit.com/r/IndianStreetWear/comments/1q7emoi/late_night_movie_outfit_check_this_skirt_is_super/nyeybor/
rd_t1_nyjtw0b,reddit_comment,r/IndianStreetWear,2026-01-09,,Yes comfort pro max for such a long session.. i mean movie 🤭,https://www.reddit.com/r/IndianStreetWear/comments/1q7emoi/late_night_movie_outfit_check_this_skirt_is_super/nyjtw0b/
rd_t3_1qsz65y,reddit_post,r/IndianStreetWear,2026-02-01,,"Tried clip-on Navel piercing, should I get one for real? 😉✨. &#32; submitted by &#32; /u/ashi1245 [link] &#32; [comments]",https://www.reddit.com/r/IndianStreetWear/comments/1qsz65y/tried_clipon_navel_piercing_should_i_get_one_for/
rd_t1_o2yzw7c,reddit_comment,r/IndianStreetWear,2026-02-01,,"While you’re blessed with that stomach, go ahead. If you’re on the fence, don’t",https://www.reddit.com/r/IndianStreetWear/comments/1qsz65y/tried_clipon_navel_piercing_should_i_get_one_for/o2yzw7c/
rd_t1_o2z3dtk,reddit_comment,r/IndianStreetWear,2026-02-01,,Yes go for it imo Also mandatory https://preview.redd.it/aa5k2tt78wgg1.png?width=498&amp;format=png&amp;auto=webp&amp;s=ed7f49d4f9d27faac429333b66d3d88b6e9e1ac8,https://www.reddit.com/r/IndianStreetWear/comments/1qsz65y/tried_clipon_navel_piercing_should_i_get_one_for/o2z3dtk/
rd_t1_o2znn2v,reddit_comment,r/IndianStreetWear,2026-02-01,,"Listen, OP, if you feel like getting one, then please do, just make sure of a couple&#39; things: That the person who&#39;s giving you the piercing is qualified, and has a roster of clients that you can call up and make sure they&#39;re satisfied with what was done to their bodies. Number two, I&#39;ve heard from female friends that it takes some time to heal (upto seversl months) so be prepared of feeling a bit of pain for a few weeks, at leat. Number 3, keep some creams by your bedside so that you can ease the pain, a bit, and make sure your navel&#39;s always clean. And lastly: make sure you post a picture of yourself, up here, so that we can all marvel at it. (;",https://www.reddit.com/r/IndianStreetWear/comments/1qsz65y/tried_clipon_navel_piercing_should_i_get_one_for/o2znn2v/
rd_t1_o3094vz,reddit_comment,r/IndianStreetWear,2026-02-01,,I wanna try it soooooooonnnnn where did you get it from?,https://www.reddit.com/r/IndianStreetWear/comments/1qsz65y/tried_clipon_navel_piercing_should_i_get_one_for/o3094vz/
rd_t3_1pt0ilo,reddit_post,r/IndianStreetWear,2025-12-22,,How is the fit?. Went for a lunch with my friends. :)) [link] &#32; [comments],https://www.reddit.com/r/IndianStreetWear/comments/1pt0ilo/how_is_the_fit/
rd_t1_nvdgons,reddit_comment,r/IndianStreetWear,2025-12-22,,Gorgeous. The dress looks lovely on you and fits so damn well.,https://www.reddit.com/r/IndianStreetWear/comments/1pt0ilo/how_is_the_fit/nvdgons/
rd_t1_nve3gr1,reddit_comment,r/IndianStreetWear,2025-12-22,,Ab to khana hogya hoga to compliment kya hi du appko,https://www.reddit.com/r/IndianStreetWear/comments/1pt0ilo/how_is_the_fit/nve3gr1/
rd_t3_1r32n5m,reddit_post,r/IndianStreetWear,2026-02-12,,Just a sweet little black dress… right? 😇. [link] &#32; [comments],https://www.reddit.com/r/IndianStreetWear/comments/1r32n5m/just_a_sweet_little_black_dress_right/
rd_t1_o517ssv,reddit_comment,r/IndianStreetWear,2026-02-12,,"Definitely not sweet…..I would say, more of hot chilli….but yeah, it is a nice dresss 😍",https://www.reddit.com/r/IndianStreetWear/comments/1r32n5m/just_a_sweet_little_black_dress_right/o517ssv/
rd_t1_o5833ye,reddit_comment,r/IndianStreetWear,2026-02-13,,This baddie must&#39;ve gotten boozed hard then,https://www.reddit.com/r/IndianStreetWear/comments/1r32n5m/just_a_sweet_little_black_dress_right/o5833ye/
rd_t3_1q70mr7,reddit_post,r/IndianStreetWear,2026-01-08,,Party pubbing outfit. &#32; submitted by &#32; /u/kinky-Government [link] &#32; [comments],https://www.reddit.com/r/IndianStreetWear/comments/1q70mr7/party_pubbing_outfit/
rd_t1_nycp94u,reddit_comment,r/IndianStreetWear,2026-01-08,,Public bathroom ke counter pe kaun baithta hai yaar 😭😭,https://www.reddit.com/r/IndianStreetWear/comments/1q70mr7/party_pubbing_outfit/nycp94u/
rd_t1_nycer5m,reddit_comment,r/IndianStreetWear,2026-01-08,,OP.. in which universe is this street wear. Pls explain??,https://www.reddit.com/r/IndianStreetWear/comments/1q70mr7/party_pubbing_outfit/nycer5m/
rd_t1_o0j5jrc,reddit_comment,r/IndianStreetWear,2026-01-19,,She wears it in the street. Street wear 🥲👍🏼,https://www.reddit.com/r/IndianStreetWear/comments/1q70mr7/party_pubbing_outfit/o0j5jrc/
rd_t1_nycspto,reddit_comment,r/IndianStreetWear,2026-01-08,,Aage bol de jab bhi mai kuch bol deta hu toh reddit mujhe bann kr deta hai,https://www.reddit.com/r/IndianStreetWear/comments/1q70mr7/party_pubbing_outfit/nycspto/
rd_t1_nyctmqo,reddit_comment,r/IndianStreetWear,2026-01-08,,Nahi bolunga yaar iss baar toh ban se bach jane de pta nhi kitni baar ban ho chuka hu,https://www.reddit.com/r/IndianStreetWear/comments/1q70mr7/party_pubbing_outfit/nyctmqo/
rd_t3_1pjoo2s,reddit_post,r/TwoXIndia,2025-12-11,,"Met my boyfriend's entire family and I finally understand healthy feminism!!!! LONGISH POST. Im 36(F) unmarried and over the last weekend I met my boyfriend&#39;s entire family as I was invited as +1 for a wedding. My background: my entire family is excessively patriarchal. Our women dont work, dont drink, some are vegetarian for religious purposes, wear salwar kameez only, fast for the husbands, wear mangalsutras, have never travelled unless with the husband. At social gatherings I grew up watching women do everything while men would have drinks and talk of politics. All my cousins also got married at 24-25. Im an anomaly because my parents split in my teenage years and that put me off marriage bullshit. 2 months ago my boyfriend(37) asked me to be his +1 for a family wedding and I brought forward my concerns about everyone asking about shaadi and questioning my life choices and my clothing...I was coming from a place of knowing how my own family would behave if a boyfriend/girlfriend was brought over. To which he said that his family is very cool and no one will even ask any of these weird questions but in case they do, he&#39;ll handle them so I dont have to worry, I should attend the wedding and have a good time :) Over the weekend I met all mausis, chachis, grandmothers, uncle, auntie, nieces, nephews and old family friends. Im blown away at how this is even possible. Feminism is in the small things. One grandma pouring a drink for herself, 2 uncles are frying prawns in the kitchen, nieces n nephews are watching F1, my boyfriend is setting up dinner table, I am talking to a twice divorced chachi, dog is playing with a CEO mausi, auntie is telling her travel stories from early 80s, groom&#39;s father is helping the new bride unpack her new jewellery, someone said look at the huge full moon so we all went to the terrace, the groom is doing hand written thank you notes for all guests. It was home! No gender based roles, everyone&#39;s being treated as equals, not a mangalsutra in sight, everyone&#39;s highly educated. We are all passing plates to each other, pouring drinks for each other, laughing at stories from someone&#39;s Gibraltar travels in the 70s, hi5ing everyone, other grandmother is then showing me childhood photos of my boyfriend. Uncle came to ask me if Im feeling comfortable. My boyfriend put his hand around my shoulder and sat next to me. That was the moment I slowed down and soaked it all in. I want to be married into this family. I kissed my boyfriend and whispered &#39;thank you, I feel loved&#39;, he simply pulled me in kissed my forehead. This is healthy feminism. When we dont have to announce that our place at the table matters, when there&#39;s room for us. When men dont have to wait for women to fill up ice trays or wash couple of spoons. When more girls are watching and explaining F1 to uncles, when grandmothers are talking of European travel stories in the 70s, when NO ONE out of 16 people asked me &#39;when will you get married&#39;. When we ate those prawns, everyone was praising uncles for how good the masala is, both of them without hesitation blurted out &#39;this is our mother&#39;s recipe&#39; Ladies I could cry!!! This exists!! I finally found it at 36! NEVER SETTLE for lesser! &#32; submitted by &#32; /u/Aggressive-Volume479 [link] &#32; [comments]",https://www.reddit.com/r/TwoXIndia/comments/1pjoo2s/met_my_boyfriends_entire_family_and_i_finally/
rd_t1_ntf7ae6,reddit_comment,r/TwoXIndia,2025-12-11,,"This is so beautiful to read! I was playing each and every scene in my head like those heartwarming Diwali ads! May this family become your family, dear OP!",https://www.reddit.com/r/TwoXIndia/comments/1pjoo2s/met_my_boyfriends_entire_family_and_i_finally/ntf7ae6/
rd_t1_ntfy2ne,reddit_comment,r/TwoXIndia,2025-12-11,,HAHAHA reminded me of the annual arguments my parents and family have on Diwali day! LMAOOOOO,https://www.reddit.com/r/TwoXIndia/comments/1pjoo2s/met_my_boyfriends_entire_family_and_i_finally/ntfy2ne/
rd_t1_ntf5rpd,reddit_comment,r/TwoXIndia,2025-12-11,,"I&#39;m a non-bengali dating a Bengali guy and the progressiveness was a culture shock to me. His dad cooks everyday for the family, his mom goes on international solo trips and he even had talks about sex and growing up etc. with his parents openly when he was a teenager. Absolutely shocking to me lol, and when I went to their house, there was literally no expectation for me or his mom to be the primary caretakers or hosts. Everyone could relax, and I loved that.",https://www.reddit.com/r/TwoXIndia/comments/1pjoo2s/met_my_boyfriends_entire_family_and_i_finally/ntf5rpd/
rd_t1_ntfl1vd,reddit_comment,r/TwoXIndia,2025-12-11,,"My mother has kolkata roots but she&#39;s not bengali. Nanaji was a sailor so he kept doing kolkata-bombay and decided to settle in kolkata. I grew up seeing three sides of kolkata - marwari, bengali and the punjabi side. The one I loved the most was the bengali side largely because of just how calming their households were. I loved my winter vacations in kolkata. Men would cook with women, play radio and sing along, care for the street dogs and just generally be good humans. One could relax, yes youre correct! You can relax in an equal household :)",https://www.reddit.com/r/TwoXIndia/comments/1pjoo2s/met_my_boyfriends_entire_family_and_i_finally/ntfl1vd/
rd_t1_ntfnko1,reddit_comment,r/TwoXIndia,2025-12-11,,"Haha.. same. I’m Bengali myself, but from my experience, older-generation fathers and uncles- especially those who were pampered as the “raja beta” and held government jobs- aren’t very progressive when it comes to equal responsibilities. They fully support equal education and other facilities for sons and daughters, but I haven’t seen a single man from my dad’s generation in our family who can cook or manage the household when the mother is sick.",https://www.reddit.com/r/TwoXIndia/comments/1pjoo2s/met_my_boyfriends_entire_family_and_i_finally/ntfnko1/
rd_t1_nthzb7c,reddit_comment,r/TwoXIndia,2025-12-11,,"Account must be at least 30 days old and have minimum karma (undisclosed) to participate here. No exceptions. If using a throwaway or a secondary account that doesn&#39;t meet these requirements, send a mod mail from your main account to verify yourself. All submissions must be in English or a translation to English must be provided with it. Send a mod-mail once a translation is provided in the submission to reinstate it.",https://www.reddit.com/r/TwoXIndia/comments/1pjoo2s/met_my_boyfriends_entire_family_and_i_finally/nthzb7c/
rd_t1_ntfxal4,reddit_comment,r/TwoXIndia,2025-12-11,,"Next time, when a guy asks “wHat dO wOmeN evEn wAnT??” THIS. THIS is what women want.",https://www.reddit.com/r/TwoXIndia/comments/1pjoo2s/met_my_boyfriends_entire_family_and_i_finally/ntfxal4/
rd_t1_ntf28zc,reddit_comment,r/TwoXIndia,2025-12-11,,It definitely kick started my morning 🌸🌸🩷🩷,https://www.reddit.com/r/TwoXIndia/comments/1pjoo2s/met_my_boyfriends_entire_family_and_i_finally/ntf28zc/
rd_t3_1o8qgtt,reddit_post,r/TwoXIndia,2025-10-17,,"32, single and unmarried, but had the most unexpected conversation with my father. I was having dinner with my dad last night when he suddenly brought up the topic of me getting married. For context, I’ve never really been in a serious relationship, just a few dates here and there, and at this point, I’m basically “married” to my job. My parents have never been the type to pressure me about dating or marriage, so I was completely caught off guard when he mentioned it. He said he’s worried I’ll be lonely once they’re gone. I told him that marriage isn’t something I’m going to force myself into, not unless I genuinely meet someone I want to spend my life with and I’m definitely not going to settle just to avoid being alone. Then he suddenly went off on a tangent and asked, “Are you a lesbian? If so, that’s okay, we’ll try to find you someone like that.” I had to excuse myself and go to the washroom because I laughed for a full fifteen minutes. This was such an unexpected side of him because he&#39;s had a fairly conservative upbringing, I just needed to put this somewhere because I felt it deserved to be appreciated. &#32; submitted by &#32; /u/winter-thv [link] &#32; [comments]",https://www.reddit.com/r/TwoXIndia/comments/1o8qgtt/32_single_and_unmarried_but_had_the_most/
rd_t1_njwv72t,reddit_comment,r/TwoXIndia,2025-10-17,,"I’m turning 27 next month. I jokingly told my mom that I like girls more than boys. She said, “yeah, you’ll be happier with a girl than a boy. So it’s better that way. Just get married to a girl.” I started laughing after hearing her response.",https://www.reddit.com/r/TwoXIndia/comments/1o8qgtt/32_single_and_unmarried_but_had_the_most/njwv72t/
rd_t1_njwxjzg,reddit_comment,r/TwoXIndia,2025-10-17,,"Well, I&#39;ll be 29 soon and they&#39;re pressuring me too much already. I&#39;m reminded of samaaj and relatives and what everyone would think ... I&#39;m glad yours are supportive.",https://www.reddit.com/r/TwoXIndia/comments/1o8qgtt/32_single_and_unmarried_but_had_the_most/njwxjzg/
rd_t1_njx4pxn,reddit_comment,r/TwoXIndia,2025-10-17,,Yeah exactly but only if they understood... You&#39;re a single child right? Didn&#39;t they emotionally manipulate you into thinking that you&#39;re all they have and they want their dreams to be fulfilled and what not?,https://www.reddit.com/r/TwoXIndia/comments/1o8qgtt/32_single_and_unmarried_but_had_the_most/njx4pxn/
rd_t1_njx8kt3,reddit_comment,r/TwoXIndia,2025-10-17,,No im not a single child. My brother is 35 and still unmarried So my mom was putting pressure on me instead and i told her to back off and not to force me. I have seen a pathetic marriage of my parents and dont believe in the concept anymore. I explained her very nicely about this.,https://www.reddit.com/r/TwoXIndia/comments/1o8qgtt/32_single_and_unmarried_but_had_the_most/njx8kt3/
rd_t1_njxq1kq,reddit_comment,r/TwoXIndia,2025-10-17,,"Also i dont put my parents on pedestal anymore, because i know even if they emotionally manipulate me into getting married and if it wont work out i know they will only tell me to ADJUST, because according to them thats how it works only women adjust. Their responsibility was till getting me educated and making me stand on my own feet and thats done. I practice emotional detachment from them and take decisions in a non emotional way. If they say its their responsibility to get me settled oh then it was also their responsibility to make sure i grew up in a healthy environment and not a toxic one where they projected issues of their failed marriage on their children.",https://www.reddit.com/r/TwoXIndia/comments/1o8qgtt/32_single_and_unmarried_but_had_the_most/njxq1kq/
rd_t1_njxqmy5,reddit_comment,r/TwoXIndia,2025-10-17,,Move out from their house honestly. And choose your own partner. If they dont understand then tell them fine ill marry but ill see 10/20 even 50 rishtas. I should have the power to say no even before pheras. If theyre really toxic maybe you should talk to a therapist. Mine is damn supportive about how to make parents understand these things,https://www.reddit.com/r/TwoXIndia/comments/1o8qgtt/32_single_and_unmarried_but_had_the_most/njxqmy5/
rd_t3_1qbrrbf,reddit_post,r/TwoXIndia,2026-01-13,,"Spoke to my ex after 13 yrs. I dodged a bullet and Im extremely sorry for his wife who I hated once!. Ohhh I could write a book...Im 37 years old this week, unmarried and childfree by choice. Today I thank all the gods for giving me the wisdom and courage to walk away from vile men. Please get popcorn, this is gonna be long and juicy. In my early 20s I was madly in love with a guy who I thought would be my life partner with whom I&#39;d have kids and I could have gone to any extent to be with him in case my parents didnt approve since he&#39;s from a different caste. We both met in London during our university days and were together for about 3 years. We were each other&#39;s support system in a foreign country but we used to have a lot of fights, perhaps every week. My complain usually was that he&#39;d put in cold efforts into literally anything I&#39;d ask of him. And his complain was that I was too much of a perfectionist and I needed things in a certain way otherwise I&#39;d get mad. I remember this horrid fight one time in February 2011. I was unwell because of extreme cold, it was snowing outside - I HATE COLD! To be coughing, have a running nose and then get out of bed at 6am, leave from home at 7:20 for 9am lectures in the blistering cold is not desirable in any universe. I was a top student and I wouldn&#39;t miss class for any reason. As I was rushing out of the house he said &#39;I&#39;ll bring you pizza for lunch&#39; and walking out I said &#39;extra pepperoni and coca cola&#39;. My lunch hours were 1-2pm. At 12:15 ish he texted me asking &#39;hey what pizza do you want&#39; and the moment I saw the text I was pissed off because if he&#39;s asking me what pizza at 12:15 then obviously he&#39;s late and now I&#39;ll have to rush everything, work my lunch hour according to his timeline and get back to lectures hurriedly. So I texted him back saying &#39;let it be youre running late, I&#39;ll have a sandwich from M&amp;S&#39;. And whatever he replied I didnt check because I had no desire to have a full blown argument on messages, managing my flu was enough already. And then the entire day we didnt speak - I got busy and forgot about it all. I got home at 7:30-8pm and obviously came back home to an argument almost immediately where he said things along the lines of &#39;nothing will make you happy. You expect an army regime timeline that suits your needs and other person&#39;s efforts go unseen&#39;. I gave him a breakdown of his timeline 12:15 you message me what pizza you want which means you havent arrived at the pizza shop and you havent placed your order 12:30 you place your order 12:45 you collect the pizza (if its not crowded) 1:00 pm you take the bus 1:30 you arrive at my campus 1:35 we start eating 1:50 I have to rush back - go to loo, take a medicine for cold n cough 2pm my class starts again MAKE IT MAKE SENSE!!!!! I saw the rage in him build and rise slowly. With every sentence I said his eyes got bigger in disbelief and eventually he called me a pathetic psycho. We slept in different rooms for a few days. Then eventually made up because &#39;we were each other&#39;s everything&#39; NONSENSE!!!!! But thats how our 3 years together were basically. In 2012 I moved to Mumbai for work and thats when shit hit the ceiling. I got a very high paying job while he was still in London finishing his exams and our fights got progressively worse due to his insecurities. Then one day in June 2013 a fight so bad broke between us that we didnt speak for a month. I tried reaching out and he said &#39;I&#39;ll speak to you after my exams, I need to focus right now&#39;. Even though it hurt so much I respected his boundaries and left him alone. A few days after his exams he called me to say that he doesnt wanna be with me anymore because he&#39;s not able to handle the long distance and that I dont give him enough time like I used to and the time difference is not helping either. So obviously another fight bro",https://www.reddit.com/r/TwoXIndia/comments/1qbrrbf/spoke_to_my_ex_after_13_yrs_i_dodged_a_bullet_and/
rd_t1_nzcq1k7,reddit_comment,r/TwoXIndia,2026-01-13,,Thanks for sharing this OP. Really needed it. Had a horrible breakup last month which resulted in me ruining my semester is exam(s). And might lose placements. Have been very low since he kind of betrayed me and broke the foundation of relationship. Kinda got used. And blamed me for everything he did. I hope this is me after a decade.,https://www.reddit.com/r/TwoXIndia/comments/1qbrrbf/spoke_to_my_ex_after_13_yrs_i_dodged_a_bullet_and/nzcq1k7/
rd_t1_nzd7xv0,reddit_comment,r/TwoXIndia,2026-01-13,,Im so so sorry for what youre going through. I really hope you dont lose placements. But also take this as a lesson to never lose yourself for a man again? Some of them really drag you through the trenches if youre willing to go the extra mile for them. I really really pray you get placements. Sending you a lot of love n strength 💖,https://www.reddit.com/r/TwoXIndia/comments/1qbrrbf/spoke_to_my_ex_after_13_yrs_i_dodged_a_bullet_and/nzd7xv0/
rd_t1_nzfaar2,reddit_comment,r/TwoXIndia,2026-01-13,,"Yeah, i took that as a lesson. More than that, I got abondoned, emotionally destroyed a week before my exams and threw days before my dad&#39;s death anniversary. Mens are never worth it.",https://www.reddit.com/r/TwoXIndia/comments/1qbrrbf/spoke_to_my_ex_after_13_yrs_i_dodged_a_bullet_and/nzfaar2/
rd_t1_nzdplzu,reddit_comment,r/TwoXIndia,2026-01-13,,"Girl i remember your older posts. I wish you healing, feel free to vent if you need an ear!",https://www.reddit.com/r/TwoXIndia/comments/1qbrrbf/spoke_to_my_ex_after_13_yrs_i_dodged_a_bullet_and/nzdplzu/
rd_t1_nze22zr,reddit_comment,r/TwoXIndia,2026-01-13,,"Oh my, did you see my breakup post? Yeah, it was horrible. Thanks for wishing me well. I hope your doing good too.",https://www.reddit.com/r/TwoXIndia/comments/1qbrrbf/spoke_to_my_ex_after_13_yrs_i_dodged_a_bullet_and/nze22zr/
rd_t1_nzegp66,reddit_comment,r/TwoXIndia,2026-01-13,,"I come across your posts often, most of the time it&#39;s something happy. You came across as a happy person, it&#39;s really sad to see you going through this",https://www.reddit.com/r/TwoXIndia/comments/1qbrrbf/spoke_to_my_ex_after_13_yrs_i_dodged_a_bullet_and/nzegp66/
rd_t1_nzeqqyx,reddit_comment,r/TwoXIndia,2026-01-13,,"He broke up w me a week before exams and 3 days before dad&#39;s death anniversary. Sadly, they didn&#39;t go well because of how traumatic evrything was. Thanks for wishing me thi :)",https://www.reddit.com/r/TwoXIndia/comments/1qbrrbf/spoke_to_my_ex_after_13_yrs_i_dodged_a_bullet_and/nzeqqyx/
rd_t1_nzfctg1,reddit_comment,r/TwoXIndia,2026-01-13,,"All the best, no you will not lose your placements. Shine your best.",https://www.reddit.com/r/TwoXIndia/comments/1qbrrbf/spoke_to_my_ex_after_13_yrs_i_dodged_a_bullet_and/nzfctg1/
rd_t1_nzctefv,reddit_comment,r/TwoXIndia,2026-01-13,,My ex says similar things now even that he’ll marry someone from his village who’ll obey him and my stupid ass tries to shame him. Actually these men have no shame. They don’t respect women. They need women who’ll serve them. Women need to buckle up and just leave such men. You indeed dodged a bullet.,https://www.reddit.com/r/TwoXIndia/comments/1qbrrbf/spoke_to_my_ex_after_13_yrs_i_dodged_a_bullet_and/nzctefv/
rd_t1_nzdmvha,reddit_comment,r/TwoXIndia,2026-01-13,,You know what you dodged a bullet too! They really dont have any respect for women at all. Its 2026 we’re still dealing with such behaviour 😞,https://www.reddit.com/r/TwoXIndia/comments/1qbrrbf/spoke_to_my_ex_after_13_yrs_i_dodged_a_bullet_and/nzdmvha/
rd_t1_nzcprzp,reddit_comment,r/TwoXIndia,2026-01-13,,this guy is trash but the 12:15 pizza thing is a bit wack as well.,https://www.reddit.com/r/TwoXIndia/comments/1qbrrbf/spoke_to_my_ex_after_13_yrs_i_dodged_a_bullet_and/nzcprzp/
rd_t1_nzq5dcz,reddit_comment,r/TwoXIndia,2026-01-15,,"💯 It sounds like she really is unreasonable or inflexible which is pretty important if she wants a healthy relationship. I can&#39;t ever imagine having those thoughts if my partner asked about pizza a bit later than I would have liked. I may feel a little annoyed that things can&#39;t go according to plan but that&#39;s okay, that&#39;s life. I would respond with &quot;hey that doesn&#39;t work out because of the time, I&#39;ll grab food on my own see you later&quot; and then I would be happy to see him later!",https://www.reddit.com/r/TwoXIndia/comments/1qbrrbf/spoke_to_my_ex_after_13_yrs_i_dodged_a_bullet_and/nzq5dcz/
rd_t3_1qea75y,reddit_post,r/IndianStreetWear,2026-01-16,,Rate my outfit. &#32; submitted by &#32; /u/kinky-Government [link] &#32; [comments],https://www.reddit.com/r/IndianStreetWear/comments/1qea75y/rate_my_outfit/
rd_t1_nzvy3dr,reddit_comment,r/IndianStreetWear,2026-01-16,,Right wli car subaru crossover h ya Suv?,https://www.reddit.com/r/IndianStreetWear/comments/1qea75y/rate_my_outfit/nzvy3dr/
rd_t1_nzwsn8g,reddit_comment,r/IndianStreetWear,2026-01-16,,"Sexy, 9 out of 10, if it some more revealing , it would be excellent",https://www.reddit.com/r/IndianStreetWear/comments/1qea75y/rate_my_outfit/nzwsn8g/
rd_t1_nzx493q,reddit_comment,r/IndianStreetWear,2026-01-16,,it&#39;s perfect but i would suggest adding a minimal statement neck piece it would really look stunning,https://www.reddit.com/r/IndianStreetWear/comments/1qea75y/rate_my_outfit/nzx493q/
rd_t3_1pw0xhk,reddit_post,r/IndianStreetWear,2025-12-26,,Fit check !! I wore this for a movie night. [link] &#32; [comments],https://www.reddit.com/r/IndianStreetWear/comments/1pw0xhk/fit_check_i_wore_this_for_a_movie_night/
rd_t1_nw2epo0,reddit_comment,r/IndianStreetWear,2025-12-26,,"If Santa shows up to kidnap you, just know it’s for me",https://www.reddit.com/r/IndianStreetWear/comments/1pw0xhk/fit_check_i_wore_this_for_a_movie_night/nw2epo0/
rd_t1_nw58q2j,reddit_comment,r/IndianStreetWear,2025-12-27,,Ticket booking done let&#39;s go for movie night babe,https://www.reddit.com/r/IndianStreetWear/comments/1pw0xhk/fit_check_i_wore_this_for_a_movie_night/nw58q2j/
rd_t3_1r8crq6,reddit_post,r/IndianStreetWear,2026-02-18,,Red and greenery. &#32; submitted by &#32; /u/CryptographerBig2567 [link] &#32; [comments],https://www.reddit.com/r/IndianStreetWear/comments/1r8crq6/red_and_greenery/
rd_t3_1q6xgce,reddit_post,r/IndianStreetWear,2026-01-08,,Rate this saree. &#32; submitted by &#32; /u/kinky-Government [link] &#32; [comments],https://www.reddit.com/r/IndianStreetWear/comments/1q6xgce/rate_this_saree/
rd_t1_nyb7q97,reddit_comment,r/IndianStreetWear,2026-01-08,,"It’s good, maybe I could pull it off if you want European bwc in you",https://www.reddit.com/r/IndianStreetWear/comments/1q6xgce/rate_this_saree/nyb7q97/
rd_t1_nybumak,reddit_comment,r/IndianStreetWear,2026-01-08,,"This is the real perfect fit, outfit is complimenting the figure 🔥",https://www.reddit.com/r/IndianStreetWear/comments/1q6xgce/rate_this_saree/nybumak/
rd_t1_nyd7oqb,reddit_comment,r/IndianStreetWear,2026-01-08,,Looks very attractive on you. May be an 8/10. You pull it off very welll,https://www.reddit.com/r/IndianStreetWear/comments/1q6xgce/rate_this_saree/nyd7oqb/
rd_t1_nyc5g9u,reddit_comment,r/IndianStreetWear,2026-01-08,,The best fit check post I have seen in reddit since I started Looking very gorgeous btw,https://www.reddit.com/r/IndianStreetWear/comments/1q6xgce/rate_this_saree/nyc5g9u/
rd_t1_nyc6elr,reddit_comment,r/IndianStreetWear,2026-01-08,,😂😂😂 dammm i saw the slide on other sub sooo i know what comes next after you wore this saree,https://www.reddit.com/r/IndianStreetWear/comments/1q6xgce/rate_this_saree/nyc6elr/
rd_t1_nyd06jb,reddit_comment,r/IndianStreetWear,2026-01-08,,Girl you got fucked by a foreigner just after this. I just saw the video wtf 😂 https://preview.redd.it/g1737j1iy2cg1.jpeg?width=720&amp;format=pjpg&amp;auto=webp&amp;s=d35cff5f26f8665db3dde9916ce8328f9b72057f,https://www.reddit.com/r/IndianStreetWear/comments/1q6xgce/rate_this_saree/nyd06jb/
rd_t3_1qy3is2,reddit_post,r/IndianStreetWear,2026-02-07,,Outfit describes who you are. [link] &#32; [comments],https://www.reddit.com/r/IndianStreetWear/comments/1qy3is2/outfit_describes_who_you_are/
rd_t1_o412ux7,reddit_comment,r/IndianStreetWear,2026-02-07,,Personality describes who you are and how you carry the outfit describes the outfit,https://www.reddit.com/r/IndianStreetWear/comments/1qy3is2/outfit_describes_who_you_are/o412ux7/
rd_t1_o418jqy,reddit_comment,r/IndianStreetWear,2026-02-07,,Asiandaddy username and girls posts! Screams catfish,https://www.reddit.com/r/IndianStreetWear/comments/1qy3is2/outfit_describes_who_you_are/o418jqy/
rd_t1_o419wze,reddit_comment,r/IndianStreetWear,2026-02-07,,Do you want to get tribs? I&#39;ve done several of them can verify too. T G - salkha100,https://www.reddit.com/r/IndianStreetWear/comments/1qy3is2/outfit_describes_who_you_are/o419wze/
rd_t1_o42tipk,reddit_comment,r/IndianStreetWear,2026-02-07,,"Proves that not only figure, you also need a good face.😅",https://www.reddit.com/r/IndianStreetWear/comments/1qy3is2/outfit_describes_who_you_are/o42tipk/
rd_t1_o43lcns,reddit_comment,r/IndianStreetWear,2026-02-07,,"So when they say; money, colour, face, figure etc do not matter, they are lying. So double faced humanity is.smh",https://www.reddit.com/r/IndianStreetWear/comments/1qy3is2/outfit_describes_who_you_are/o43lcns/
rd_t3_1qcwy9g,reddit_post,r/IndianStreetWear,2026-01-14,,Rate my ethnic wear. &#32; submitted by &#32; /u/kinky-Government [link] &#32; [comments],https://www.reddit.com/r/IndianStreetWear/comments/1qcwy9g/rate_my_ethnic_wear/
rd_t1_nzlknvi,reddit_comment,r/IndianStreetWear,2026-01-14,,https://giphy.com/gifs/4qsokBIDFxwYAgAllg,https://www.reddit.com/r/IndianStreetWear/comments/1qcwy9g/rate_my_ethnic_wear/nzlknvi/
rd_t1_nzmiba0,reddit_comment,r/IndianStreetWear,2026-01-14,,"3- nothing its doing to you girlll, here men will tell good to u , slide into your dm , ur body looks pear shape , its not helping you.",https://www.reddit.com/r/IndianStreetWear/comments/1qcwy9g/rate_my_ethnic_wear/nzmiba0/
rd_t1_nznnmes,reddit_comment,r/IndianStreetWear,2026-01-15,,"Somebody clicked a picture of the door with you in it, lol",https://www.reddit.com/r/IndianStreetWear/comments/1qcwy9g/rate_my_ethnic_wear/nznnmes/
rd_t1_nzoeg0i,reddit_comment,r/IndianStreetWear,2026-01-15,,You need a better photographer Ma&#39;am!,https://www.reddit.com/r/IndianStreetWear/comments/1qcwy9g/rate_my_ethnic_wear/nzoeg0i/
rd_t1_nvo7ysq,reddit_comment,r/IndianStreetWear,2025-12-24,,"Although I can’t see your eyes, you look wonderful!",https://www.reddit.com/r/IndianStreetWear/comments/1puf6s9/basics/nvo7ysq/
rd_t1_nvortmi,reddit_comment,r/IndianStreetWear,2025-12-24,,"Actually, after looking at the picture for so long, I’m realising this isn’t real. Probably AI generated",https://www.reddit.com/r/IndianStreetWear/comments/1puf6s9/basics/nvortmi/
rd_t1_nvohrqd,reddit_comment,r/IndianStreetWear,2025-12-24,,Nice. But I guess the photo is enhanced in some parts….,https://www.reddit.com/r/IndianStreetWear/comments/1puf6s9/basics/nvohrqd/
rd_t1_nxuqwsy,reddit_comment,r/IndianStreetWear,2026-01-05,,"image stolen from insta, and the og pic also is edited.",https://www.reddit.com/r/IndianStreetWear/comments/1puf6s9/basics/nxuqwsy/
rd_t1_nvs88mt,reddit_comment,r/IndianStreetWear,2025-12-24,,This is ur basic i can’t imagine ur otherway around,https://www.reddit.com/r/IndianStreetWear/comments/1puf6s9/basics/nvs88mt/
rd_t1_nvuc1b7,reddit_comment,r/IndianStreetWear,2025-12-25,,Gorgeous pic and top is that a piercing showing through there ...,https://www.reddit.com/r/IndianStreetWear/comments/1puf6s9/basics/nvuc1b7/
rd_t3_1qfxcsb,reddit_post,r/IndianStreetWear,2026-01-18,,Its comfy for Streetwalk. &#32; submitted by &#32; /u/kinky-Government [link] &#32; [comments],https://www.reddit.com/r/IndianStreetWear/comments/1qfxcsb/its_comfy_for_streetwalk/
myntra_33744413_0,myntra_reviews,kurtas,,4,"Nice product, very soft and comfortable",https://www.myntra.com/reviews/33744413
myntra_33744413_1,myntra_reviews,kurtas,,5,"Awesome quality, very comfortable",https://www.myntra.com/reviews/33744413
myntra_33744413_2,myntra_reviews,kurtas,,5,Every eyes looks your beauty 😍,https://www.myntra.com/reviews/33744413
myntra_33744413_3,myntra_reviews,kurtas,,4,Soft and pure cotton... comfortable to wear,https://www.myntra.com/reviews/33744413
myntra_33744413_4,myntra_reviews,kurtas,,5,The quality of article is best for Summers also the colour is nice moreover the design is really good,https://www.myntra.com/reviews/33744413
myntra_33744413_5,myntra_reviews,kurtas,,4,"Beautiful, breathable fabric,pure cotton , comfortable go for it",https://www.myntra.com/reviews/33744413
myntra_33744413_6,myntra_reviews,kurtas,,4,The product was very nice and the fabric aree awesome,https://www.myntra.com/reviews/33744413
myntra_33744413_7,myntra_reviews,kurtas,,4,My daughter loved it and worth of money,https://www.myntra.com/reviews/33744413
myntra_33744413_8,myntra_reviews,kurtas,,5,The Overall quality of the dress was awesome and the gazing colour,https://www.myntra.com/reviews/33744413
myntra_33744413_9,myntra_reviews,kurtas,,4,Very good feeting..nice febric,https://www.myntra.com/reviews/33744413
myntra_33744413_11,myntra_reviews,kurtas,,5,"Very good quality material, very nice product",https://www.myntra.com/reviews/33744413
myntra_33744413_12,myntra_reviews,kurtas,,5,"Beautiful kurta , fabric is soft and breathable.",https://www.myntra.com/reviews/33744413
myntra_33744413_13,myntra_reviews,kurtas,,5,The kurti was so nice and quality is also nice,https://www.myntra.com/reviews/33744413
myntra_33744413_14,myntra_reviews,kurtas,,3,loose n comfy for home-wear,https://www.myntra.com/reviews/33744413
myntra_33744413_15,myntra_reviews,kurtas,,5,My daughter like it. So comfortable and soft,https://www.myntra.com/reviews/33744413
myntra_33744413_16,myntra_reviews,kurtas,,5,Superb fitting...good material..like it,https://www.myntra.com/reviews/33744413
myntra_33744413_17,myntra_reviews,kurtas,,5,"Beautiful and very elegant piece, comfortable to wear for kids",https://www.myntra.com/reviews/33744413
myntra_33744413_18,myntra_reviews,kurtas,,5,It was best my cloth is soft,https://www.myntra.com/reviews/33744413
myntra_33744413_21,myntra_reviews,kurtas,,5,Very good product Premium feel & good comfort,https://www.myntra.com/reviews/33744413
myntra_41317701_0,myntra_reviews,kurtas,,4,Nice kurti it's very beautiful,https://www.myntra.com/reviews/41317701
myntra_31008041_0,myntra_reviews,kurtas,,5,"Love this vibrant pink dress with its unique white and blue geometric patterns! 🌸 The V-neck and long sleeves give it a chic, casual vibe perfect for warm days or relaxed gatherings. The lightweight fabric feels breathable and comfy - ideal for everyday wear or a laid-back outing. The ethnic/bohemian touch adds a stylish flair. Great find for anyone looking for a statement piece that's both comfy and trendy! 😊",https://www.myntra.com/reviews/31008041
myntra_31008041_1,myntra_reviews,kurtas,,5,"I’m really impressed with this kurta. The fabric feels comfortable and premium, making it perfect for long wear. The fitting is just right neither too loose nor too tight and gives a very neat look. The printed pattern stands out beautifully and adds a stylish, festive touch. Overall, it’s a great combination of comfort and design, and definitely a must-buy from my side.",https://www.myntra.com/reviews/31008041
myntra_31008041_2,myntra_reviews,kurtas,,3,"A great item but they have got the fitting wrong in many ways. The kirta fabric, quality, design all are quite nice but the fitting is very tight even for L which is disappointing. If I had gone for XL then maybe it would have been either good or too big. My suggestion is if you are a very thin male it'll fit you perfectly but L should be the starting size for 5'3 males. Don't choose smaller than this.",https://www.myntra.com/reviews/31008041
myntra_31008041_3,myntra_reviews,kurtas,,4,"Length and fitting is perfect, colour is not that much bright, good for ethnic wear for day family function, doesn't look good at night , material quality looks good, comfortable to wear.",https://www.myntra.com/reviews/31008041
myntra_31008041_4,myntra_reviews,kurtas,,5,Very Good Quality…. Pure cotton Cloth … Not pajama only Kurta …. Nice 🩷,https://www.myntra.com/reviews/31008041
myntra_31008041_5,myntra_reviews,kurtas,,4,"I recently ordered this kurta from myntra for my brother, and I am really happy with my purchase. The print is beautiful and looks exactly like the pictures shown online. The Fabric Quality is Excellent. I ordered a size 'M' and it fits perfectly, just as expected.",https://www.myntra.com/reviews/31008041
myntra_31008041_6,myntra_reviews,kurtas,,5,The fabric is really smooth and very nice. The quality of the fabric is really good. The cutting of the Kurta is just perfect and looks really good. Everything is really nice about the kurta and if you want something not common looking yet it's good then go for it.,https://www.myntra.com/reviews/31008041
myntra_31008041_7,myntra_reviews,kurtas,,5,I gifted this kurta to my partner and he really like the colour and print of this kurta.,https://www.myntra.com/reviews/31008041
myntra_31008041_8,myntra_reviews,kurtas,,4,"The material is pure cotton and hence comfortable. It is fine for mild winters as well as summer. The colour combination too goes very well. You can go for it for haldi functions and other ceremonies , even for other purposes.",https://www.myntra.com/reviews/31008041
myntra_31008041_9,myntra_reviews,kurtas,,4,"This kurta looks amazing. The colour, design, fabric everything is good. Fitting is not that great but okay.",https://www.myntra.com/reviews/31008041
myntra_31008041_10,myntra_reviews,kurtas,,5,"Purchased this for my boyfriend and it exceeded my expectations. Great quality, comfortable fabric, perfect fit, and the color is exactly as shown. Definitely worth buying❤️",https://www.myntra.com/reviews/31008041
myntra_31008041_11,myntra_reviews,kurtas,,5,This Kurta is very comfortable and looks good too. It can be worn in any season as it's fabric is really good. Also in such affordable price it is mus recommended.,https://www.myntra.com/reviews/31008041
myntra_31008041_12,myntra_reviews,kurtas,,5,First I ordered wrong size so I exchanged and got the best fitting kurta very good prints and was delivered one day before only👍🏻👍🏻,https://www.myntra.com/reviews/31008041
myntra_31008041_13,myntra_reviews,kurtas,,5,I ordered this for my hubby and he is super happy with the look and feel and it gives super comfort after wearing. Absolutely recommend this!,https://www.myntra.com/reviews/31008041
myntra_31008041_14,myntra_reviews,kurtas,,5,This kurta set is worth buying i got it for my FIL and he totally loved it quality is amazing and super comfy .. go for it,https://www.myntra.com/reviews/31008041
myntra_31008041_15,myntra_reviews,kurtas,,5,"Great product, value for money, quality of kurta is really nice just ordered a small size now will receive a XL size in 2 days",https://www.myntra.com/reviews/31008041
myntra_31008041_16,myntra_reviews,kurtas,,5,The quality is really good,https://www.myntra.com/reviews/31008041
myntra_31008041_17,myntra_reviews,kurtas,,5,"Wonderful fitting, just go for this, Abstract design and this is slim fit so if you wear 40 then go for 42 size.",https://www.myntra.com/reviews/31008041
myntra_31008041_18,myntra_reviews,kurtas,,5,The product is so good and the quality is excellent. The fit is also so good. You can buy this product for sure,https://www.myntra.com/reviews/31008041
myntra_31008041_19,myntra_reviews,kurtas,,5,"AT THIS PRICE OF RANGE , I BET YOU NOTHING IS BETTER THAN THIS , MARK MY WORDS THEN ORDERED BLINDLY",https://www.myntra.com/reviews/31008041
myntra_31008041_20,myntra_reviews,kurtas,,5,The geometric print looks modern yet traditional.Fabric feels highly comfortable on the skin,https://www.myntra.com/reviews/31008041
myntra_31008041_21,myntra_reviews,kurtas,,5,Awesome .just as shown in the picture. The fabric is nice and the fitting is perfect,https://www.myntra.com/reviews/31008041
myntra_31008041_22,myntra_reviews,kurtas,,3,Look wise a fabulous kurta set but cloth material is not for summer if comfort is not anyone's priority they can buy this without any hesitation.,https://www.myntra.com/reviews/31008041
myntra_31008041_23,myntra_reviews,kurtas,,5,Best ethnic wear in this range. I bought it for dandiya night and it was awesome,https://www.myntra.com/reviews/31008041
myntra_32597459_0,myntra_reviews,kurtas,,5,"The fabric quality is excellent and the material is soft, pure cotton, making it very comfortable for kids. My son absolutely loved wearing it. The fitting is perfect and looks exactly as shown in the pictures. The color and stitching are also very good. Overall, it's a great product and definitely worth buying. Highly recommended!",https://www.myntra.com/reviews/32597459
myntra_32597459_1,myntra_reviews,kurtas,,5,Loved the colour and it suits my Lil one a lot. Thanks Myntra for keeping the collection so relevant and amazing ! I always shop from Myntra only because of its collection of the options it provides. The variety is just commendable..,https://www.myntra.com/reviews/32597459
myntra_32597459_2,myntra_reviews,kurtas,,5,The quality of material is excellent and price is very reasonable as compared to price.Myntra Offers very good variety of garments for all ages and communities of people.I will recommend all online users if u prefer online purchase of garments then go for myntra without any second thought.,https://www.myntra.com/reviews/32597459
myntra_32597459_3,myntra_reviews,kurtas,,5,The fabric is so soft and the comfortable colour is also good.,https://www.myntra.com/reviews/32597459
myntra_32597459_4,myntra_reviews,kurtas,,5,Excellent quality! Fabric bahut soft aur comfortable hai. Fit perfect hai aur color bhi bilkul picture jaisa hai. Festival ke liye best choice. Highly recommended!,https://www.myntra.com/reviews/32597459
myntra_32597459_5,myntra_reviews,kurtas,,5,"The fabric quality was excellent, and the color precisely matched the depiction in the picture. 💯 Overall, the product met expectations satisfactorily. ✨",https://www.myntra.com/reviews/32597459
myntra_32597459_6,myntra_reviews,kurtas,,5,"Love the kurta. Beautiful bright colour. Soft comfortable cotton, size is perfect.",https://www.myntra.com/reviews/32597459
myntra_32597459_7,myntra_reviews,kurtas,,5,Super... can't imagine that type of quality at this price... definitely buy,https://www.myntra.com/reviews/32597459
myntra_32597459_8,myntra_reviews,kurtas,,5,The colour and fabric are too good. Very comfortable for kids,https://www.myntra.com/reviews/32597459
myntra_32597459_9,myntra_reviews,kurtas,,5,The fabric was very good and a must pick for your summer functions.,https://www.myntra.com/reviews/32597459
myntra_32597459_10,myntra_reviews,kurtas,,4,This cotton kurta looks so graceful and stylish.,https://www.myntra.com/reviews/32597459
myntra_32597459_11,myntra_reviews,kurtas,,4,Good kurta for boys. Can easily pair it up with pyjama or jeans. Material is very comfortable.,https://www.myntra.com/reviews/32597459
myntra_32597459_12,myntra_reviews,kurtas,,4,Very comfortable and yellow is the same as in the picture,https://www.myntra.com/reviews/32597459
myntra_32597459_13,myntra_reviews,kurtas,,4,Good product if bought in right size.,https://www.myntra.com/reviews/32597459
myntra_32597459_14,myntra_reviews,kurtas,,4,"Quality of fabric is nice, but the white lines in the image are actually thread work and they are coming out very easily.",https://www.myntra.com/reviews/32597459
myntra_32597459_15,myntra_reviews,kurtas,,5,"Nice, little bigger than expected but very beautiful colour, pattern",https://www.myntra.com/reviews/32597459
myntra_32597459_16,myntra_reviews,kurtas,,5,Very nice product quality and colour is very nice for summer,https://www.myntra.com/reviews/32597459
myntra_32597459_17,myntra_reviews,kurtas,,5,Its nice and comfortable. Colour is vibrant and fit is good too,https://www.myntra.com/reviews/32597459
myntra_33260910_0,myntra_reviews,kurtas,,5,"Perfect blend of style and comfort!I am absolutely in love with this kurta! The very first thing I noticed when taking it out of the package was just how incredibly soft the fabric feels. It is lightweight, breathable, and feels amazing against the skin, making it perfect for all-day wear, even in warmer weather.Aside from the comfort, it looks fantastic. The fit is highly flattering, and the design looks elegant and premium. You can easily dress it up with some accessories for a festive occasion or keep it casual for a simple day out. It strikes the perfect balance between traditional charm and modern style.It has washed well without losing its softness or color vibrancy. If you are looking for a kurta that feels as good as it looks, I highly recommend adding this one to your wardrobe!",https://www.myntra.com/reviews/33260910
myntra_33260910_1,myntra_reviews,kurtas,,5,"I recently purchased this red kurta from Vastramay on Myntra, and I’m genuinely impressed with the product. The viscose rayon material feels very delicate yet comfortable to wear, making it perfect for festive and casual occasions alike. The stitching quality is excellent, and the fit is absolutely perfect — I’m 5'10"" and wearing size L. The vibrant red colour adds a striking touch to the overall look. Overall, I’m very satisfied with the purchase and truly loved the product.",https://www.myntra.com/reviews/33260910
myntra_33260910_2,myntra_reviews,kurtas,,4,"Stylish and easy to carry, this men’s kurta has a rich design and smooth fabric, making it a smart pick for festive gatherings and casual outings. Not fades after 2 washes too..",https://www.myntra.com/reviews/33260910
myntra_33260910_3,myntra_reviews,kurtas,,5,"Really happy with this purchase! The kurta looks exactly like the pictures on Myntra. Fabric quality is very good—comfortable, breathable, and perfect for functions or festive wear. The color is vibrant and the print is well-finished. Fitting is true to size and gives a classy, traditional look. Wore it for an event and got lots of compliments. Totally worth the price. Highly recommended!",https://www.myntra.com/reviews/33260910
myntra_33260910_4,myntra_reviews,kurtas,,5,Perfect kurta for every festival and functions... Good quality and confertable product..❤️❤️,https://www.myntra.com/reviews/33260910
myntra_33260910_5,myntra_reviews,kurtas,,5,"This bandhani printed kurta is absolutely beautiful. The print looks so elegant and vibrant, and the fabric feels really soft and comfortable to wear all day. The fit is flattering, the detailing is gorgeous, and it gives such a classy traditional look without feeling too heavy. Got so many compliments wearing it!",https://www.myntra.com/reviews/33260910
myntra_33260910_6,myntra_reviews,kurtas,,5,Fabric was so good nd the fit was amazing! Size S,https://www.myntra.com/reviews/33260910
myntra_33260910_7,myntra_reviews,kurtas,,5,"Loved the Kurta. Good quality, perfect fitting.",https://www.myntra.com/reviews/33260910
myntra_33260910_8,myntra_reviews,kurtas,,5,The quality and dress as per image super 👌 👍. So try to Buy it and the dress has amazing look.,https://www.myntra.com/reviews/33260910
myntra_33260910_12,myntra_reviews,kurtas,,5,"Beautiful, soft and comfortable. Colour is also same . Size bought : M",https://www.myntra.com/reviews/33260910
myntra_33260910_13,myntra_reviews,kurtas,,5,It's super soft and comfortable and the bandhani print just pops out amazingly ❤️,https://www.myntra.com/reviews/33260910
myntra_33260910_14,myntra_reviews,kurtas,,5,"Loved this kurta! The fabric feels comfortable and breathable, the fit is true to size, and the overall quality is impressive for the price. The color and design look exactly as shown in the pictures. Perfect for both casual wear and festive occasions. Highly recommended!",https://www.myntra.com/reviews/33260910
myntra_33260910_15,myntra_reviews,kurtas,,5,"Obsessed with Myntra lately! ✨ The fit is always on point and the quality truly matches the vibe shown online. Trendy styles, comfortable fabrics, and hassle-free exchanges make shopping super easy. Definitely a fashion win for me! 🛍️💖best quality fabric",https://www.myntra.com/reviews/33260910
myntra_33260910_16,myntra_reviews,kurtas,,4,The kurta is good and comfortable to wear even for long days. The material is soft and the print is good. The only thing is you should wash it separately because it leaves colour.,https://www.myntra.com/reviews/33260910
myntra_33260910_17,myntra_reviews,kurtas,,5,"awesome quality ,very comfortable,one must should go for it . its awesome",https://www.myntra.com/reviews/33260910
myntra_33260910_18,myntra_reviews,kurtas,,5,Loved the Bandhani design and the quality of the fabric is good as well. Perfect for our Indian occasions.,https://www.myntra.com/reviews/33260910
myntra_33260910_19,myntra_reviews,kurtas,,5,Great fitting perfect color for navratri,https://www.myntra.com/reviews/33260910
myntra_33260910_20,myntra_reviews,kurtas,,4,Love the quality and design.,https://www.myntra.com/reviews/33260910
myntra_33260910_21,myntra_reviews,kurtas,,5,The stuff is good and the fitting is perfect 👍,https://www.myntra.com/reviews/33260910
myntra_33260910_22,myntra_reviews,kurtas,,5,"We bought these matching red Bandhani kurtas for a family celebration, and they were an absolute hit! The vibrant red color is stunning in person, and the traditional tie-dye print looks incredibly sharp and lively in family photographs.",https://www.myntra.com/reviews/33260910
myntra_33260910_23,myntra_reviews,kurtas,,5,"Amazing soft material, loved the fit 🫶",https://www.myntra.com/reviews/33260910
myntra_41317670_0,myntra_reviews,kurtas,,5,Excellent product.. Soft cloth..,https://www.myntra.com/reviews/41317670
myntra_23970174_0,myntra_reviews,kurtas,,5,I was little doubtful at the time of ordering for quality and design but but after receiving when I opened this parcel i became so happy to receive this beautiful orange kurta and most special thins this is more Beautiful than given pictures and quality is also so good after wearing my son is feeling so comfortable looking so elegant this myantra😊,https://www.myntra.com/reviews/23970174
myntra_23970174_1,myntra_reviews,kurtas,,5,"I bought this kurta for my 5–6-year-old boy, and it’s absolutely worth the price! The fabric is soft, comfortable, and perfect for a child’s sensitive skin. The stitching and design are neat, giving it a festive and stylish look. It fits perfectly and looks adorable when paired with pajama or jeans. The quality is impressive for such a reasonable price — a great buy for traditional occasions and family functions!",https://www.myntra.com/reviews/23970174
myntra_23970174_2,myntra_reviews,kurtas,,5,"Great Quality Cotton Kurta for Kids I loved the soft and breathable cotton fabric — perfect for a child’s sensitive skin. The stitching is neat, and the fit is comfortable without feeling tight. The colors look exactly as shown in the pictures and stay bright even after washing. Highly recommended for daily wear as well as festive occasions!",https://www.myntra.com/reviews/23970174
myntra_23970174_3,myntra_reviews,kurtas,,5,Nice kurta..no wear and tear even after wash.. the color is too good and it is 100% cotton..,https://www.myntra.com/reviews/23970174
myntra_23970174_4,myntra_reviews,kurtas,,4,Nice quality 👍 The fabric is pure cotton But some threads were coming out although the kurta is awesome While ordering I had a doubt but it's good 👌,https://www.myntra.com/reviews/23970174
myntra_23970174_5,myntra_reviews,kurtas,,4,Nice kurta like party etc well design diamond pattern take 1 no big after wash it get small size but best kurta in this orice,https://www.myntra.com/reviews/23970174
myntra_23970174_6,myntra_reviews,kurtas,,5,Very comfortable cotton kurta for kids. Colour does not bleed upon washing and the pajama is better than expected in comfort and quality.,https://www.myntra.com/reviews/23970174
myntra_23970174_7,myntra_reviews,kurtas,,4,I loved this kurta it's very cheap for buy but the quality of this kurta is excellent 👍🏻👍🏻,https://www.myntra.com/reviews/23970174
myntra_23970174_8,myntra_reviews,kurtas,,4,The material of the kurta is good. But while buying please consider buying a size or 2 bigger.,https://www.myntra.com/reviews/23970174
myntra_23970174_9,myntra_reviews,kurtas,,4,Fabric is a bit stiff. But good colour and looks smart. Received many compliments for it.,https://www.myntra.com/reviews/23970174
myntra_23970174_10,myntra_reviews,kurtas,,5,Good kurta but has way too much starch. Had washed it before 1 wear but still way to starchy.,https://www.myntra.com/reviews/23970174
myntra_23970174_11,myntra_reviews,kurtas,,5,Great quality and excellent service. Thanks a lot for your fast and superior service.,https://www.myntra.com/reviews/23970174
myntra_23970174_12,myntra_reviews,kurtas,,4,"The fabric feels nice, and the color is just like the picture shows.",https://www.myntra.com/reviews/23970174
myntra_23970174_13,myntra_reviews,kurtas,,5,Perfect fit. Quality and color are the same as in the picture. Pure cotton material,https://www.myntra.com/reviews/23970174
myntra_23970174_14,myntra_reviews,kurtas,,4,Very nice vibrant colour.My son loves it . Material is also good.,https://www.myntra.com/reviews/23970174
myntra_23970174_15,myntra_reviews,kurtas,,4,"It’s same in colour , size is perfect . Price is appropriate",https://www.myntra.com/reviews/23970174
myntra_23970174_16,myntra_reviews,kurtas,,5,Very nice material 👍🏻 fully satisfied but the length can be little long,https://www.myntra.com/reviews/23970174
myntra_23970174_17,myntra_reviews,kurtas,,5,Perfect size.. cloth quality is nice.. n looks good on my 11 Yr old..,https://www.myntra.com/reviews/23970174
myntra_23970174_18,myntra_reviews,kurtas,,5,"Beautiful kurta, vibrant colors and of good quality. Just perfect 🥰",https://www.myntra.com/reviews/23970174
myntra_23970174_19,myntra_reviews,kurtas,,4,It's nice cotton kurta for kiddi. Little expensive.,https://www.myntra.com/reviews/23970174
myntra_23970174_20,myntra_reviews,kurtas,,4,Colour & price is very good. Vibrant festive look.,https://www.myntra.com/reviews/23970174
myntra_23970174_22,myntra_reviews,kurtas,,4,"It's nice... fabric, fitting all is good",https://www.myntra.com/reviews/23970174
myntra_23970174_23,myntra_reviews,kurtas,,3,Good product Beautiful print and fabric Revised review - print came off after wash,https://www.myntra.com/reviews/23970174
myntra_32651082_0,myntra_reviews,dresses,,5,"I recently purchased this clothing piece from Myntra, and I must say I am genuinely impressed with the overall quality and finish. From the moment I opened the package, the product gave a premium feel. The packaging was neat and secure, ensuring that the item arrived without any wrinkles, stains, or damage. It was properly folded and sealed, which shows attention to detail from the brand. Talking about the fabric quality, it is excellent for the price range. The material feels soft on the skin and is very comfortable to wear for long hours. It is neither too thin nor too thick — just the right balance for daily wear as well as occasional outings. The stitching is strong and neatly done. There are no loose threads or uneven seams, which often become a problem in online purchases. The finishing around the collars, sleeves, and hems is precise and gives a polished look. The fit is accurate according to the size chart provided on Myntra. I ordered my usual size, and it fits perfectly.",https://www.myntra.com/reviews/32651082
myntra_32651082_2,myntra_reviews,dresses,,5,Beautiful dress...good material..my daughter loves it...:),https://www.myntra.com/reviews/32651082
myntra_32651082_3,myntra_reviews,dresses,,5,The dress is beautiful and very comfortable to wear. The fabric quality is good and feels soft on the skin. The fitting is perfect and looks elegant. Totally worth buying.,https://www.myntra.com/reviews/32651082
myntra_32651082_4,myntra_reviews,dresses,,3,Product quality is good design is good but the zip is not fitted properly,https://www.myntra.com/reviews/32651082
myntra_32651082_5,myntra_reviews,dresses,,4,"Fabric and design are very good, only the stitching quality is not too perfect",https://www.myntra.com/reviews/32651082
myntra_32651082_6,myntra_reviews,dresses,,1,Very cheap quality. I suggest u guys Do not buy this product.,https://www.myntra.com/reviews/32651082
myntra_32651082_7,myntra_reviews,dresses,,3,The color is not as bright as shown and the material was not to my liking,https://www.myntra.com/reviews/32651082
myntra_32651082_9,myntra_reviews,dresses,,5,"Nice dress , can be worn for casual functions.. Colour is exact as shown in the picture",https://www.myntra.com/reviews/32651082
myntra_32651082_10,myntra_reviews,dresses,,4,Nice fabric very comfortable,https://www.myntra.com/reviews/32651082
myntra_32651082_11,myntra_reviews,dresses,,4,Nice dress..liked it a lot,https://www.myntra.com/reviews/32651082
myntra_32651082_12,myntra_reviews,dresses,,4,Good one but size nit fit,https://www.myntra.com/reviews/32651082
myntra_32651082_13,myntra_reviews,dresses,,4,best fit and good wuality,https://www.myntra.com/reviews/32651082
myntra_32651082_14,myntra_reviews,dresses,,4,"My niece loved it , wonderful",https://www.myntra.com/reviews/32651082
myntra_32651082_16,myntra_reviews,dresses,,5,Nice product with good quality,https://www.myntra.com/reviews/32651082
myntra_32651082_17,myntra_reviews,dresses,,4,It's maroon color...good quality.worth for money,https://www.myntra.com/reviews/32651082
myntra_32651082_18,myntra_reviews,dresses,,3,It was not of good quality and the cloth seemed to be to light,https://www.myntra.com/reviews/32651082
myntra_32651082_19,myntra_reviews,dresses,,5,Good product i gifted it to my sister she loves it,https://www.myntra.com/reviews/32651082
myntra_32651082_20,myntra_reviews,dresses,,5,One piece set it gives rich look,https://www.myntra.com/reviews/32651082
myntra_32651082_21,myntra_reviews,dresses,,5,Fabric is good but the fit is not like it,https://www.myntra.com/reviews/32651082
myntra_32651082_23,myntra_reviews,dresses,,5,"Very pretty dress,loved it 😍",https://www.myntra.com/reviews/32651082
myntra_40441978_0,myntra_reviews,dresses,,5,Material is really good and very comfortable.,https://www.myntra.com/reviews/40441978
myntra_40441978_1,myntra_reviews,dresses,,4,Good but for one wash color is fading. Otherwise the quality is good,https://www.myntra.com/reviews/40441978
myntra_40441978_2,myntra_reviews,dresses,,5,Such a comfortable and lovely dress. Must buy for pregnancy.,https://www.myntra.com/reviews/40441978
myntra_40441978_3,myntra_reviews,dresses,,5,Very comfortable for maternity wear,https://www.myntra.com/reviews/40441978
myntra_40441978_5,myntra_reviews,dresses,,2,"The material is pretty thin. Color bleed for each and every one of these maternity kaftan style dresses is insane. I purchased 4, there wasn't a single dress which didn't have any color bleed while washing. I would suggest checking out some other brand.",https://www.myntra.com/reviews/40441978
myntra_32639113_0,myntra_reviews,dresses,,5,"absolutely love this Pink Onion dress by Sangria! The color is beautiful, the fabric feels comfortable, and the fit is just perfect. The quality is excellent for the price, and the dress looks exactly as shown in the pictures. It’s stylish, elegant, and suitable for both casual outings and special occasions. I’ve received several compliments while wearing it. Highly recommended!",https://www.myntra.com/reviews/32639113
myntra_32639113_1,myntra_reviews,dresses,,5,Veryyy goood quality! Fits as smooth as butter! Loved it! The material is not uncomfortable! It's soft! Colour is as same as shown in the picture!,https://www.myntra.com/reviews/32639113
myntra_32639113_2,myntra_reviews,dresses,,4,This dress is very nice and I buy for my daughter for bharatnatyam dance.,https://www.myntra.com/reviews/32639113
myntra_32639113_3,myntra_reviews,dresses,,3,"The product, quality and fabric is good but I have ordered maroon colour and got deep purple colour..not able to exchange as it's for some festive purpose and got it exact before the program..first time disappointed by myntra",https://www.myntra.com/reviews/32639113
myntra_32639113_4,myntra_reviews,dresses,,5,This dress is so beautiful you must buy this for girls,https://www.myntra.com/reviews/32639113
myntra_32639113_5,myntra_reviews,dresses,,5,Very good quality go for it,https://www.myntra.com/reviews/32639113
myntra_32639113_7,myntra_reviews,dresses,,5,"Very nice product — excellent quality, super comfortable, and perfect fit. Totally worth it! 👍💯",https://www.myntra.com/reviews/32639113
myntra_32639113_8,myntra_reviews,dresses,,5,Wow. My daughter liked this dress and ahe is happy with it. Super comfortable nice color,https://www.myntra.com/reviews/32639113
myntra_32639113_9,myntra_reviews,dresses,,5,Best dress my sister loved it,https://www.myntra.com/reviews/32639113
myntra_32639113_10,myntra_reviews,dresses,,5,100% good product. Its really worthy more than expectations,https://www.myntra.com/reviews/32639113
myntra_32639113_11,myntra_reviews,dresses,,5,"Beautiful black dress for my niece, very soft fabric must buy dress",https://www.myntra.com/reviews/32639113
myntra_32639113_12,myntra_reviews,dresses,,4,Everything looks perfect size and fitting is top-notch,https://www.myntra.com/reviews/32639113
myntra_32639113_13,myntra_reviews,dresses,,5,It's good as shown n description given,https://www.myntra.com/reviews/32639113
myntra_32639113_14,myntra_reviews,dresses,,5,cloth material is very good...nice partywear dress,https://www.myntra.com/reviews/32639113
myntra_32639113_15,myntra_reviews,dresses,,4,Look like as shown in the picture,https://www.myntra.com/reviews/32639113
myntra_32639113_16,myntra_reviews,dresses,,5,Amazing quality and beautiful colour and fit is also great,https://www.myntra.com/reviews/32639113
myntra_32639113_17,myntra_reviews,dresses,,5,Black outfit for any occasion and very comfortable,https://www.myntra.com/reviews/32639113
myntra_32639113_18,myntra_reviews,dresses,,4,Very nice kurta set for kids! Elegant,https://www.myntra.com/reviews/32639113
myntra_32639113_19,myntra_reviews,dresses,,4,Nice my daughter loved dress.,https://www.myntra.com/reviews/32639113
myntra_34159649_0,myntra_reviews,dresses,,4,The fit is bit off than the chart. Order a size larger than what yours is. Quality is no doubt good. Material is also very nice. Its true to colour. I feel its bit weird in the shoulder. Could have been better for the price.,https://www.myntra.com/reviews/34159649
myntra_34159649_1,myntra_reviews,dresses,,5,"I recently bought this red dress from Myntra and I’m honestly impressed. The fabric feels comfortable and breathable, perfect for evening outings or casual parties. The fit is flattering and true to size, and the color looks exactly the same as shown in the pictures—no dullness or mismatch.😍😍😍",https://www.myntra.com/reviews/34159649
myntra_34159649_2,myntra_reviews,dresses,,5,"Absolutely loved this dress! The red colour is so beautiful and looks even better when worn. The off-shoulder style gives it a really elegant and attractive look, while the above-knee length makes it perfect for a party or a night out. The fit was flattering and comfortable, and I received so many compliments wearing it. Definitely one of my favourite party dresses from Myntra! ❤️",https://www.myntra.com/reviews/34159649
myntra_34159649_3,myntra_reviews,dresses,,4,beautiful red dress...got many compliments ❤️❤️,https://www.myntra.com/reviews/34159649
myntra_34159649_4,myntra_reviews,dresses,,5,"Perfect fit. All girls should have that one red dress and this is it. Gives a killer look to any party u wear. The colour is very elegant. Gives classy look. Can be styled with golden accessories and ready to slay any party like office party, Christmas, new year party etc",https://www.myntra.com/reviews/34159649
myntra_34159649_5,myntra_reviews,dresses,,5,"beautiful dress, very classy and very comfortable",https://www.myntra.com/reviews/34159649
myntra_34159649_7,myntra_reviews,dresses,,5,"A very amazing dress! Love the fit, the colour, the material everything! 😍😍",https://www.myntra.com/reviews/34159649
myntra_34159649_8,myntra_reviews,dresses,,4,Wow dress go for it. Must buy,https://www.myntra.com/reviews/34159649
myntra_34159649_9,myntra_reviews,dresses,,5,I really like this red color dress. Size and fit is good. Material and quality is nice. Comfortable to wear.,https://www.myntra.com/reviews/34159649
myntra_34159649_10,myntra_reviews,dresses,,4,This is nice and elegant dress.... Very good red vibe but there is only one problem... It goes sideways need to adjust again and again to keep it in same place,https://www.myntra.com/reviews/34159649
myntra_34159649_11,myntra_reviews,dresses,,4,The dress was really nice only the issue was with the size it was but tight so I had to return it. I’m definitely getting one size bigger.,https://www.myntra.com/reviews/34159649
myntra_34159649_12,myntra_reviews,dresses,,5,This dress is so so beautiful especially the colour of this dress. I loved it. The figure looks so good in this dress the fabric is classy and royal,https://www.myntra.com/reviews/34159649
myntra_34159649_13,myntra_reviews,dresses,,5,Gifted this dress and she was so happy.perfect fitting with very smooth breathable cloth.Perfect red colour .Happy purchasing,https://www.myntra.com/reviews/34159649
myntra_34159649_14,myntra_reviews,dresses,,5,"The Dress is absolutely stunning, just like the pictures, I bought it for my bday eve and it absolutely didn't disappoint",https://www.myntra.com/reviews/34159649
myntra_34159649_15,myntra_reviews,dresses,,5,Go for it girls.... follow the size chart ♥️♥️♥️,https://www.myntra.com/reviews/34159649
myntra_34159649_16,myntra_reviews,dresses,,5,Just love the dress ❤️ its so pretty and the quality is so good in this price grab it without a second thought,https://www.myntra.com/reviews/34159649
myntra_34159649_17,myntra_reviews,dresses,,5,What a beautiful dress 👗 It's totally worth it. Trendyol is always an option for pretty dresses,https://www.myntra.com/reviews/34159649
myntra_34159649_18,myntra_reviews,dresses,,5,The dress is really nice. Fabric feels comfortable and the fitting is perfect. Looks exactly like the picture. Happy with the purchase!,https://www.myntra.com/reviews/34159649
myntra_34159649_19,myntra_reviews,dresses,,5,Gorgeous fitting. Sits right on your body and the cloth quality is worth the price 💯,https://www.myntra.com/reviews/34159649
myntra_34159649_20,myntra_reviews,dresses,,5,Good quality and for one time use best for office parties for formal parties must buy,https://www.myntra.com/reviews/34159649
myntra_34159649_21,myntra_reviews,dresses,,5,Looked absolutely amazing! 😍 The fabric feels comfortable and breathable.,https://www.myntra.com/reviews/34159649
myntra_30250790_0,myntra_reviews,dresses,,5,"This was my first time shopping on Myntra, and I couldn’t be happier! The entire process was smooth and hassle-free. I received all my products on time, and they are of excellent quality, just as described. Time-saving: Shopping online saved me so much time. Value for Money: The products were worth every penny! Quality: The best part is that the products matched the description perfectly and are of great quality. I will definitely be shopping on Myntra again. Highly recommended for anyone looking for quality and convenience!",https://www.myntra.com/reviews/30250790
myntra_30250790_1,myntra_reviews,dresses,,5,Dress is awesome... I bought it for my daughter's Birthday.. She is very happy after wearing this beautiful Dress.. Fabric is good . 🤩☺,https://www.myntra.com/reviews/30250790
myntra_30250790_2,myntra_reviews,dresses,,3,"The product is ok only .. if you are thinking the patten below is a lace or printed then it’s not ,. It’s actually a different cloth which has been sticked on top of it .. plus it’s not so shining as it’s their in actual picture..",https://www.myntra.com/reviews/30250790
myntra_30250790_3,myntra_reviews,dresses,,5,It's a beautiful dress...i purchased this for my daughter and she lived a lot.. the fabric and the design are of supreme quality. U can also carry a contrasting dupatta with it .it also enhances the overall look.Go for it guys..without a second thought..it's worth it..!,https://www.myntra.com/reviews/30250790
myntra_30250790_5,myntra_reviews,dresses,,5,Such a beautiful kurta! Amazing quality and looked stunning on my daughter!,https://www.myntra.com/reviews/30250790
myntra_30250790_6,myntra_reviews,dresses,,4,Love the product..cloth wise good..,https://www.myntra.com/reviews/30250790
myntra_30250790_7,myntra_reviews,dresses,,5,beautiful design n so comfortable,https://www.myntra.com/reviews/30250790
myntra_30250790_8,myntra_reviews,dresses,,4,"Product Quality is descent, but it should have some embroidery work , it looks little empty. But loved the product. Can be wore in function.",https://www.myntra.com/reviews/30250790
myntra_30250790_9,myntra_reviews,dresses,,5,Awesome myntra is best for online shoping no doubt,https://www.myntra.com/reviews/30250790
myntra_30250790_10,myntra_reviews,dresses,,5,Beautiful dress...elegant style....worth to the price,https://www.myntra.com/reviews/30250790
myntra_30250790_11,myntra_reviews,dresses,,5,I am very happy the dress is very nice😊😘,https://www.myntra.com/reviews/30250790
myntra_30250790_12,myntra_reviews,dresses,,4,The product was good but I expected another colour but cloth and design wise it goog,https://www.myntra.com/reviews/30250790
myntra_30250790_14,myntra_reviews,dresses,,4,"Quality of product is nice, received as like in the pic, I m happy with the service",https://www.myntra.com/reviews/30250790
myntra_30250790_15,myntra_reviews,dresses,,5,It was a very good product with perfect quality and fabric.,https://www.myntra.com/reviews/30250790
myntra_30250790_17,myntra_reviews,dresses,,5,"perfect fit, soft/durable fabric, and accurate, stylish designs that match product photos",https://www.myntra.com/reviews/30250790
myntra_30250790_18,myntra_reviews,dresses,,5,The material is good. It is exactly as shown in the picture. Go for it!!!!,https://www.myntra.com/reviews/30250790
myntra_30250790_19,myntra_reviews,dresses,,4,My niece just loves it.. have the perfect fit!!,https://www.myntra.com/reviews/30250790
myntra_30250790_20,myntra_reviews,dresses,,3,poor fabric.. just after a month it has got a lot of bobbles and the colour looks faded,https://www.myntra.com/reviews/30250790
myntra_30250790_21,myntra_reviews,dresses,,5,The quality and design is amazing very comfortable fabric excellent product,https://www.myntra.com/reviews/30250790
myntra_30250790_22,myntra_reviews,dresses,,5,Nice and rich material. Looks very nice.my daughter love this dress.,https://www.myntra.com/reviews/30250790
myntra_31067543_0,myntra_reviews,dresses,,5,"The dress is beautiful and will flatter anyone who wears it. It was full length for me and I am 5'2"". Has a nice flow and ""gher"". The neck can be adjusted and you can wear it modestly or as a deep neck. I wore it with a black cami inside and that looked good too. Figuring the size might be a bit confusing. If you wear it true to your size, then tying up the neck will be an issue. Basically if the bust is slightly loose, you can adjust the neck as per your comfort level. As there will be extra fabric to spare, it will become a nice ruched pattern in the front. But if it's true size, you can't adjust the neck too much and probably have to stick with the deep neck style. If that's your preference, go for your true size but if you want to have more options, go one size up. If you wear it too loose then it looks like a hospital gown (my sister said that to me when I ordered an oversized one). I tried M, XL and L and settled with L.",https://www.myntra.com/reviews/31067543
myntra_31067543_1,myntra_reviews,dresses,,5,"The dress is beautiful and will flatter anyone who wears it. It was full length for me and I am 5'2"". nice flow and ""gher"". The neck can be adjusted and you can wear it modestly or as a deep neck. I wore it with a black cami inside and that looked good too😍 Figuring the size might be a bit confusing. If you wear it true to your size, then tying up the neck will be an issue. Basically if the bust is slightly loose, you can adjust the neck as per your comfort level. As there will be extra fabric to spare, it will become a nice ruched pattern in the front. But if it's true size, you can't adjust the neck too much and probably have to stick with the deep neck style. If that's your preference, go for your true size but if you want to have more options, go one size up.",https://www.myntra.com/reviews/31067543
myntra_31067543_2,myntra_reviews,dresses,,5,"Absolutely in Love with This Dress! 💖 This dress exceeded every expectation I had. The moment I wore it, I felt elegant, confident, and beautiful. The vibrant pink color is absolutely breathtaking—it instantly brightens your mood and makes you stand out in the most graceful way. It's the perfect balance of femininity, sophistication, and glamour. The fabric is soft, lightweight, and incredibly comfortable to wear for long hours. The fit is flattering and flows beautifully, making every movement feel effortless. I especially loved how the silhouette enhances the overall look without compromising comfort. Whether you're attending a party, a special celebration, a photoshoot, a vacation, or simply want to feel your absolute best, this dress is a perfect choice. The quality is outstanding for the price. The stitching is neat, the finishing is premium, and every little detail has been thoughtfully designed. I received so many compliments the first time I wore it—everyone wanted to know where I got it!",https://www.myntra.com/reviews/31067543
myntra_31067543_3,myntra_reviews,dresses,,5,"The Anayna Women’s Checked Cotton Fit & Flare Maxi Dress shown in the image is a lovely example of a dress that combines a feminine silhouette, comfortable-looking fabric, and an effortlessly stylish design. At first glance, the dress immediately stands out because of its vibrant pink colour, flowing maxi length, puffed sleeves, gathered detailing, and relaxed fit-and-flare shape. It has the kind of appearance that can work equally well for casual outings, daytime gatherings, vacations, brunches, small celebrations, or even a simple day when you want to dress up without looking overly formal. Based on the product image, this dress has a distinctly feminine and youthful aesthetic. The bright pink shade gives it a cheerful and energetic appearance, while the long, flowing skirt balances the volume of the sleeves and creates an elegant overall silhouette. The dress does not appear excessively fitted, which makes it look Comfortable and easy.",https://www.myntra.com/reviews/31067543
myntra_31067543_4,myntra_reviews,dresses,,5,"Stay stylish and comfortable in this **beautiful pink non-revealing dress**, perfect for any occasion. Designed with a **modest fit**, this dress offers a graceful look while ensuring you feel confident and at ease. **Features:** ✔ **Soft, breathable fabric** for all-day comfort ✔ **Floaty silhouette** with a relaxed yet flattering fit ✔ **Subtle detailing** for a touch of sophistication ✔ **Versatile design** – ideal for casual outings, work, or special events ✔ **Pink hue** that complements all skin tones. **Why You’ll Love It:** → Perfect for those who prefer **modest yet trendy fashion** → Easy to pair with **accessories or layering pieces** → **Machine washable** for hassle-free maintenance.",https://www.myntra.com/reviews/31067543
myntra_31067543_5,myntra_reviews,dresses,,5,"Absolutely Loved This Pink Cotton Maxi Dress! This pink cotton maxi dress is everything I was looking for—comfortable, graceful, and effortlessly stylish. The fabric is soft, breathable, and perfect for Indian weather, making it ideal for all-day wear. The fit is flattering and falls beautifully, giving a flowy and elegant look without feeling heavy. The color is a fresh, soothing pink that looks even better in real life and suits all skin tones. What I loved the most is how versatile this dress is—you can wear it casually during the day, style it with juttis for a festive touch, or pair it with heels and accessories for a classy evening look.",https://www.myntra.com/reviews/31067543
myntra_31067543_6,myntra_reviews,dresses,,5,"Beautiful dress 💗 I ordered this pink checked cotton fit and flare maxi dress in size M. The fitting was really अच्छा and it gave a very nice flowy look. Fabric is pure cotton, so it feels light and comfortable—perfect for daily wear or summer outings. The color looks exactly like the pictures and the overall design is very pretty. Overall, it’s a great quality dress and definitely worth buying if you’re looking for something comfortable and stylish.",https://www.myntra.com/reviews/31067543
myntra_31067543_7,myntra_reviews,dresses,,5,"I’m really happy with this purchase. The fabric quality is excellent and feels soft, comfortable, and premium. The material is lightweight yet durable, making it perfect for everyday wear. The color is exactly the same as shown in the pictures, with no difference at all. The print looks beautiful and gives the outfit a stylish and elegant look. The stitching and finishing are neat, with great attention to detail. It fits really well and feels very comfortable throughout the day. Considering the price, the quality is truly impressive and definitely worth the money. I’m completely satisfied with this purchase and would highly recommend it to anyone looking for a good-quality outfit.",https://www.myntra.com/reviews/31067543
myntra_31067543_8,myntra_reviews,dresses,,5,This dress is absolutely gorgeous that gives you a dream girl moment. This dress is perfect for summer and very comfy. The color is very bright and absolutely go for it.,https://www.myntra.com/reviews/31067543
myntra_31067543_9,myntra_reviews,dresses,,5,"Good dress and very comfortable to wear this dress. Very nice product. I am absolutely thrilled with this online kurti purchase; the fabric is soft and breathable, the fit is true to size, and it looks exactly like the picture. Super comfortable and stylish, this cotton kurti is perfect for daily office wear and great value for money. The design is beautiful, but the material is slightly thin, so I would suggest wearing a slip underneath. Lovely kurta, perfect fit, and very nice soft material.",https://www.myntra.com/reviews/31067543
myntra_31067543_10,myntra_reviews,dresses,,5,"Beautiful dress and color... has a good amount of flare.. the neck is adjustable, so you can keep it deep depending on your comfort... the fit and length was perfect for me (I am 5'). Very comfortable dress... you can easily move around throughout the day without any discomfort. Loved it.",https://www.myntra.com/reviews/31067543
myntra_31067543_11,myntra_reviews,dresses,,5,What a beautiful pink color flare maxi dress. Color of the dress is very pretty. Design of the neck is really nice. Fabric is soft and comfortable. I really like the fit of the dress. I am wearing size L.,https://www.myntra.com/reviews/31067543
myntra_31067543_12,myntra_reviews,dresses,,5,"Just awesome dress so beautiful and so comfortable to wear. Great quality of cloth(pure cotton), color all just as shown in the picture of the website. The flare of the dress is so much that's looks more pretty and feminine. Length also perfect.",https://www.myntra.com/reviews/31067543
myntra_31067543_13,myntra_reviews,dresses,,5,"recently bought this checked flare frock and I’m really happy with the purchase. The fabric is soft and breathable, making it very comfortable for all-day wear. The stitching and finishing are neat, giving it a nice look. The checked pattern is stylish and the flare adds a feminine touch. It’s perfect for casual outings as well as small gatherings. Overall, a very trendy and comfortable dress at a good price. lovely colour 👌❤️😘",https://www.myntra.com/reviews/31067543
myntra_31067543_14,myntra_reviews,dresses,,5,"The dress is beautiful, lightweight, and very comfortable. The fabric feels soft, and the fit is flowy and perfect for everyday wear. The print looks exactly like the pictures. My only concern is that the neckline is a bit too deep for my preference, so I had to wear an inner top. If the neck were slightly higher, it would be perfect. Overall, it's a lovely dress and worth buying!",https://www.myntra.com/reviews/31067543
myntra_35052044_0,myntra_reviews,dresses,,5,"Absolutely loved this salwar! The fabric is soft, breathable, and very comfortable for all-day wear. The fit is perfect and true to size, offering ease of movement. The stitching and finishing are neat, and the quality feels premium. It pairs beautifully with different kurtas, making it a versatile addition to any ethnic wardrobe. Worth the price—highly recommended!",https://www.myntra.com/reviews/35052044
myntra_35052044_1,myntra_reviews,dresses,,5,"Beautiful yellow and pink sharara dress! The colors are bright and exactly as shown, and the outfit looks very elegant. Fabric feels comfortable and the overall look is perfect for festive occasions. Loved it! ⭐️",https://www.myntra.com/reviews/35052044
myntra_35052044_2,myntra_reviews,dresses,,5,Very beautiful outfit 😍❤️,https://www.myntra.com/reviews/35052044
myntra_35052044_3,myntra_reviews,dresses,,4,"The dress looks beautiful and fits well, but the fabric is a bit thin. Overall, it’s a good purchase.",https://www.myntra.com/reviews/35052044
myntra_35052044_5,myntra_reviews,dresses,,5,"Vgood quality , fabric is also good , fit wise perfect , totally worth it product",https://www.myntra.com/reviews/35052044
myntra_35052044_6,myntra_reviews,dresses,,5,Nice dress . Fabric is so good loved it,https://www.myntra.com/reviews/35052044
myntra_35052044_7,myntra_reviews,dresses,,4,Very beautiful dress my daughter is very happy,https://www.myntra.com/reviews/35052044
myntra_35052044_8,myntra_reviews,dresses,,5,Love this dress My daughter looks so pretty in this outfit,https://www.myntra.com/reviews/35052044
myntra_35052044_9,myntra_reviews,dresses,,4,Very beautiful nd comfortable👌🤗,https://www.myntra.com/reviews/35052044
myntra_35052044_10,myntra_reviews,dresses,,4,Very nice my daughter like it😊,https://www.myntra.com/reviews/35052044
myntra_35052044_11,myntra_reviews,dresses,,5,It is a very nice dress. Its really worth the money,https://www.myntra.com/reviews/35052044
myntra_35052044_12,myntra_reviews,dresses,,5,This is outstanding product at this price range,https://www.myntra.com/reviews/35052044
myntra_35052044_14,myntra_reviews,dresses,,5,I am happy with dress and I love it,https://www.myntra.com/reviews/35052044
myntra_35052044_15,myntra_reviews,dresses,,5,Very pretty. My daughter love it.,https://www.myntra.com/reviews/35052044
myntra_35052044_16,myntra_reviews,dresses,,5,It’s beautiful. Loved it !!,https://www.myntra.com/reviews/35052044
myntra_35052044_17,myntra_reviews,dresses,,5,Very good Quality Product ..,https://www.myntra.com/reviews/35052044
myntra_35052044_18,myntra_reviews,dresses,,5,Great product. Looks amazing,https://www.myntra.com/reviews/35052044
myntra_35052044_19,myntra_reviews,dresses,,5,Neice loved it. Perfect fit,https://www.myntra.com/reviews/35052044
myntra_35052044_21,myntra_reviews,dresses,,5,Good quality... Go for it,https://www.myntra.com/reviews/35052044
myntra_31897979_0,myntra_reviews,tshirts,,5,"Amazing fit, looks same as image, highly recommended.",https://www.myntra.com/reviews/31897979
myntra_31897979_1,myntra_reviews,tshirts,,5,Nice but the orange strip poke your back because of the sewing bit quality is good,https://www.myntra.com/reviews/31897979
myntra_31897979_2,myntra_reviews,tshirts,,5,The product quality was good ultimate good product,https://www.myntra.com/reviews/31897979
myntra_31897979_3,myntra_reviews,tshirts,,4,Very comfortable and stylish t-shirt,https://www.myntra.com/reviews/31897979
myntra_31897979_4,myntra_reviews,tshirts,,5,High quality tshirt for a quality workout❤️,https://www.myntra.com/reviews/31897979
myntra_31897979_5,myntra_reviews,tshirts,,5,Very good and comfortable 😍 good gym wear,https://www.myntra.com/reviews/31897979
myntra_31897979_6,myntra_reviews,tshirts,,5,Soft quality good for workout,https://www.myntra.com/reviews/31897979
myntra_31897979_8,myntra_reviews,tshirts,,3,The quality was good. But slightly itching due to stitching of different piece in back,https://www.myntra.com/reviews/31897979
myntra_31897979_9,myntra_reviews,tshirts,,5,The best Quality .. go for it !!,https://www.myntra.com/reviews/31897979
myntra_34745080_0,myntra_reviews,tshirts,,5,Looks Gud .material is good.,https://www.myntra.com/reviews/34745080
myntra_40734128_0,myntra_reviews,tshirts,,5,The material is soft and fit is good .,https://www.myntra.com/reviews/40734128
myntra_36735931_0,myntra_reviews,tshirts,,4,"Material is good, colour and look is also good but the sleeves are too big from underarm side",https://www.myntra.com/reviews/36735931
myntra_19190500_0,myntra_reviews,tshirts,,5,"The Damensch Raw Edge Round Neck T-shirt offers a truly pleasant wearing experience. Reviewers consistently praise its comfortable feel, often highlighting the use of premium materials like Supima cotton that contribute to an ultra-soft touch. It's noted for its nicely fitted silhouette, which often adapts well to the body while still allowing for breathability. The smooth fabric is a definite highlight, contributing to the overall comfort and making it ideal for both casual wear and layering. Many appreciate that it maintains its shape and softness even after multiple washes, making it a durable and reliable choice.",https://www.myntra.com/reviews/19190500
myntra_19190500_1,myntra_reviews,tshirts,,5,"I bought this T-shirt in two colors, including green, and I'm very happy with the purchase. The fit is excellent, and it's incredibly comfortable to wear throughout the day, whether you're at home or heading out. The price is on the higher side compared to many other T-shirts available, but the quality justifies the cost. The fabric feels premium, the colors stay vibrant without fading, and the neckline holds its shape well instead of becoming loose or stretched over time. One thing to keep in mind is that the fabric is very soft and delicate, so it's best not to pull or stretch it excessively. With normal, regular use, however, it performs wonderfully and remains comfortable. Overall, a quality T-shirt that's worth the price.",https://www.myntra.com/reviews/19190500
myntra_19190500_2,myntra_reviews,tshirts,,5,"The DaMENSCH green Fluid Tee is highly praised for its exceptional comfort and soft, ""body-adaptive"" fabric. Made with a premium cotton-lycra blend, it offers a lightweight and seamless fit that's ideal for everyday wear. A standout feature is the ""High-IQ® No Fade Colours"" technology, ensuring the vibrant shades retain their look even after many washes. While some might find the price slightly higher than average, its durability and consistently positive reviews for comfort and quality make it a worthwhile investment for those seeking a premium basic tee.",https://www.myntra.com/reviews/19190500
myntra_19190500_3,myntra_reviews,tshirts,,4,"The DaMENSCH Fluid Tee is highly praised for its exceptional comfort and soft, ""body-adaptive"" fabric. Made with a premium cotton-lycra blend, it offers a lightweight and seamless fit that's ideal for everyday wear. A standout feature is the ""High-IQ® No Fade Colours"" technology, ensuring the vibrant shades retain their look even after many washes. While some might find the price slightly higher than average, its durability and consistently positive reviews for comfort and quality make it a worthwhile investment for those seeking a premium basic tee.",https://www.myntra.com/reviews/19190500
myntra_19190500_4,myntra_reviews,tshirts,,5,I'm here for you guys..who is searching for review with picture 😁... Fabric is so good.. Colour is perfect as shown in picture..Cloth quality is superb..go for it....Hope it will helpful for you..thank you guys 🙏☺️,https://www.myntra.com/reviews/19190500
myntra_19190500_5,myntra_reviews,tshirts,,5,The quality of the fabric of this t shirt is superb. The raw edge neck is the best style and knitted cotton is super comfortable to wear. 100% genuine cotton material and fitting is awesome. Best t shirt for daily use and casual wear. You can pair this beautiful looking purple colour t shirt with shorts and jeans for a casual look.,https://www.myntra.com/reviews/19190500
myntra_19190500_6,myntra_reviews,tshirts,,5,"I'm not returning or replacing it even when offered (but thanks for suggesting, Myntra 😁). They're my all time favorites. I've got multiple items in the entire range of colors for the fear that it might be discontinued after some time as everything else does. Call it FOMO or whatever but I'm an ardent fan.",https://www.myntra.com/reviews/19190500
myntra_19190500_7,myntra_reviews,tshirts,,5,"The DaMENSCH T-shirt feels very premium and comfortable on the skin. The fabric is soft, breathable, and perfect for all-day wear. The fit is true to size and looks great for both casual outings and daily use. Stitching quality is solid, and it doesn’t lose shape after washing. Totally worth the price.",https://www.myntra.com/reviews/19190500
myntra_19190500_8,myntra_reviews,tshirts,,5,"It feels soft and comfortable against the skin while also being breathable. The stitching is strong and durable, ensuring it can withstand multiple washes and remain long-lasting. Overall, it's a high-quality piece of clothing worth investing in, as it will last for years.",https://www.myntra.com/reviews/19190500
myntra_19190500_9,myntra_reviews,tshirts,,5,"Really happy with this T-shirt—the fit is spot on and feels just right. The fabric is good, breathable, and perfect for everyday wear. It keeps its shape well and looks great even after hours of use. Simple, comfortable, and definitely worth adding to the wardrobe.",https://www.myntra.com/reviews/19190500
myntra_19190500_10,myntra_reviews,tshirts,,5,"Very good quality, looking 👌",https://www.myntra.com/reviews/19190500
myntra_19190500_11,myntra_reviews,tshirts,,5,You’ll are making quality stuff. Only grouse I have is - can you reduce polyester & increase cotton in your clothes?. The elastane/spandex is a real good addition- it produces good stretch and gives the T shirt a good feel.,https://www.myntra.com/reviews/19190500
myntra_19190500_12,myntra_reviews,tshirts,,5,"Wore it with different lowers , amazing 🫶❤️",https://www.myntra.com/reviews/19190500
myntra_19190500_13,myntra_reviews,tshirts,,5,"Loved this T-shirt! The fabric is super soft, breathable, and very comfortable to wear all day. The fitting is perfect and looks great after wearing. The quality is excellent for the price. Definitely worth buying and highly recommended!",https://www.myntra.com/reviews/19190500
myntra_19190500_14,myntra_reviews,tshirts,,4,Like the colour of the t-shirt and the material too. It's light and stretchable. It fits nicely on the body. Hoping that it doesn't stretch after a couple of washes. If not it's a great product.,https://www.myntra.com/reviews/19190500
myntra_19190500_15,myntra_reviews,tshirts,,5,Really wonderful to be a part of Damensch family...superb quality and fabric and it's really amazing you guys gives a guarantee of fabric and colour. Have already recommended to many of my friends.,https://www.myntra.com/reviews/19190500
myntra_19190500_16,myntra_reviews,tshirts,,4,It was a great product and felt so comfy while wearing it and the colour is very pretty and beautiful and same as the model wearing it. Would love to buy again the brand “Damensch”.,https://www.myntra.com/reviews/19190500
myntra_19190500_17,myntra_reviews,tshirts,,5,As usual Damensch delivers high quality fabric and this is my 4-5 T-shirts. I always like the quality of fabric used and fit and finish makes me go for it again and again..,https://www.myntra.com/reviews/19190500
myntra_19190500_18,myntra_reviews,tshirts,,5,"The product is very nice, the colour is unusual and nice, most of all.. it’s the comfort of that well-worn T-shirt, which you never want to let go of. This is my first time with this brand, but I am sure not the last.",https://www.myntra.com/reviews/19190500
myntra_19190500_19,myntra_reviews,tshirts,,5,The t shirt color is as shown in the image. It doesn't fade or lose shape after washing. The fitting is nice and cloth material is comfortable and smooth. It is good for every day use and workout activities.,https://www.myntra.com/reviews/19190500
myntra_19190500_21,myntra_reviews,tshirts,,4,This condition is just after one wash without wearing. Its look like very old t shirt. Stitching is very bad very very bad. No one believe that it's new t shirt. Totally waste of money,https://www.myntra.com/reviews/19190500
myntra_19190500_22,myntra_reviews,tshirts,,4,"The material is breathable and has a nice stretch, making it a perfect choice for warm weather. However, it’s a bit too thin to provide enough warmth during the colder months.",https://www.myntra.com/reviews/19190500
myntra_19190500_23,myntra_reviews,tshirts,,5,The fabric is very comfortable. This is my 2nd t-shirt from DAMENSCH. Many more to come.,https://www.myntra.com/reviews/19190500
myntra_31354071_0,myntra_reviews,tshirts,,5,"Soft and comfortable fabric, perfect for daily wear!",https://www.myntra.com/reviews/31354071
myntra_31354071_1,myntra_reviews,tshirts,,5,Loved the fit and feel of this Van Heusen T-shirt!,https://www.myntra.com/reviews/31354071
myntra_31354071_2,myntra_reviews,tshirts,,5,Nice quality and very comfortable to wear.,https://www.myntra.com/reviews/31354071
myntra_31354071_3,myntra_reviews,tshirts,,5,"Simple, stylish, and super comfy!",https://www.myntra.com/reviews/31354071
myntra_31354071_4,myntra_reviews,tshirts,,5,Great fabric and relaxed fit — totally worth it!,https://www.myntra.com/reviews/31354071
myntra_31354071_5,myntra_reviews,tshirts,,5,"Excellent quality T-shirt! The Van Heusen fabric feels soft, breathable, and comfortable for all-day wear. The fit is true to size, and the stitching and finish are premium. The color looks exactly as shown in the pictures and hasn't faded after washing. Great value for money and perfect for both casual outings and everyday use. Highly recommended!",https://www.myntra.com/reviews/31354071
myntra_31354071_6,myntra_reviews,tshirts,,5,"This lounge tee is incredibly soft. The cotton fabric feels high-quality and breathable, making it perfect for sleeping or just hanging out at home. The relaxed fit is comfortable without looking sloppy, and it holds its shape well even after a few washes. It’s a great basic if you’re looking for something simple but well-made.",https://www.myntra.com/reviews/31354071
myntra_31354071_8,myntra_reviews,tshirts,,5,Beautiful t shirt. I just love it.,https://www.myntra.com/reviews/31354071
myntra_31354071_9,myntra_reviews,tshirts,,5,I use it as a gym outfit. It’s a cotton T-shirt—breathable and comfortable.,https://www.myntra.com/reviews/31354071
myntra_31354071_11,myntra_reviews,tshirts,,3,"The tshirt is good and comfortable. However avoid light colors like light pink or white or light blue, yellow because bra can be seen properly through the fabric - it is on thinner side.",https://www.myntra.com/reviews/31354071
myntra_31354071_12,myntra_reviews,tshirts,,5,"I bought this T-shirt as base for my printed Tshirt, the T-shirt is so soft and comfortable and is a perfect fit.",https://www.myntra.com/reviews/31354071
myntra_31354071_13,myntra_reviews,tshirts,,5,Smooth cotton t shirt 👚 just loved it van Heusen is the best choice I have purchased many cloth from van heusen all are the best affordable and quality is top notche 🫰🏾,https://www.myntra.com/reviews/31354071
myntra_31354071_14,myntra_reviews,tshirts,,4,Soft & breathable cotton. Comfortable relax fit. Classy black color. Trusted brand quality.,https://www.myntra.com/reviews/31354071
myntra_31354071_15,myntra_reviews,tshirts,,5,Very comfortable n perfect fitting,https://www.myntra.com/reviews/31354071
myntra_31354071_16,myntra_reviews,tshirts,,5,"The fabric is decent, soft and comfortable but little thin fabric. Don't buy in light colors as it can be a little see through. Black and navy blue is good to buy.",https://www.myntra.com/reviews/31354071
myntra_31354071_17,myntra_reviews,tshirts,,5,Fabric is perfect as shown in pic by Myntra and overall experience of dealing with Myntra is perfect,https://www.myntra.com/reviews/31354071
myntra_31354071_18,myntra_reviews,tshirts,,5,"T shirt is very good, comfortable and breathable in hot summer, color and Size are accurate as shown in pictures. I love it. ❤️",https://www.myntra.com/reviews/31354071
myntra_31354071_19,myntra_reviews,tshirts,,5,Tshirt is comfortable and quality is very good,https://www.myntra.com/reviews/31354071
myntra_31354071_20,myntra_reviews,tshirts,,5,The fabric is breathable...i loveeed the fabric...going to buy all the colours of this tshirt....so so comfortable t-shirt,https://www.myntra.com/reviews/31354071
myntra_31354071_21,myntra_reviews,tshirts,,5,"Nice T-shirt with good fabric quality. The fitting is comfortable, and the stitching is neat. Overall, a good purchase.",https://www.myntra.com/reviews/31354071
myntra_31354071_22,myntra_reviews,tshirts,,4,"Febric is good for daily wear , comfortable",https://www.myntra.com/reviews/31354071
myntra_31354071_23,myntra_reviews,tshirts,,5,Perfect fit. Its just the logo on sleeve is in golden colour that looks quite odd but overall nice.,https://www.myntra.com/reviews/31354071
myntra_31354071_24,myntra_reviews,tshirts,,5,The material of the product is very soft and durable. It is very comfortable to wear in summers.,https://www.myntra.com/reviews/31354071
myntra_31354071_25,myntra_reviews,tshirts,,5,"Very comfortable ,material is also good.",https://www.myntra.com/reviews/31354071
myntra_26812384_0,myntra_reviews,jeans,,5,"I'm genuinely impressed with these Mast & Harbour Straight Fit Jeans. The beige color is exactly what I was looking for—it’s a sophisticated, neutral tone that moves beyond standard blue or black, instantly elevating any casual outfit. They pair beautifully with everything from dark navy tees to light pastel shirts. The fit is exceptional. The ""Straight Fit"" label delivers comfort and style; they are roomy enough through the thigh and leg for all-day movement but maintain a sharp, clean silhouette that looks far more premium than the price suggests. The denim material is sturdy and feels built to last, yet it's soft and doesn't require a long breaking-in period. For anyone looking to introduce a versatile, high-quality, and incredibly well-fitting pair of non-traditional denim into their wardrobe, this is the one. These jeans are a clear winner for comfort, quality, and style!",https://www.myntra.com/reviews/26812384
myntra_26812384_1,myntra_reviews,jeans,,5,"Writing this review after one year of purchase. Color: It still has the same grey shade as shown in the pictures, and the color hasn’t faded even after multiple washes. Quality: The fabric feels comfortable and easy to wear throughout the day. Fit: These days straight-fit jeans are more popular than skinny or slim fits, and if you’re looking for a budget-friendly straight-fit option, you can definitely go for this. It pairs well with sneakers and gives a nice aesthetic look. Overall jeans: 10/10. I loved it !!!",https://www.myntra.com/reviews/26812384
myntra_26812384_2,myntra_reviews,jeans,,4,This is Amazing Pant with perfect fit ❤ Loved the quality.,https://www.myntra.com/reviews/26812384
myntra_26812384_3,myntra_reviews,jeans,,5,Jeans quality and fitting is excellent. I am happy to get this. Every one should buy this wonderful jeans at this low price range.,https://www.myntra.com/reviews/26812384
myntra_26812384_4,myntra_reviews,jeans,,5,The price is the best jeans I have ever purchased and the quality is very good of this jean I like the product and recommend it to anyone who wants this type of colour jeans.,https://www.myntra.com/reviews/26812384
myntra_26812384_5,myntra_reviews,jeans,,5,"It's amazing product, light weight, fabric is good and jeans shown as image exeactly, thank you very much myntra.",https://www.myntra.com/reviews/26812384
myntra_26812384_6,myntra_reviews,jeans,,5,It's nice quality jeans..,https://www.myntra.com/reviews/26812384
myntra_26812384_8,myntra_reviews,jeans,,5,Product is good febric also good little bit hight is short otherwise awesome product.,https://www.myntra.com/reviews/26812384
myntra_26812384_9,myntra_reviews,jeans,,4,Nice fitting and material good 💯💯 Colour soooo nice 💋💋💋 Thank myntra 💋💋💋,https://www.myntra.com/reviews/26812384
myntra_26812384_10,myntra_reviews,jeans,,5,Great Quality. Fitting is good. I have been using it regularly.,https://www.myntra.com/reviews/26812384
myntra_26812384_11,myntra_reviews,jeans,,5,"Awesome Quality Must buy for guys who are 5'5""-5'6"".",https://www.myntra.com/reviews/26812384
myntra_26812384_12,myntra_reviews,jeans,,4,Comfortable to wear and quality as expected.,https://www.myntra.com/reviews/26812384
myntra_26812384_13,myntra_reviews,jeans,,4,Fitting and quality both are very good. Nice product.,https://www.myntra.com/reviews/26812384
myntra_26812384_14,myntra_reviews,jeans,,5,Size issues fabric excellent.,https://www.myntra.com/reviews/26812384
myntra_26812384_15,myntra_reviews,jeans,,5,Just go for it you will regret if you skip.,https://www.myntra.com/reviews/26812384
myntra_26812384_16,myntra_reviews,jeans,,4,Nice fit but shades early.,https://www.myntra.com/reviews/26812384
myntra_26812384_17,myntra_reviews,jeans,,5,Best jeans in the budget.,https://www.myntra.com/reviews/26812384
myntra_26812384_18,myntra_reviews,jeans,,5,This jeans in pure cotton and very good.,https://www.myntra.com/reviews/26812384
myntra_26812384_19,myntra_reviews,jeans,,5,Verry good and comfortable.,https://www.myntra.com/reviews/26812384
myntra_26812384_20,myntra_reviews,jeans,,5,very comfirtable. lovely fit.,https://www.myntra.com/reviews/26812384
myntra_26812384_21,myntra_reviews,jeans,,3,Loose according to size n quality issues.,https://www.myntra.com/reviews/26812384
myntra_26812384_22,myntra_reviews,jeans,,5,The Product fit is Amazing.,https://www.myntra.com/reviews/26812384
myntra_26812384_23,myntra_reviews,jeans,,2,In this price this jeans worth it.,https://www.myntra.com/reviews/26812384
myntra_33321716_0,myntra_reviews,jeans,,5,"I’m really impressed with these Nautica Mid-Rise Stretch Jeans in Blue. The fit is comfortable and flattering, sitting perfectly at the waist without feeling too tight or too loose. The stretch fabric adds flexibility, making them great for all-day wear, whether for work, travel, or casual outings. The denim feels durable yet soft, and the blue wash gives a clean, stylish look that pairs easily with T-shirts, shirts, or jackets. The stitching and overall construction reflect Nautica’s premium quality standards. What I like most is that the jeans maintain their shape even after extended wear and multiple washes. Overall, these jeans offer an excellent balance of comfort, style, and value. I would definitely recommend them to anyone looking for a versatile pair of mid-rise stretch jeans.",https://www.myntra.com/reviews/33321716
myntra_33321716_1,myntra_reviews,jeans,,5,"Nautica has always been known for its premium quality and clean, classic styles, and these jeans are no exception. The straight fit with FlexEdge stretch makes them super comfortable for daily wear, whether it’s a busy workday or a relaxed weekend. The design is simple yet smart, perfect for the Indian lifestyle. The fabric feels strong and breathable, ideal for our weather. Pairs well with everything from t-shirts to casual shirts and even kurtas. At ₹1,349, it’s honestly a steal for a brand like Nautica. Really happy with the purchase!",https://www.myntra.com/reviews/33321716
myntra_33321716_2,myntra_reviews,jeans,,5,"Absolutely happy with these Nautica regular-fit jeans. The fit is exactly what I was looking for: comfortable, relaxed without being too loose, and with just the right amount of room for everyday wear. The fabric feels good quality and the overall finish looks premium. The colour is versatile and goes well with both T-shirts and casual shirts. Most importantly, they are genuinely comfortable to wear for long hours. I had been looking for a proper regular fit, and these turned out to be exactly what I wanted. Great fit, good quality, stylish design, and worth the price. Definitely recommended!",https://www.myntra.com/reviews/33321716
myntra_33321716_3,myntra_reviews,jeans,,4,"I'm really happy with this purchase. The sizing is spot on (true to size), and the denim material is surprisingly soft and lightweight, making it perfect for regular wear. The color is also a perfect match to the product images. Definitely worth the buy!",https://www.myntra.com/reviews/33321716
myntra_33321716_4,myntra_reviews,jeans,,5,"A Good Jeans to have in your wardrobe. Nice comfortable dark in colour. The material is good and soft. Nautica is quite popular brand and it's products are on the high end. This jeans is somewhat baggy type, not relax fit but baggy fit. I brought size 36 and the thigh area measures around 11 inches and bottom measures 10 inches. So that should give you a rough idea. It won't be well suited for someone with athletic body type. But well it differs from person to person. All together a good product.",https://www.myntra.com/reviews/33321716
myntra_33321716_5,myntra_reviews,jeans,,5,"I’ve been using this for a while now and I’m genuinely impressed. The quality feels really good and it works smoothly without any issues. It gives a nice, satisfying experience every time I use it. Over time, I’ve noticed consistent results, which makes it even more reliable. It also feels well-made and thoughtfully designed. Overall, it lives up to expectations and delivers great performance. Definitely something I’d recommend to others.",https://www.myntra.com/reviews/33321716
myntra_33321716_6,myntra_reviews,jeans,,4,"Good denim pant though slightly longer than expected. Being a Nautica branded jean I expected that the stitching and threadwork would be exemplary but what we get with these jeans is what we pay for. These denims are maybe made specifically for the Indian market to remain competitive in pricing, do not expect the quality you get in the USA of the same brand to reflect in India for the price its going for during the sale.",https://www.myntra.com/reviews/33321716
myntra_33321716_7,myntra_reviews,jeans,,5,"These Nautica jeans are exceptional, crafted from high-quality materials that not only enhance durability but also provide a luxurious feel. The fit is incredibly comfortable, making them a perfect choice for all-day wear. With their stylish design, they effortlessly combine fashion and functionality, making them a staple in any wardrobe.",https://www.myntra.com/reviews/33321716
myntra_33321716_8,myntra_reviews,jeans,,5,"These Nautica jeans are super comfortable and perfect for everyday wear. The stretchable fabric allows easy movement, and the relaxed fit makes them ideal for long hours. The quality feels premium, though the fit might be slightly loose for those who prefer a slim style. Overall, a great casual option.",https://www.myntra.com/reviews/33321716
myntra_33321716_9,myntra_reviews,jeans,,4,"Great pair of jeans with a comfortable relaxed fit. The stretch material makes movement easy, and the denim quality feels durable. Perfect for casual outings and daily wear. The only slight improvement could be a bit more color retention after washes, but overall a very good purchase.",https://www.myntra.com/reviews/33321716
myntra_33321716_10,myntra_reviews,jeans,,5,Excellent product with a lightweight denim which is desirable for the tropical climate. Comfort stretch and clean look makes this pair of jeans look dressy and elegant. Recommended product.,https://www.myntra.com/reviews/33321716
myntra_33321716_11,myntra_reviews,jeans,,5,To be honest at this price point the jeans is amazing. I didn’t expect it to be so good. The color is same which is in the image. Great product at this price point.,https://www.myntra.com/reviews/33321716
myntra_33321716_12,myntra_reviews,jeans,,5,Nice fitting quality very good,https://www.myntra.com/reviews/33321716
myntra_33321716_14,myntra_reviews,jeans,,5,I bought Nautica jeans for my husband n he likes it...Nautica is a trusted brand fitting n comfort is nice.... thanks Myntra for such a nice platform for purchase,https://www.myntra.com/reviews/33321716
myntra_33321716_15,myntra_reviews,jeans,,4,"I ordered 5 different brands and with every brand, I had some discomfort in fitting. This one was the 6th and it's amazing fit and super soft material.",https://www.myntra.com/reviews/33321716
myntra_33321716_16,myntra_reviews,jeans,,5,Product is very nice and fabric is soft total review nice product,https://www.myntra.com/reviews/33321716
myntra_33321716_17,myntra_reviews,jeans,,5,The fitting of jeans is very good and I washed it many times and till now it was in very good condition and I loved it,https://www.myntra.com/reviews/33321716
myntra_33321716_18,myntra_reviews,jeans,,4,Sizing was spot on! I ordered my usual waist size and it fit perfectly without needing any alterations.,https://www.myntra.com/reviews/33321716
myntra_33321716_19,myntra_reviews,jeans,,5,Great fabric of jeans and absolutely fantastic colour my fav better quality than Levi's,https://www.myntra.com/reviews/33321716
myntra_33321716_20,myntra_reviews,jeans,,4,"Stylish, comfy, and perfect for any outing. Nautica nailed it with the fabric & colour!",https://www.myntra.com/reviews/33321716
myntra_33321716_21,myntra_reviews,jeans,,5,"VERY GOOD MATERIAL AND NICE FITTING. ORIGINAL PRODUCT, GO FOR IT",https://www.myntra.com/reviews/33321716
myntra_33321716_22,myntra_reviews,jeans,,5,Nice product received as images. Good quality of fabric also. Thank you Myntra. Value for money.,https://www.myntra.com/reviews/33321716
myntra_33321716_23,myntra_reviews,jeans,,5,Product with huge discount ⬇️ Quality 💯 Longitivity may be up to 1-2 years,https://www.myntra.com/reviews/33321716
myntra_32840424_0,myntra_reviews,jeans,,5,This is soft quality and according to price this is to much good 😊👍🏼 8 am so happy to see 🙈,https://www.myntra.com/reviews/32840424
myntra_32840424_1,myntra_reviews,jeans,,4,Perfect love it size es also perfect but disappoint with delivery 2 days delay,https://www.myntra.com/reviews/32840424
myntra_32840424_2,myntra_reviews,jeans,,5,These jeans are very soft and beautiful. And very comfortable. The size fits perfectly and the packaging was very nice. This is why myntra app is the best app for shopping. You can buy it without worrying so much.,https://www.myntra.com/reviews/32840424
myntra_32840424_3,myntra_reviews,jeans,,5,"This is a very good jeans, you can buy it without any problem, as per the price, this is a very good quality jeans, the color also does not fade from it.",https://www.myntra.com/reviews/32840424
myntra_32840424_4,myntra_reviews,jeans,,5,"Excellent quality jeans! The fabric is soft, comfortable, and feels premium. The fit is perfect, and the design looks stylish. Highly Recommended.",https://www.myntra.com/reviews/32840424
myntra_32840424_6,myntra_reviews,jeans,,5,"Fabric was so soft, perfect for my kids, and I just love the color just like the picture",https://www.myntra.com/reviews/32840424
myntra_32840424_8,myntra_reviews,jeans,,5,"I bought it for my younger brother, and I can say the fitting and quality was amazing.",https://www.myntra.com/reviews/32840424
myntra_32840424_11,myntra_reviews,jeans,,5,Nice product i like its cloth and variety in resonable price,https://www.myntra.com/reviews/32840424
myntra_32840424_12,myntra_reviews,jeans,,5,Perfect dizine fabric and price also,https://www.myntra.com/reviews/32840424
myntra_32840424_13,myntra_reviews,jeans,,5,Very beautiful jeans nice quality good fabric must buy,https://www.myntra.com/reviews/32840424
myntra_32840424_14,myntra_reviews,jeans,,5,Little big from length but all over awesome,https://www.myntra.com/reviews/32840424
myntra_32840424_15,myntra_reviews,jeans,,5,Mere bete ko bhoot pasand aai good 💯😊,https://www.myntra.com/reviews/32840424
myntra_32840424_16,myntra_reviews,jeans,,5,The quality is very good. Very comfortable,https://www.myntra.com/reviews/32840424
myntra_32840424_17,myntra_reviews,jeans,,3,But only issue is of size rest the product is a thumps up do try size smaller,https://www.myntra.com/reviews/32840424
myntra_32840424_18,myntra_reviews,jeans,,5,Very soft jeans fabric...I luv it...,https://www.myntra.com/reviews/32840424
myntra_32840424_19,myntra_reviews,jeans,,5,this is nice jogger i really like it.,https://www.myntra.com/reviews/32840424
myntra_32840424_20,myntra_reviews,jeans,,4,V comfortable good looking colour,https://www.myntra.com/reviews/32840424
myntra_32840424_21,myntra_reviews,jeans,,5,Nice pants love the colour and fit,https://www.myntra.com/reviews/32840424
myntra_32840424_22,myntra_reviews,jeans,,5,Very good 😊 product try this,https://www.myntra.com/reviews/32840424
myntra_32840424_23,myntra_reviews,jeans,,4,Bahut achchha hai this prize,https://www.myntra.com/reviews/32840424
myntra_36719954_0,myntra_reviews,jeans,,5,"Cute and stylish baby boy jeans 👖💙. The fabric is soft, comfortable, and perfect for daily wear. Fit is really good with enough stretch for easy movement. Quality of stitching is impressive and the color looks exactly like the pictures. My baby looked super adorable wearing them 🥰 Worth buying and definitely recommended for parents looking for comfy yet fashionable jeans for their little one!",https://www.myntra.com/reviews/36719954
myntra_36719954_1,myntra_reviews,jeans,,5,"The original brand, received the color that I wanted, very comfortable, correct fit, nice experience",https://www.myntra.com/reviews/36719954
myntra_36719954_2,myntra_reviews,jeans,,5,"Soft and comfortable fabric. True to size, color and quality. Adjustable waist. Length is long.",https://www.myntra.com/reviews/36719954
myntra_36719954_3,myntra_reviews,jeans,,5,Super comfortable jean and stretchable. quality is 💯. After wash no colour change.,https://www.myntra.com/reviews/36719954
myntra_36719954_4,myntra_reviews,jeans,,5,"Urbano jeans offer great value by mixing trendy streetwear styles with comfortable fabrics at an affordable price. Their rigid cotton fits look structured, while their stretch variants provide easy movement for daily wear. They feature excellent visual washes, making them a durable and stylish choice for budget-friendly casual fashion.",https://www.myntra.com/reviews/36719954
myntra_36719954_5,myntra_reviews,jeans,,5,This jean is amazing and quality is very nice I didn't felt like I wasted my money.,https://www.myntra.com/reviews/36719954
myntra_36719954_7,myntra_reviews,jeans,,5,Comfortable and stretchable.,https://www.myntra.com/reviews/36719954
myntra_36719954_8,myntra_reviews,jeans,,4,Good product but cloth quality in 6/10 and over all good.,https://www.myntra.com/reviews/36719954
myntra_36719954_9,myntra_reviews,jeans,,5,Superb quality and comfort design. My kid feel very comfortable. Fitting is perfect. Jeans quality is very good. Stitches are fine. Recommended to all.,https://www.myntra.com/reviews/36719954
myntra_36719954_10,myntra_reviews,jeans,,5,Jeans material quality is top notch. Fitting size is also accurate. It is comfortable as well as stylish. I loved the colour contrast of jeans. 🤩,https://www.myntra.com/reviews/36719954
myntra_36719954_11,myntra_reviews,jeans,,5,Wow...! Beautiful...fabric and look wise the way I have imagined... perfect..and jeans have an adjustable elastic so that no need to use a belt.👍🏼,https://www.myntra.com/reviews/36719954
myntra_36719954_12,myntra_reviews,jeans,,5,Jeans ka fabric kaafi comfortable hai aur fitting bhi perfect hai. Daily wear ke liye best option hai. Color bhi exactly same hai as shown. Totally worth it!,https://www.myntra.com/reviews/36719954
myntra_36719954_13,myntra_reviews,jeans,,5,In this jean my boy looking so smart..... My boy loved this because its so comfortable and loose fit.... He wears comfortable for long time 🥰🥰.,https://www.myntra.com/reviews/36719954
myntra_36719954_14,myntra_reviews,jeans,,5,"👍👍supper as shown in image, must buy.",https://www.myntra.com/reviews/36719954
myntra_36719954_15,myntra_reviews,jeans,,5,"😊 This pant is really good, the color is also great, it's exactly like the one shown in the picture, and my son really liked it and it fits him perfectly.",https://www.myntra.com/reviews/36719954
myntra_36719954_16,myntra_reviews,jeans,,4,"Very nice jeans... liked the colour, fit n look...It's comfortable to wear n has a stretch...Go for it👍.",https://www.myntra.com/reviews/36719954
myntra_36719954_17,myntra_reviews,jeans,,5,"Awesome jeans made from premium fabric, fitting is very comfortable and perfect.",https://www.myntra.com/reviews/36719954
myntra_36719954_18,myntra_reviews,jeans,,3,This pant looking asthistic and so this is not looking like a baggy pant and is it look like straight fit jeans but is justify there price this value for money.,https://www.myntra.com/reviews/36719954
myntra_36719954_19,myntra_reviews,jeans,,4,This was the correct fit and the colour was the same as what was shown. The delivery was quick as well.,https://www.myntra.com/reviews/36719954
myntra_36719954_20,myntra_reviews,jeans,,5,"The quality of the pants is even better than I thought, no matter how much you praise it, it is less.🤩",https://www.myntra.com/reviews/36719954
myntra_36719954_21,myntra_reviews,jeans,,5,Best product. The fitting is really nice. And the colour just wowwww.,https://www.myntra.com/reviews/36719954
myntra_33865225_0,myntra_reviews,jeans,,5,"These jeans are incredibly comfortable and fit perfectly from the waist to the ankles. The fabric feels strong and durable, yet soft enough for all-day wear. I love how versatile they are—they work well for both casual outings and slightly dressed-up looks. The stitching is neat and gives the jeans a high-quality appearance. After several washes, the color still looks rich and fresh. The fit is flattering and gives a modern, stylish silhouette. The material has just the right amount of stretch for easy movement. The pockets are deep and practical, which is always a plus. These jeans pair effortlessly with t-shirts, shirts, or jackets. They maintain their shape even after wearing them for long hours. The waistband sits comfortably without feeling too tight. I appreciate the attention to detail in the design and finishing. The denim quality feels premium and long-lasting. They are perfect for everyday wear as well as weekend",https://www.myntra.com/reviews/33865225
myntra_33865225_1,myntra_reviews,jeans,,5,"The Bene Kleed Men Blue Light Wash Baggy Fit Mid-Rise Jeans are a great choice if you like a relaxed and trendy look. The light wash gives them a stylish, casual vibe that works well for everyday wear. The baggy fit is comfortable and allows easy movement, making them perfect for long hours or casual outings. The mid-rise design sits well on the waist and provides a balanced fit. The fabric feels durable yet soft, so it’s comfortable without compromising quality. These jeans pair easily with T-shirts, hoodies, or sneakers for a cool street-style outfit. Overall, they offer good style, comfort, and value for money—especially if you prefer loose-fitting jeans over slim styles.",https://www.myntra.com/reviews/33865225
myntra_33865225_2,myntra_reviews,jeans,,5,"⭐⭐⭐⭐⭐Absolutely Outstanding Jeans! This is hands down one of the best pairs of jeans I've ever owned. The quality is truly premium, with soft yet durable fabric that feels incredibly comfortable all day long. The loose fit is perfect—it gives a stylish, relaxed look without compromising on comfort. The stitching, finish, and overall craftsmanship are exceptional, making it look and feel far more expensive than it actually is. It pairs effortlessly with any outfit and is ideal for both casual outings and everyday wear. If you're looking for a perfect combination of comfort, style, and top-notch quality, this jeans is an absolute must-buy. Highly recommended!",https://www.myntra.com/reviews/33865225
myntra_33865225_3,myntra_reviews,jeans,,2,"I am sharing my genuine opinion about this product. I purchased these jeans from Myntra. However, when the product was delivered and I touched the fabric, the quality felt quite cheap and disappointing. The material does not feel durable, and it seems like the color may fade after just a few washes. Additionally, the product looks slightly different in terms of quality compared to the images shown on the product page. The overall fabric quality is not what I expected, even for this price. Because of this, I am not very satisfied with the product.",https://www.myntra.com/reviews/33865225
myntra_33865225_4,myntra_reviews,jeans,,5,"If you are moving away from restrictive fits and want a pair of jeans that offers a bold, relaxed statement, these are excellent. They prioritize the classic denim feel and a roomy silhouette over modern stretch-tech. They are best suited for casual outings, creative work environments, or anyone looking to add a ""skater"" or ""retro"" edge to their wardrobe.",https://www.myntra.com/reviews/33865225
myntra_33865225_5,myntra_reviews,jeans,,5,"Absolutely love these jeans! The light blue wash looks clean and trendy, and the baggy fit is perfect for a modern streetwear style. The denim feels soft, comfortable, and durable enough for everyday wear. The fit is true to size with enough room to move comfortably, and it pairs well with oversized T-shirts, hoodies, or casual shirts. The stitching and overall finish are excellent, making it look much more premium than its price. Great quality, stylish design, and excellent value for money. Highly recommended!",https://www.myntra.com/reviews/33865225
myntra_33865225_6,myntra_reviews,jeans,,5,"⭐⭐⭐⭐⭐ Excellent Baggy Jeans – Stylish & Comfortable! Absolutely loved these jeans! The light blue wash gives a trendy and modern look, while the baggy fit is super comfortable and perfect for everyday wear. The denim quality feels premium, with strong stitching and a soft fabric that doesn’t feel heavy. The fit is exactly as expected and pairs well with oversized tees, shirts, and sneakers. The color is the same as shown in the pictures, making it a great value-for-money purchase.",https://www.myntra.com/reviews/33865225
myntra_33865225_7,myntra_reviews,jeans,,5,"These Bene Kleed baggy jeans are exceptional! The light blue stone-wash is vibrant and looks very premium. I love the 100% cotton fabric; it is breathable, durable, and feels soft against the skin. The baggy fit is perfectly relaxed and modern, providing great comfort for all-day wear. Highly recommended!",https://www.myntra.com/reviews/33865225
myntra_33865225_8,myntra_reviews,jeans,,5,Quality mast hai 😍 Fit bhi kaafi comfortable aur trendy hai. Light wash color casual outfits ke saath perfect lagta hai. Price ke hisaab se value for money jeans 👌,https://www.myntra.com/reviews/33865225
myntra_33865225_9,myntra_reviews,jeans,,5,I’m very happy with this purchase. The me well and gives a cool baggy look. Looks great with both T-shirts and shirts.material is premium and feels durable. Size is exactly as mentioned in the chart. Fits.good choice,https://www.myntra.com/reviews/33865225
myntra_33865225_10,myntra_reviews,jeans,,5,"These jeans exceeded my expectations. The fit is comfortable without feeling too loose, and the fabric has just the right amount of stretch for all-day wear. The stitching and quality feel premium, especially for the price. They pair well with both casual and semi-formal outfits, and even after multiple washes, the color and shape stay intact. Definitely one of the best jeans I’ve owned — stylish, durable, and worth every penny",https://www.myntra.com/reviews/33865225
myntra_33865225_11,myntra_reviews,jeans,,5,"These are the best fitting jeans in my entire wardrobe! The fabric is incredibly soft but retains its structure perfectly all day. They are good shape. The color is rich, and the stitching is top-notch. Highly recommend",https://www.myntra.com/reviews/33865225
myntra_33865225_12,myntra_reviews,jeans,,5,"Loved the quality! The jeans fit perfectly, the fabric feels premium, and the color is exactly as shown on Myntra. Great value for money.",https://www.myntra.com/reviews/33865225
myntra_33865225_13,myntra_reviews,jeans,,5,"I really liked this jeans. The fit is relaxed and very comfortable, and it looks great when worn. The fabric feels soft and good quality, not too heavy, so it’s easy to wear for long hours. The color matches the pictures, and it goes well with casual shirts and t-shirts. The stitching and overall finish are neat. Overall, I’m happy with this purchase. Good value for money and a nice everyday jeans.",https://www.myntra.com/reviews/33865225
myntra_33865225_14,myntra_reviews,jeans,,5,"The fabric feels sturdy and comfortable, with a good amount of breathability. The stitching is clean with no loose threads, and the denim has a nice weight neither too thick nor flimsy. The fit is genuinely baggy without looking sloppy, and it falls well on sneakers. Color is true to the photos. Only downside: the waist runs slightly larger than expected, so sizing down might work for slimmer builds.",https://www.myntra.com/reviews/33865225
myntra_33865225_15,myntra_reviews,jeans,,5,"Absolutely loved these sky blue baggy jeans! 💙 The fit is perfect and gives a trendy oversized look without feeling too loose. The denim quality is really good for the price, super comfortable for all-day wear, and the color looks even better in real life. Goes well with oversized tees, hoodies, and sneakers. Definitely worth buying if you want a stylish streetwear vibe.",https://www.myntra.com/reviews/33865225
myntra_33865225_16,myntra_reviews,jeans,,4,Good Fabric and i think thoda colour issue h like jo show ho rha h waise exact nhi h thoda deep h but overall great bottom wear,https://www.myntra.com/reviews/33865225
myntra_33865225_17,myntra_reviews,jeans,,5,"Honestly, these jeans are even better than I expected. The oversized fit gives a clean streetwear look without feeling too bulky. The material is soft, breathable, and comfortable for long hours. The color and quality are exactly as shown in the pictures, and the stitching is neat. Great value for the price—I'd definitely buy another pair in a different color!",https://www.myntra.com/reviews/33865225
myntra_33865225_18,myntra_reviews,jeans,,5,"Bene Kleed pants are highly praised for their budget-friendly price, stylish cuts, and comfortable 100% cotton fabric.",https://www.myntra.com/reviews/33865225
myntra_33865225_19,myntra_reviews,jeans,,5,Good quality product Fitting is very good,https://www.myntra.com/reviews/33865225
myntra_33865225_20,myntra_reviews,jeans,,5,Perfect fit and comfortable,https://www.myntra.com/reviews/33865225
myntra_33865225_21,myntra_reviews,jeans,,5,"The quality of this baggy jeans is very good, my husband loves it, in this cheap price it's a great deal, wearing size 30🥰",https://www.myntra.com/reviews/33865225
myntra_33865225_22,myntra_reviews,jeans,,5,"Really happy with this pair of jeans! The fit is excellent, the fabric feels premium, and it's very comfortable even after wearing it for long hours. The stitching and overall quality are impressive, and the color looks exactly as shown in the pictures. Great value for the price. Would definitely recommend it!",https://www.myntra.com/reviews/33865225
myntra_33865225_23,myntra_reviews,jeans,,5,Everthing is so perfect💯👍 must buy,https://www.myntra.com/reviews/33865225
myntra_22278798_0,myntra_reviews,jeans,,2,"The black Bene Kleed relaxed-fit jeans didn’t meet my expectations. While the fit is comfortable, the material feels a bit heavier than I prefer, making them less ideal for extended wear. The color is rich, but it seems to fade slightly after a few washes. They’re decent overall, but I was hoping for a softer fabric and better color retention. I will give it 7.5 out of 10 Where as i bought the same jeans in beige colour which i will give 10/10 because of:- The beige colour jeans are a perfect blend of style and comfort. The neutral color is versatile and pairs well with almost anything in my wardrobe. The relaxed fit ensures ease of movement without compromising on a polished look. The fabric feels high-quality and soft, making them great for all-day wear. These jeans are a must-have for anyone looking for comfort and effortless style.",https://www.myntra.com/reviews/22278798
myntra_22278798_1,myntra_reviews,jeans,,5,"I ordered this jeans in size 34 and the fitting turned out really well. The mid-rise waist sits comfortably and doesn’t feel tight around the stomach. The fit is relaxed but still looks neat when worn, especially around the thighs and legs. The fabric feels soft and breathable, not too thick or heavy. The off-white/cream color looks clean and classy, same as shown in the product images. Stitching and finishing are decent, and the zipper quality also feels fine. I’ve worn it for a full day and it was comfortable for long hours. Length is perfect for me and goes well with both casual shirts and t-shirts. After the first wash, there was no major color bleeding or shrinkage, which is good. Overall, this is a good quality everyday jeans for the price. If you’re looking for a comfortable relaxed fit in a light color, you can go for it.",https://www.myntra.com/reviews/22278798
myntra_22278798_2,myntra_reviews,jeans,,5,"Effortlessly Stylish & Super Comfortable. Finding the perfect pair of relaxed-fit jeans isn’t easy, but Bene Kleed absolutely nailed it with these! The fit is spot on—loose enough to give that effortless, laid-back vibe without looking sloppy. The denim has a premium feel, soft yet structured, making it insanely comfortable to wear all day. What I love most is the wash—just the right shade of blue to pair with anything, whether you’re going for a casual streetwear look or dressing it up with a blazer. The attention to detail in the stitching and finish gives these jeans a refined edge that sets them apart from basic denim. If you’re into well-made, stylish essentials that elevate your wardrobe, these are 100% worth it. A solid go-to for anyone who appreciates good fashion without compromising on comfort!",https://www.myntra.com/reviews/22278798
myntra_22278798_3,myntra_reviews,jeans,,5,"The Bene Kleed Men Relaxed Fit Jeans are a great choice for anyone looking for everyday comfort with casual style. These jeans offer a relaxed fit that gives your legs plenty of room without feeling baggy — perfect for daily wear, travel, or laid-back outings. The denim feels soft yet durable, and the stitching seems sturdy, making these jeans likely to last through regular use and washes. The relaxed cut makes them very comfortable to sit, walk, or move around in, and they pair easily with T-shirts, shirts, and sneakers for a classic casual look. The color and wash are versatile, so you can dress them up slightly with a casual shirt or keep it super simple with a tee. Overall, these jeans strike a good balance between comfort and style without stretching your budget.",https://www.myntra.com/reviews/22278798
myntra_22278798_4,myntra_reviews,jeans,,5,The clothes are great and the fabric is also top quality. I love these pants and the service of Myntra is also good. It was delivered in 2 days.,https://www.myntra.com/reviews/22278798
myntra_22278798_5,myntra_reviews,jeans,,5,"⭐⭐⭐⭐⭐ Comfort Meets Quality – Great for Daily Wear! These Bene Kleed pure cotton relaxed-fit pants exceeded my expectations. The mid-rise cut sits perfectly on the waist, and the relaxed fit gives just the right amount of room without looking baggy. The fabric is 100% cotton — soft, breathable, and feels great even after long hours of wear. Ideal for both casual outings and lounging at home. I also appreciate the attention to detail — good stitching, decent pocket depth, and no shrinkage after wash. If you’re looking for everyday comfort with a clean, minimal look, this is a solid choice. Will definitely order another pair in a different color!",https://www.myntra.com/reviews/22278798
myntra_22278798_6,myntra_reviews,jeans,,5,"I recently bought a pair of Bene Kleed jeans, and I am extremely pleased with my purchase. The quality of the denim is outstanding, providing a perfect balance of durability and comfort. The fabric feels substantial yet soft, allowing for ease of movement without compromising on style. The fit is exceptional, offering a modern, flattering cut that suits various body types. Whether dressed up with a blazer or down with a casual tee, these jeans maintain a polished look. The attention to detail is evident in the precise stitching, sturdy hardware, and well-placed pockets. One of the most impressive aspects is how well these jeans hold up after several washes. They retain their shape and color, proving their longevity and making them a great investment. Overall, Bene Kleed jeans deliver on all fronts—style, comfort, and durability. They are a fantastic addition to any wardrobe and are highly recommended for anyone looking for high-quality, stylish jeans.",https://www.myntra.com/reviews/22278798
myntra_22278798_7,myntra_reviews,jeans,,5,"The Fit: True to its name, the fit is comfortably relaxed through the seat and thigh. It gives you room to breathe and move without that excess fabric bunching at the ankles. Fabric Quality: For a pair under ₹800, the denim feels surprisingly substantial. The non-stretch fabric (as noted in the product icons) gives them a classic, rugged feel that holds its shape well throughout the day. Versatility: The deep black wash is clean enough to pair with a crisp white tee and sneakers for a day out, or even a button-down for a more 'smart-casual' evening look. Pro-Tips for Buyers Sizing: Since these are non-stretch, make sure you double-check the waist measurement. There's no 'give' in the waistband, so if you're between sizes, I'd recommend sizing up for that effortless relaxed vibe. These are easily some of the best budget jeans on Myntra right now. They look premium, feel durable, and the silhouette is exactly what’s trending. 10/10 would recommend.",https://www.myntra.com/reviews/22278798
myntra_22278798_8,myntra_reviews,jeans,,5,"I’m genuinely impressed with this black high-bottom pant from Myntra. The fabric feels premium, soft, and breathable, not that stiff, cheap material that gives up after two washes. The fit is spot on. High waist sits perfectly without digging in, and the high-bottom cut gives a very clean, classy look. The stitching is neat, finishing is solid, and the black color is deep and rich, not that faded grey pretending to be black. It looks great for both casual outings and semi-formal wear. Pair it with a shirt, t-shirt, or even a blazer, it works every time. Length is perfect, falls well on shoes, and doesn’t flare awkwardly. After washing, there was no color bleed and no loss of shape, which is rare and honestly satisfying. Overall, this pant looks stylish, feels comfortable, and gives excellent value for money. Definitely one of those purchases that makes you feel like Myntra actually earned its service fee for once. Highly recommended.",https://www.myntra.com/reviews/22278798
myntra_22278798_9,myntra_reviews,jeans,,5,"Relaxed Fit, Great Comfort – Perfect for Daily Wear I’ve been wearing the Blend Kleed Pure Cotton Mid-Rise Relaxed Jeans for a few weeks now, and they’ve quickly become one of my go-to pairs. If you’re looking for jeans that prioritize comfort without compromising on style, this is a solid option. Fit & Comfort: The mid-rise waist sits comfortably and doesn’t dig in, and the relaxed fit gives enough room around the thighs and legs. Great for those who don’t like skinny or slim fits. Perfect for casual and semi-casual looks. Fabric Quality: Made from 100% pure cotton, the fabric feels breathable and soft on the skin. Ideal for warmer weather or all-day wear. It doesn’t stretch like denim with elastane, but the cut makes up for it. Style & Design: The design is clean and minimal, which works well with t-shirts, polos, or even casual shirts. No unnecessary branding or flashy details — just a classic relaxed jeans vibe.",https://www.myntra.com/reviews/22278798
myntra_22278798_10,myntra_reviews,jeans,,5,"The Bene Kleed Men Relaxed Fit Jeans (Size 28) exceeded my expectations in every way. The relaxed fit offers the perfect balance between comfort and style — not too loose, not too tight — making them ideal for daily wear. The fabric feels soft yet durable, with a high-quality finish that gives a clean and polished look. The light blue shade is trendy and versatile, pairing easily with sneakers, casual shirts, or even a simple t-shirt. It gives a fresh, modern vibe without trying too hard. The fitting is accurate to size, and the waist sits comfortably without feeling restrictive. What truly stands out is how breathable and comfortable the material feels, even after wearing it for long hours. The stitching is neat and strong, reflecting good craftsmanship. These jeans are perfect for college, casual outings, or everyday wear. They provide both confidence and comfort — a combination that is hard to find at this price point.",https://www.myntra.com/reviews/22278798
myntra_22278798_11,myntra_reviews,jeans,,5,"I recently purchased the blen kleed pure cotton mid rise relaxed fit jeans in black, and I am absolutely thrilled with them! The fit is incredibly comfortable, thanks to the relaxed cut that allows for ease of movement without feeling too loose. The mid rise design sits perfectly at the waist, offering both style and comfort What I love most is the pure cotton fabric - it's soft, breathable, and feels great against the skin, making these jeans ideal for all day wear. The black color is deep and rich, which adds a sleek, polished look that can easily be dressed up or down. Overall, these jeans have quickly become a staple in my wardrobe. Highly recommend for anyone looking for a blend of style, comfort and quality!",https://www.myntra.com/reviews/22278798
myntra_22278798_12,myntra_reviews,jeans,,5,"⭐⭐⭐⭐⭐ Excellent Fit and Premium Look I am very satisfied with these Bene Kleed black jeans. The quality of the denim is very good, and the material feels strong, durable, and comfortable for daily wear. These jeans usually come in dark shade, mid-rise design with a clean look and classic 5-pocket style, which makes them stylish and practical. The fitting is perfect and gives a modern and smart appearance. The stitching and finishing are neat, and the jeans look exactly like the pictures. The color is rich black and suitable for casual outings, college, or even semi-formal wear. Customer feedback also mentions that the fit, color, and stitching quality are good, and the product looks the same as shown in the images. Overall, this is a great product with good comfort and stylish design at an affordable price. Highly recommended. Worth the money!",https://www.myntra.com/reviews/22278798
myntra_22278798_13,myntra_reviews,jeans,,5,"Stylish and Comfortable – My New Go-To Jeans! I recently purchased a pair of jeans, and they have quickly become my favorite! The fit is perfect – snug in all the right places without feeling too tight, and they provide a great shape without sacrificing comfort. The material is soft, yet sturdy, and has just the right amount of stretch, which makes them great for all-day wear. I love the classic design that can easily be dressed up or down, whether I’m going for a casual look or something a bit more polished. The quality of the stitching and fabric is impressive, and they have held up well after several washes with no signs of fading or wear. Overall, these jeans offer a perfect combination of style, comfort, and durability. I highly recommend them to anyone looking for a versatile and high-quality pair of jeans!",https://www.myntra.com/reviews/22278798
myntra_22278798_14,myntra_reviews,jeans,,5,"A product that truly deserves appreciation is one that not only meets expectations but consistently exceeds them. This particular product has proven to be reliable, efficient, and thoughtfully designed, making everyday tasks smoother and more enjoyable. From the very first use, its quality is evident — the materials feel durable, the performance is consistent, and the attention to detail reflects genuine care in its creation. What sets it apart is how it blends functionality with simplicity. It doesn’t overwhelm with unnecessary complexity; instead, it delivers exactly what is needed in a user-friendly way. The product's design is intuitive, ensuring that anyone can benefit from it without a steep learning curve. Beyond practicality, it also adds value by saving time and effort, which is something every user appreciates.",https://www.myntra.com/reviews/22278798
myntra_22278798_15,myntra_reviews,jeans,,2,"The black Bene Kleed relaxed-fit jeans didn't meet my expectations. While the fit is comfortable, the material feels a bit heavier than I prefer, making them less ideal for extended wear. The color is rich, but it seems to fade slightly after a few washes. They're decent overall, but I was hoping for a softer fabric and better color retention.",https://www.myntra.com/reviews/22278798
myntra_22278798_16,myntra_reviews,jeans,,4,"I ordered the Beige Jeans from Bene Kleed in size 32 after carefully measuring my waist, but when they arrived I was really disappointed — the waistband was far too loose and the whole pair felt oversized, more like a relaxed fit instead of the regular fit I expected. The fabric itself is soft and the beige color matches the photos, and the stitching and hardware seem fine for the price, but that doesn’t make up for the misleading sizing. I followed the brand’s size chart and still received jeans that didn’t sit properly at the waist and had excess room across the hips and thighs. The product listing didn’t include clear garment measurements or model details to help judge fit, and I didn’t get any useful sizing guidance from customer service, so this purchase cost me time and hassle. If you prefer a loose, relaxed fit these might work, but I’m dissatisfied with the service and would warn others to confirm exact measurements or size down before buying.",https://www.myntra.com/reviews/22278798
myntra_22278798_17,myntra_reviews,jeans,,5,"Nice jeans 👖 Review: Fabric: 4.3/5 – Pure 100% cotton denim, gives a tough yet natural feel. No-fade black shade keeps it looking fresh even after multiple wears. Comfort: 4.2/5 – Non-stretchable, but the relaxed fit and mid-rise waist offer solid day-long comfort. Ideal for casual outings or laid-back plans. Fit: 4.5/5 – Clean relaxed fit with a regular length; sits well without clinging to the body. Looks great on taller frames. Design/Vibe: 4.4/5 – Classic Pockets look with a clean black tone—timeless, versatile, and minimal. Gives off a confident, no-fuss vibe. Overall: 4.4/5 – Strong everyday jeans with durability, comfort, and a clean street-ready aesthetic. Great pick for those who like simplicity with style.",https://www.myntra.com/reviews/22278798
myntra_22278798_18,myntra_reviews,jeans,,5,"These off-white jeans are a game changer for a clean and modern style. The fit is perfect – straight yet sharp, giving a polished look without sacrificing comfort. The fabric feels soft but sturdy, making it suitable for both casual and semi-formal wear. What I really like is the versatility – it pairs amazingly with shirts, t-shirts, or even hoodies. The light shade makes it stand out, especially for evening or night outings, and the stitching quality adds a refined touch. Overall, a stylish pair of jeans that lifts any outfit instantly.",https://www.myntra.com/reviews/22278798
myntra_22278798_19,myntra_reviews,jeans,,4,"The pants have a clean and minimal design that works well for everyday wear. The fit looks straight and comfortable, with a relaxed fall that gives a neat and structured appearance. They pair easily with casual outfits, especially darker tops, making them quite versatile. The length and overall silhouette seem well-balanced, giving a decent look without appearing too tight or overly loose. However, the fabric doesn’t appear very premium and shows visible marks or uneven texture, which slightly affects the overall finish. It could benefit from better material quality and finishing for a more polished look. While it’s still wearable and comfortable for regular use, improving the fabric consistency and quality control would make it a much better product.",https://www.myntra.com/reviews/22278798
myntra_22278798_20,myntra_reviews,jeans,,5,"Got these Bene Kleed relaxed fit jeans at a budget price and honestly, they exceeded expectations 👖🔥 Fit is properly relaxed — not too baggy, not too slim. Gives a clean and comfortable look, perfect for daily wear. If you don’t like tight jeans, this is a great option. Fabric quality is decent for the price — feels sturdy and looks good even after multiple wears. The mid-rise fit sits well on the waist and is comfortable for long hours. Best part is the value for money — you’re getting stylish denim at a very affordable price. Perfect for college or everyday outfits. Only thing — don’t expect premium stretch or luxury feel, but at this price, it totally delivers 👍 Overall: 4/5 ⭐ #MyntraReview #BudgetStyle #BeneKleed #ValueForMoney #DailyWear",https://www.myntra.com/reviews/22278798
myntra_22278798_21,myntra_reviews,jeans,,5,"Material – Made from high-quality denim, soft and durable. Comfort – Relaxed fit offers excellent comfort for all-day wear. Fit – Loose yet structured, perfect for casual and semi-casual looks. Design – Minimalistic and trendy, suitable for various occasions. Stretchability – Limited stretch but allows easy movement. Durability – Strong stitching ensures long-lasting wear. Wash Quality – Retains color and shape after multiple washes. Versatility – Pairs well with t-shirts, shirts, and jackets. Price – Reasonably priced for the quality offered. Overall Verdict – A stylish and comfortable choice for relaxed wear.",https://www.myntra.com/reviews/22278798
myntra_22278798_22,myntra_reviews,jeans,,5,"Absolutely fantastic purchase! I am extremely happy with this jeans. The fabric quality is super comfortable, soft, and feels premium. The fitting is just perfect and gives a very stylish and trendy look. I really liked the stitching and finishing — everything looks neat and high quality. The color is exactly the same as shown in the pictures, which made me even happier. It is comfortable to wear for long hours and matches well with T-shirts, shirts, and sneakers. For this price, the quality is truly impressive. I received many compliments after wearing it. Definitely one of my best purchases from Myntra and I would highly recommend it to anyone looking for stylish, comfortable, and good-quality jeans. Totally worth the money!",https://www.myntra.com/reviews/22278798
myntra_22278798_23,myntra_reviews,jeans,,5,"Honestly impressed with the quality of these jeans. The fabric feels premium and comfortable even after wearing it for long hours. Fit is relaxed exactly as shown in the pictures, not too tight and not too loose The black color looks classy and can be styled with almost anything — tshirt, shirt or sneakers. Stitching quality is also neat and strong. I liked that the material is soft but still gives a solid denim feel. For this price range, the product feels worth it. Size was accurate for me and fitting around the waist and length was perfect. Good option for daily wear as well as casual outings.",https://www.myntra.com/reviews/22278798
myntra_39294905_0,myntra_reviews,jeans,,5,"Really nice 👌 geans ,It has a very nice soft denim cloth which is really comfortable 👌 😀 and has the perfect shape, I personally love the color and It's a really good 👍🏼 product",https://www.myntra.com/reviews/39294905
myntra_39294905_1,myntra_reviews,jeans,,5,This is an Aditya Billa product. Aditya Billa product means nothing will happen. The product and fittings are so beautiful and so compact. Great.,https://www.myntra.com/reviews/39294905
myntra_39294905_2,myntra_reviews,jeans,,5,Very comfortable fabric and nice fit.,https://www.myntra.com/reviews/39294905
myntra_39294905_3,myntra_reviews,jeans,,5,"O my god.. pantaloon never disappoint me...My daughter like this product,perfect fit 👍💯 must buy",https://www.myntra.com/reviews/39294905
myntra_39294905_4,myntra_reviews,jeans,,5,All in one! Color pattern & quality all liked by me & others in minimum price.thnx,https://www.myntra.com/reviews/39294905
myntra_39294905_5,myntra_reviews,jeans,,5,Perfect fot. Very smooth fabric with beautiful color... Go for it👍,https://www.myntra.com/reviews/39294905
myntra_39294905_6,myntra_reviews,jeans,,5,I absolutely loved the quality and fit of this for my daughter.,https://www.myntra.com/reviews/39294905
myntra_39294905_7,myntra_reviews,jeans,,5,Amazing fit and material. My daughter loves this one.,https://www.myntra.com/reviews/39294905
myntra_39294905_8,myntra_reviews,jeans,,4,Good material and comfortable to wear...,https://www.myntra.com/reviews/39294905
myntra_39294905_9,myntra_reviews,jeans,,5,I loved this jeans and it is also super comfortable,https://www.myntra.com/reviews/39294905
myntra_39294905_10,myntra_reviews,jeans,,5,Comfortable and good quality,https://www.myntra.com/reviews/39294905
myntra_39294905_11,myntra_reviews,jeans,,5,Looking good and comfortable,https://www.myntra.com/reviews/39294905
myntra_39294905_12,myntra_reviews,jeans,,5,Fabric awesome and fitting is too good,https://www.myntra.com/reviews/39294905
myntra_39294905_14,myntra_reviews,jeans,,5,Top notch products a must buy,https://www.myntra.com/reviews/39294905
myntra_39294905_15,myntra_reviews,jeans,,5,"Good product,super quality",https://www.myntra.com/reviews/39294905
myntra_39294905_16,myntra_reviews,jeans,,5,Product was very good and worthy,https://www.myntra.com/reviews/39294905
myntra_39294905_19,myntra_reviews,jeans,,5,Product was good and worthy,https://www.myntra.com/reviews/39294905
myntra_39294905_20,myntra_reviews,jeans,,5,The order beautiful order,https://www.myntra.com/reviews/39294905
myntra_35476703_0,myntra_reviews,jeans,,5,"Absolutely loved these jeans from Aadvi Fashion! The fit is super comfortable and gives a very trendy wide-leg look. The fabric feels soft, breathable, and lightweight, making it perfect for all-day wear. I was honestly impressed by the quality of the material at this price range. The stitching and finishing are neat, and the denim doesn’t feel cheap at all. The high-waist design fits beautifully and enhances the overall look. It pairs perfectly with crop tops, oversized tees, shirts, and even casual ethnic wear. The colour is exactly as shown in the pictures, and the jeans maintain their shape even after washing. I also liked that the fabric is not too thick or too thin — just perfect for regular use in every season. Another thing I loved is how stylish and versatile these jeans are. They are great for college, shopping, outings, travel, or casual everyday wear. The comfort level is amazing, especially for people who prefer relaxed-fit denim over skinny jeans.",https://www.myntra.com/reviews/35476703
myntra_35476703_1,myntra_reviews,jeans,,5,"Absolutely loved these baggy jeans! The fit is super comfortable and gives a trendy oversized look without feeling bulky. The high-rise waist fits perfectly, and the denim quality feels premium for the price. The fabric is soft, durable, and easy to wear for long hours. These jeans pair well with shirts, crop tops, and casual tees, making them a versatile addition to my wardrobe. The color and style are exactly as shown in the pictures. Definitely one of my best fashion purchases! 💙👖✨",https://www.myntra.com/reviews/35476703
myntra_35476703_2,myntra_reviews,jeans,,5,"I absolutely loved this jeans! ✨ The fit is very stylish and comfortable. It has a trendy high-waist wide-leg design that gives a cool and effortless look. The light blue denim color is really pretty and goes well with almost every type of top, shirt, or crop top. The fabric feels soft and comfortable for everyday wear, and the loose fit makes it easy to move around. The length and baggy style give a fashionable street-style vibe. The stitching and overall finishing look neat, making it a good choice for casual outings, college, shopping, or daily wear. It looks exactly like the picture and gives a classy oversized look. Pairing it with sneakers makes the outfit look even better. Overall, a stylish and comfortable pair of jeans that is worth adding to your wardrobe. 💓🌟",https://www.myntra.com/reviews/35476703
myntra_35476703_3,myntra_reviews,jeans,,4,"These blue jeans are honestly 100% worth it. The fit is super flattering and gives such a clean, effortless look without feeling uncomfortable at all. The denim quality feels really premium — soft enough to wear all day but still structured enough to hold its shape perfectly. They fit so nicely around the waist and legs, and the shade of blue is literally the perfect classic denim color that matches with almost everything. What I love most is how versatile they are. You can style them with oversized tees, fitted tops, hoodies, sweaters, basically anything, and the outfit still looks put together. They have that perfect balance between trendy and timeless, so they don’t look like a pair you’ll get tired of quickly. The stitching and overall finish also make them look way more expensive than they actually are. Definitely one of those jeans that instantly becomes your favorite and ends up being the pair you reach for all the time.",https://www.myntra.com/reviews/35476703
myntra_35476703_5,myntra_reviews,jeans,,4,"Aadwi Fashion Jeans Review. I absolutely loved these jeans from Aadvi Fashion! I ordered the light blue jeans in size 28, and honestly, they turned out to be even better than I expected. The color is beautiful and looks exactly like the pictures. The fit is really comfortable, flattering, and stylish. The fabric feels soft and comfortable, so I can wear them for long hours without feeling uncomfortable. The jeans also have a really nice fitting and give a great overall look. They are super easy to style with different tops, T-shirts, shirts, and even kurtis. I genuinely loved these jeans so much that they have quickly become one of my favorite pairs. The quality, color, comfort, and fitting are all amazing, especially for the price. Aadwi Fashion definitely did a great job with these jeans! If you’re thinking of buying them, definitely go for it—you won’t regret it! Highly recommended. ❤️✨",https://www.myntra.com/reviews/35476703
myntra_35476703_6,myntra_reviews,jeans,,5,"Tbh I’m really skinny and it was sooo hard finding jeans in my size 😭 I had almost zero expectations from this one too but it actually surprised me. The fit and length came out perfect. I just wish it was a lil more wide, but honestly it’s still really good and I’m super happy with it 😭 I had ordered jeans from Savana and Ajio before but the main issue was always the same , either my size wasn’t available or the fit just didn’t work on me😓 This was my first time ordering from Myntra and it did not disappoint at all 😭 Tysm Advi Fashion, you guys are the best 😭 gonna buy more for sure✨🎀",https://www.myntra.com/reviews/35476703
myntra_35476703_7,myntra_reviews,jeans,,4,"I bought size 32. I am a little bit towards the pear shaped body type so the waist is a little loose for me but size 32 gives me enough room in my thighs and hip area (40 inches). I think if I would have opted for size 30 it would have been perfect in waist but wouldn't give a baggy finish for my body type then. The length is actually nice (I'm 5'5 and it goes beyond ankles for me). The fabric is good, not really stretchable. The colour is a little bit darker than shown in the product images by the supplier, but I like this about the jeans that it's lightly washed (kind of dual tone). Overall it's a good product.",https://www.myntra.com/reviews/35476703
myntra_35476703_8,myntra_reviews,jeans,,5,"Absolutely loved these blue wide leg jeans! 💙 The fit is perfect — comfortable around the waist and gives such a classy relaxed look. The denim quality feels premium, soft, and durable at the same time. It pairs beautifully with crop tops, shirts, and even casual tees. The color is exactly as shown in the pictures, and the length is great too. Suits on Western tops as well as traditional kurtis. Super trendy and worth every penny. Got so many compliments after wearing them! Definitely one of my best purchases from Myntra. ✨",https://www.myntra.com/reviews/35476703
myntra_35476703_9,myntra_reviews,jeans,,3,"I recently got a pair of baggy jeans, and I absolutely love the relaxed vibe they bring. They’re बेहद comfortable, with a loose fit that gives plenty of room to move around without feeling restricted at all. Perfect for long days when you just want to feel at ease. The style is definitely a standout. Baggy jeans have that trendy, street-style look that pairs well with crop tops, oversized tees, or hoodies. They give off a cool and effortless feel without trying too hard. The quality is also quite good—the fabric feels sturdy and well-made, so they seem like they’ll last a long time. Overall, these baggy jeans are a great mix of comfort, style, and durability. I’d definitely recommend them if you’re looking for something fashionable yet super comfortable.",https://www.myntra.com/reviews/35476703
myntra_35476703_10,myntra_reviews,jeans,,5,"The fit at the waist is very important, and when it fits properly, the jeans look really sharp and well-styled. The loose leg design adds a cool oversized aesthetic that pairs perfectly with sneakers and oversized t-shirts. The length also enhances the look when it falls slightly over the shoes or sits nicely around the ankle. It gives that effortless fashion feel. Overall, baggy jeans are a great choice if you want both comfort and modern style. They are trendy, easy to wear, and perfect for casual outings.",https://www.myntra.com/reviews/35476703
myntra_35476703_11,myntra_reviews,jeans,,5,"I'm really happy with this purchase! The denim fabric feels premium, sturdy, and comfortable at the same time. It has the perfect balance between structure and comfort, making it suitable for all-day wear. The fit is flattering and gives a neat, stylish look without feeling too tight. The color looks exactly as shown in the pictures, and the overall finish, stitching, and detailing are impressive. What I liked most is how versatile these jeans are—they can easily be dressed up with a nice top and heels or kept casual with a T-shirt and sneakers. The material holds its shape well and doesn't feel uncomfortable even after wearing it for several hours. The sizing was accurate, and the jeans fit perfectly as expected. 💙👖✨",https://www.myntra.com/reviews/35476703
myntra_35476703_12,myntra_reviews,jeans,,5,"⭐⭐⭐⭐⭐ Absolutely loved these jeans! The fit is really comfortable and the overall look is exactly what I wanted. The fabric feels good quality, soft and comfortable, and the jeans have a stylish finish. The colour looks beautiful and matches the pictures well. I really like the fit and shape because they look trendy while still being comfortable to wear. The length and fitting are perfect for me, and they look great with both fitted and oversized tops. The stitching and finishing also look neat and premium. Overall, I’m very happy with this purchase and feel it’s totally worth the price. Definitely one of my favourite additions to my wardrobe! ❤️✨",https://www.myntra.com/reviews/35476703
myntra_35476703_13,myntra_reviews,jeans,,5,"This baggy jeans from Aadvi Fashion turned out to be a really great purchase for me. The first thing I noticed was the comfortable and relaxed fit. The baggy style looks very trendy and gives a cool, casual vibe which is perfect for everyday wear. The high waist design fits nicely and makes the jeans look even more stylish when paired with crop tops, t-shirts, or hoodies. The fabric quality is also quite good. The denim feels soft yet durable, so it’s comfortable to wear for long hours without feeling heavy or stiff. I also like that the material is breathable, which makes it suitable for different seasons. The stitching and finishing look neat, and the jeans feel well-made overall.",https://www.myntra.com/reviews/35476703
myntra_35476703_14,myntra_reviews,jeans,,5,"I purchased this pair of jeans from Myntra a couple of months ago, and I can confidently say it has been an amazing buy! Even after multiple wears and washes, the quality remains just as good—the fabric is still soft, durable, and comfortable. The fit is absolutely perfect and really flattering. It hugs the body nicely without feeling too tight, making it ideal for all-day wear. I also love how versatile it is—you can easily style it for both casual and slightly dressy looks. The color hasn’t faded, and the stitching is still intact, which shows how well-made it is. Overall, it’s a reliable, stylish, and long-lasting addition to my wardrobe. Definitely worth it! 💙",https://www.myntra.com/reviews/35476703
myntra_35476703_15,myntra_reviews,jeans,,5,"I wasn't expecting much, but these jeans turned out to be really nice. The fit is comfortable and the fabric feels soft without being too heavy. I like how they give a relaxed look while still fitting well at the waist. The color is exactly as shown in the pictures, and I've already worn them a few times. Overall, I'm happy with the purchase and would definitely recommend them if you're looking for comfortable everyday jeans.",https://www.myntra.com/reviews/35476703
myntra_35476703_16,myntra_reviews,jeans,,3,"These jeans are a fantastic choice for anyone who loves a stylish yet comfortable look. The baggy fit is right on trend and gives a relaxed, effortless vibe that works perfectly for everyday wear. The high-rise design enhances the overall fit, making it both flattering and easy to style with different tops. The light-wash denim looks modern and versatile, so you can pair it with sneakers, sandals, or even dress it up slightly. One of the best parts is the stretchable fabric, which ensures all-day comfort without feeling restrictive. Overall, this is a great value-for-money product that combines comfort, style, and versatility. A must-have addition to a casual wardrobe.",https://www.myntra.com/reviews/35476703
myntra_35476703_17,myntra_reviews,jeans,,5,"The jeans have a really flattering fit and look exactly like the pictures. The fabric feels premium, stretchy, and comfortable for all-day wear. Pairs perfectly with crop tops or oversized shirts. Very happy with this purchase!",https://www.myntra.com/reviews/35476703
myntra_35476703_18,myntra_reviews,jeans,,2,"Unfortunately, this review is driven by frustration over inventory. My correct size was completely unavailable (or perpetually sold out), forcing me to order a size adjacent to my own just to try the style. As expected, the fit was completely off. The waist was either too tight or too loose, and the rise felt awkward, which makes it impossible to judge the true fit. It's incredibly disappointing to see such a high-quality product that I genuinely want to purchase, but cannot because the brand fails to maintain stock of core sizing. Please, brand team: address your inventory issues and expand your size run. I want to be a customer, but you are making it impossible for those of us who fall outside of your current, limited stock.",https://www.myntra.com/reviews/35476703
myntra_35476703_19,myntra_reviews,jeans,,5,"The jeans were amazing I love the buttery soft fit it fits like a dream thank you so much myntra lovely best jeans ""Absolutely love these jeans! 💙 The fit is super flattering with a relaxed wide-leg style that's comfortable for all-day wear. The denim feels soft yet sturdy, and the light blue wash is easy to style with crop tops, shirts, or jackets. The high waist gives a nice shape, and the length is perfect with sneakers. Great quality for the price—definitely worth buying!""",https://www.myntra.com/reviews/35476703
myntra_35476703_20,myntra_reviews,jeans,,5,"These blue jeans have an excellent length and fit perfectly. I am 5 feet 6 inches tall, and the length is still just right for me. The fabric feels comfortable and of good quality. They give a flattering and stylish look when worn. The fit is great and not too tight or loose. Overall, these jeans are very comfortable and look amazing. 👖✨",https://www.myntra.com/reviews/35476703
myntra_35476703_21,myntra_reviews,jeans,,5,"Really happy with this pair of jeans from Myntra. The fabric feels comfortable for all-day wear and has just the right amount of stretch. The fit is true to size and looks flattering without being too tight. Colour and wash look the same as shown in the pictures, even after a couple of washes. Overall, great value for money and perfect for daily use.",https://www.myntra.com/reviews/35476703
myntra_35476703_22,myntra_reviews,jeans,,5,"The jeans are very perfect. My size is 32 and my height is 5'7"". The quality of the fabric is exceptional for this price point. It feels very soft on the skin and the material is completely breathable, making it perfect for regular wear. The color is exactly as shown in the app images—vibrant and didn't bleed after the first wash. Talking about the fit, it is true to size and hugs the body perfectly without being uncomfortable. Stitches are neat and there are no loose threads. Overall, a highly recommended premium product from Myntra, completely worth the money ✨👍😍",https://www.myntra.com/reviews/35476703
myntra_34373264_0,myntra_reviews,shirts,,5,"Absolutely loved this shirt! The fabric feels premium and comfortable, perfect for long wear. The fit is spot-on—not too tight, not too loose—and gives a sharp, classy look. The color looks even better in natural light and pairs really well with cargo pants or jeans. It’s breathable, lightweight, and ideal for both casual outings and travel. Stitching and finishing are neat, which adds to the overall quality. Wore it on a hill trip and got a lot of compliments. Totally worth the price—highly recommended for anyone looking for a stylish yet comfortable shirt.",https://www.myntra.com/reviews/34373264
myntra_34373264_1,myntra_reviews,shirts,,4,The material and color are pretty good. The only problem Is the length: breadth ratio is not to my liking; the length is slightly less than what I like.,https://www.myntra.com/reviews/34373264
myntra_34373264_2,myntra_reviews,shirts,,5,"the cloth is super soft. its not that costly yet it gives that premium look. Quite comfortable, for example its easy to wear even in july when the climate is humid. havent washed yet so cant say what happens after that for now it good and comfy.",https://www.myntra.com/reviews/34373264
myntra_34373264_3,myntra_reviews,shirts,,5,The shirt is very good. I just had size problem but myntra shows its not available to exchange at my address. So I'll try to fix this by myself as I love the quality. Thanks whoever makes these shirt this much affordable.,https://www.myntra.com/reviews/34373264
myntra_34373264_4,myntra_reviews,shirts,,5,As similar as the picture. I m satisfied with this product. If you like the design go for it. Fabric is not complainable. It's my first reaction review. So don't mistake it with a long time usage review.,https://www.myntra.com/reviews/34373264
myntra_34373264_5,myntra_reviews,shirts,,4,Overall fitting is good I bought size 42 and it has better clothe quality ..good as expected .,https://www.myntra.com/reviews/34373264
myntra_34373264_6,myntra_reviews,shirts,,5,Superb quality. I loved this product ❤️‍🔥 The quality of this product was outstanding and the loose fit design was absolutely stunning . I am highly satisfied with this purchase 🤍😍,https://www.myntra.com/reviews/34373264
myntra_34373264_7,myntra_reviews,shirts,,5,"I already had one in green colour, i liked it so much that i bought it again this time in a different colour and i am as satisfied as i was first time, great product, value for money.",https://www.myntra.com/reviews/34373264
myntra_34373264_8,myntra_reviews,shirts,,3,I ordered size M and the quality was good but the height of the shirt did not fit it's slightly short and i checked the size L measurements the height shows the same it's just different width that's it,https://www.myntra.com/reviews/34373264
myntra_34373264_9,myntra_reviews,shirts,,5,"The overall quality is good, and i am satisfied with the product price, quality and comfort.",https://www.myntra.com/reviews/34373264
myntra_34373264_10,myntra_reviews,shirts,,5,its to good febric very soft 👍👍👍👍👍👍👍👍👍👍👍👍👍👍👍👍👍👍👍👍👍❤️❤️❤️❤️❤️,https://www.myntra.com/reviews/34373264
myntra_34373264_11,myntra_reviews,shirts,,4,"the quality of the shirt is top notch but as mentioned it is not solid olive green,it is ""washed effect"" style,Still though for me it look good.",https://www.myntra.com/reviews/34373264
myntra_34373264_12,myntra_reviews,shirts,,5,Great quality shirt. Nice fabric as well as colour,https://www.myntra.com/reviews/34373264
myntra_34373264_13,myntra_reviews,shirts,,5,"QULITY OF SHIRT & MATERIL IS VERY NICE. ALSO NOT SWETING IN THE SHIRT WHENEVER I AM WEARING THE SHIRT. COMFORTABLE, PERFECT SIZE.",https://www.myntra.com/reviews/34373264
myntra_34373264_14,myntra_reviews,shirts,,4,Good quality and good product bug color fades after few washes but overall worth the price got perfect size,https://www.myntra.com/reviews/34373264
myntra_34373264_15,myntra_reviews,shirts,,5,Great quality shirt with a beautiful olive color. Fits perfectly and is ideal for both casual and formal wear.,https://www.myntra.com/reviews/34373264
myntra_34373264_16,myntra_reviews,shirts,,5,Value for money I would say,https://www.myntra.com/reviews/34373264
myntra_34373264_17,myntra_reviews,shirts,,5,Very good and thick material cloth best for outer layer on tshirt and also very aesthetically pleasing nice quality,https://www.myntra.com/reviews/34373264
myntra_34373264_19,myntra_reviews,shirts,,5,"Wonderful fabric, soft & comfortable.",https://www.myntra.com/reviews/34373264
myntra_34373264_20,myntra_reviews,shirts,,4,Shirt is awesome but not for summer Looks amazing but loking lightly fade,https://www.myntra.com/reviews/34373264
myntra_34373264_21,myntra_reviews,shirts,,5,"Cloth quality is very good, it’s comfortable for all weather for this price it is worthwhile",https://www.myntra.com/reviews/34373264
myntra_41011032_0,myntra_reviews,shirts,,5,Good quality same shown in photo I remained this causal shirt perfect fitting,https://www.myntra.com/reviews/41011032
myntra_41011032_1,myntra_reviews,shirts,,4,The shirt quality is good. I ordered size 40,https://www.myntra.com/reviews/41011032
myntra_41011032_2,myntra_reviews,shirts,,5,Product quality is very good and looking great,https://www.myntra.com/reviews/41011032
myntra_41011032_3,myntra_reviews,shirts,,4,Good fabric. And the colour is same as in pic,https://www.myntra.com/reviews/41011032
myntra_41011032_4,myntra_reviews,shirts,,5,Nice shirt good outfit value for money,https://www.myntra.com/reviews/41011032
myntra_12848654_0,myntra_reviews,shirts,,5,"Been a fan of LP for a while now and this maroon slim fit shirt has quickly become one of my favorites in my wardrobe. The color is rich and deep looks even better in person than in the photos. That over-dyed finish gives it a really premium, unique look that you don’t usually see at this price. The fabric is incredibly soft the “soft handfeel” they mention is 100% real. Wore it for a full day at work and it stayed comfortable throughout, no stiffness or irritation at all. Size 39 fits me perfectly, true to size with just the right slim fit not too tight, not boxy. The stitching and finishing are on point, exactly what you’d expect from a brand like Louis Philippe. The subtle details on the cuffs add a nice touch of class. Pairs beautifully with black trousers or dark jeans for a smart casual look. Delivery was quick and well-packed. Overall a fantastic buy great quality, great fit, great value. Would 100% recommend this to anyone looking for a versatile, classy casual shirt",https://www.myntra.com/reviews/12848654
myntra_12848654_1,myntra_reviews,shirts,,5,"I am absolutely thrilled with this Louis Philippe Jeans Maroon Slim Fit Shirt. It exceeded my expectations in every way! Exceptional Fabric Quality: The over-dyed cotton is incredibly soft and has a premium, high-end feel. It’s breathable and stays comfortable even after wearing it for an entire day. Perfect Tailored Fit: The slim fit is spot on. It provides a sharp, modern silhouette that looks custom-made. It fits perfectly around the shoulders and chest without feeling tight. Stunning Color: The maroon shade is deep, rich, and looks even better in person than in the photos. It’s a very sophisticated color that hasn't faded at all after washing. Amazing Versatility: This shirt is a true all-rounder. It looks just as good with formal trousers for a meeting as it does with denim for a night out. Final Verdict: This is a top-tier product from Louis Philippe.",https://www.myntra.com/reviews/12848654
myntra_12848654_2,myntra_reviews,shirts,,3,"The fabric feels very soft and comfortable on the skin, making it perfect for all-day wear. The slim fit gives a smart and premium look without feeling too tight. The color is exactly as shown in the pictures, and the stitching and overall finish are excellent. It pairs well with jeans as well as chinos, making it suitable for both casual outings and semi-formal occasions. Even after washing, the fabric and color remained in good condition. Overall, it's a great value-for-money shirt from Louis Philippe Jeans. Highly recommended! 😊",https://www.myntra.com/reviews/12848654
myntra_12848654_3,myntra_reviews,shirts,,5,"Fabric is also excellent like softness, comfort. I am very happy with it. The fabric quality is very good and it feels comfortable to wear all day. The cotton fabric is comfortable, lightweight, and breathable, making it suitable for all-day use. The fitting is perfect and the design looks stylish. It is suitable for both casual and formal occasions. The color is exactly the same as shown in the pictures. Overall, it is a great product and totally worth the price. 😊",https://www.myntra.com/reviews/12848654
myntra_12848654_4,myntra_reviews,shirts,,5,"I am very happy with this white shirt. The fabric quality is excellent and feels very soft and comfortable on the skin. The fitting is perfect, and the material looks premium. The shirt is lightweight, breathable, and suitable for both casual and formal occasions. The stitching and finishing are also very good. After wearing it, I felt confident and stylish. Overall, this is a great-quality shirt with a classy look. Highly recommended for daily or professionally use",https://www.myntra.com/reviews/12848654
myntra_12848654_5,myntra_reviews,shirts,,5,"I recently bought this full-sleeve Louis Philippe shirt from Myntra, and it lives up to the brand’s reputation. The fabric is high-quality cotton—breathable enough for long office hours but thick enough to feel premium. The slim fit (or regular, depending on yours) is spot on; it gives a sharp, tailored look without being restrictive around the shoulders. What I loved most is the sheen and finish of the fabric—it stays crisp even after a few hours of wear. Delivery from Myntra was prompt, and the packaging kept the shirt wrinkle-free. If you're looking for a formal shirt that screams ""class,"" this is it.",https://www.myntra.com/reviews/12848654
myntra_12848654_6,myntra_reviews,shirts,,5,"I recently purchased a casual shirt from Myntra that I'm quite pleased with. The quality of the fabric is excellent, with sturdy stitching and good attention to detail. The price point was reasonable, offering good value for the quality received. The shirt fits well and matches the description provided on the website. The color is vibrant and hasn't faded after washing, which indicates good dye quality. The material feels comfortable against the skin and is suitable for everyday casual wear. Overall, this purchase from Myntra has been satisfactory, demonstrating why they remain a reliable option for casual clothing.",https://www.myntra.com/reviews/12848654
myntra_12848654_7,myntra_reviews,shirts,,5,"A classic white shirt that every wardrobe should have. The fabric feels soft, smooth, and comfortable on the skin, exactly as described with its soft handfeel. The slim fit gives a sharp and polished look without feeling too tight. The stitching, buttons, and overall finishing reflect the premium quality expected from Louis Philippe Jeans. The shirt is versatile and can be styled effortlessly for office wear, casual outings, dinners, or special occasions. The color is crisp, the fit is flattering, and the material feels durable while remaining breathable throughout the day.",https://www.myntra.com/reviews/12848654
myntra_12848654_8,myntra_reviews,shirts,,5,"This Louis Philippe shirt is a premium quality product. True to its description, the 'soft handfeel' is genuine, making it super comfortable. The slim fit highlights the physique well without being too tight. As you can see in the pictures I've attached, it looks classy for both casual outings and relaxed get-togethers. A total value for money!",https://www.myntra.com/reviews/12848654
myntra_12848654_9,myntra_reviews,shirts,,5,"I recently bought this shirt and honestly, it exceeded my expectations. The fabric feels premium and breathable, making it super comfortable for long hours. The stitching and finishing are neat, which gives it a classy and durable look. What I liked the most is how versatile it is — you can wear it casually or even style it for a semi-formal look. The fit is perfect and true to size, and the color stays vibrant even after washing. Overall, it’s definitely worth the money and a great addition to my wardrobe. Highly recommended for anyone looking for quality, comfort, and style in one shirt!",https://www.myntra.com/reviews/12848654
myntra_12848654_10,myntra_reviews,shirts,,3,"This shirt looks great in photos, but the real-life experience is a bit of a mix. On the plus side, the design and pattern are exactly what I wanted—very modern and sharp. However, the material is thinner than expected and tends to wrinkle the moment you sit down. I also found the sizing to run a bit small around the shoulders, so you might want to size up. It’s a decent piece for the price point, but don't expect premium durability. It works for casual wear, just keep an iron handy!",https://www.myntra.com/reviews/12848654
myntra_12848654_11,myntra_reviews,shirts,,5,"Really happy with this purchase! The white Louis Philippe shirt looks classy and elegant. The fabric is soft, lightweight, and feels comfortable even after wearing it for long hours. The fitting is true to size, and the stitching is neat. It gives a premium look and pairs well with both formal trousers and jeans. I also liked that the color is bright white and doesn't look dull. Overall, it's a great quality shirt and definitely worth buying. Would recommend it to anyone looking for a stylish formal shirt.",https://www.myntra.com/reviews/12848654
myntra_12848654_12,myntra_reviews,shirts,,5,"Absolutely loved this lp shirt in size 39! The fit is spot-on, the fabric feels exceptionally soft and premium, and the overall finish is outstanding. From the stitching to the design, every detail reflects quality and craftsmanship. It looks elegant, feels comfortable all day long, and instantly elevates my appearance. I’ve received several compliments while wearing it, which speaks volumes about its style and appeal. Without a doubt, one of the best shirts I’ve purchased recently. Highly recommended!",https://www.myntra.com/reviews/12848654
myntra_12848654_13,myntra_reviews,shirts,,4,"This Louis Philippe navy blue jeans is excellent! The color is rich and goes well with both casual and semi-formal outfits. The fabric feels premium and comfortable, with just the right amount of stretch for ease of movement. The fit is tailored and gives a smart look without being overly tight. It's a versatile pair of jeans that works well for different occasions. I'm very happy with the purchase and would recommend it for anyone looking for a stylish, well-fitted pair of jeans.",https://www.myntra.com/reviews/12848654
myntra_12848654_14,myntra_reviews,shirts,,5,"Premium Quality and Elegant Look! ⭐⭐⭐⭐⭐ I purchased a Louis Philippe shirt from Myntra and it exceeded my expectations. The fabric quality is top-notch — soft, smooth, and feels very premium. The fit is perfect and gives a sharp, classy appearance. The stitching and detailing are excellent, truly reflecting the brand’s quality. It’s comfortable for all-day wear and ideal for both office and formal occasions. Absolutely worth the price — highly recommend!",https://www.myntra.com/reviews/12848654
myntra_12848654_15,myntra_reviews,shirts,,5,"Really happy with this shirt! The fabric feels soft and comfortable on the skin, perfect for all-day wear. The fit is just right—not too tight, not too loose—and gives a clean, classy look. The white color looks premium and pairs easily with jeans or formal pants. I also liked the stitching and overall finish, it doesn’t feel cheap at all. Sleeves can be rolled up for a casual vibe or kept full for a more formal look. Definitely a versatile piece for both office and casual outings.",https://www.myntra.com/reviews/12848654
myntra_12848654_16,myntra_reviews,shirts,,5,"Louis Philippe ki yeh pink shirt quality aur style dono ke maamle mein bahut hi shandaar hai. Fabric bahut soft aur premium feel deta hai, fitting bhi perfect hai aur color bilkul elegant lagta hai. Formal aur casual dono occasions ke liye suitable hai. Stitching aur finishing bhi excellent hai. Pehenne par classy aur comfortable feel hota hai. Overall, paisa vasool product hai. Louis Philippe ne ek baar phir apni premium quality ko prove kiya hai. Highly recommended!",https://www.myntra.com/reviews/12848654
myntra_12848654_17,myntra_reviews,shirts,,5,Perfect fit ✅ and the fabric feels great 👌. It’s 100% cotton and comes in a clean slim fit 👕. Definitely worth buying for both comfort and style 🔥.,https://www.myntra.com/reviews/12848654
myntra_12848654_18,myntra_reviews,shirts,,5,"I am very satisfied with this shirt. The fabric quality is excellent, soft, breathable, and comfortable to wear throughout the day. The stitching is neat, and the overall finish gives it a premium look. The fit is true to size and looks stylish for both casual and formal occasions. Even after washing, the color and fabric remain in great condition. It offers great value for money, and I would definitely recommend it to anyone looking for a comfortable and well-made shirt.",https://www.myntra.com/reviews/12848654
myntra_12848654_19,myntra_reviews,shirts,,5,"I am absolutely thrilled with this purchase! The quality of the fabric is premium, feeling incredibly soft and durable against the skin. It holds its shape perfectly and looks even better in person. Most importantly, the color is exactly as vibrant and accurate as shown in the product pictures. The stitching is neat and professional, with no loose threads. It’s a perfect blend of comfort and style. I highly recommend it to anyone looking for great value for money!",https://www.myntra.com/reviews/12848654
myntra_12848654_20,myntra_reviews,shirts,,5,"I am very pleased with the olive green shirt I recently purchased. The quality of the fabric is truly excellent and feels wonderfully soft against the skin. It has maintained its shape and color perfectly after several washes, which is a testament to its superior craftsmanship. The fit is also very flattering, making it a versatile addition to my wardrobe. I would highly recommend this shirt to anyone seeking a stylish and durable garment.",https://www.myntra.com/reviews/12848654
myntra_12848654_21,myntra_reviews,shirts,,5,This shirt from Louis Philippe is very awesome. The colour is the same as shown in the model picture. Fabric quality is of pure cotton. It fits perfectly and the stitching quality is very nice. Thanks Myntra 😍,https://www.myntra.com/reviews/12848654
myntra_12848654_22,myntra_reviews,shirts,,5,I just loved it....... Nothing to say about the product. Awesome piece delivered. Having a great experience must buy....... Myntra never disappoints. Product is quality assured and satisfactory,https://www.myntra.com/reviews/12848654
myntra_12848654_23,myntra_reviews,shirts,,5,"Amazingly soft fabric and premium look! Super satisfied with this Louis Philippe Jeans shirt! The 'soft hand feel' description is completely accurate—the fabric feels incredibly smooth, premium, and soft against the skin. The over-dyed light yellow/cream shade looks exceptionally elegant and refreshing for daytime or casual wear. The slim fit is perfect in Size 40, offering a sharp silhouette without sacrificing comfort. Top-notch quality!",https://www.myntra.com/reviews/12848654
myntra_21978818_0,myntra_reviews,shirts,,5,"Excellent quality...I am overall satisfied with my purchase. The fabric quality is great, and the fit is 100% accurate size. The color is also exactly as I expected from the product photo. Perfect stitching and fit. Very premium fabric. Feels good to wear. Good styling and colour as well. Need more such styles and comfortable clothes.XL Fit for a chest size of 42 was near perfect ! Quality seems good . Thiruppur made so even more delighted .Great quality and fitting is good. Very good for office wear uses. This brand is very value for money and reliable. Wonderfu thank you",https://www.myntra.com/reviews/21978818
myntra_21978818_1,myntra_reviews,shirts,,5,"Love this shirt! I recently purchased the Highlander tartan checked slim fit shirt and I'm so glad I did! The shirt is absolutely stunning - the tartan pattern is classic and timeless, and the slim fit design makes me look and feel great. The material is top-quality, with a soft and comfortable texture that's perfect for everyday wear. The checked pattern is beautifully executed, with a subtle sheen that adds depth and visual interest. I've worn it to work, out with friends, and even to a few formal events - it's that versatile! Overall, I'm thoroughly impressed with this shirt. The quality is exceptional, the design is flattering, and the price is unbeatable. If you're looking for a great tartan shirt, look no further!",https://www.myntra.com/reviews/21978818
myntra_21978818_2,myntra_reviews,shirts,,5,"बहुत बढ़िया शर्ट 👌🔥 शर्ट की क्वालिटी काफी अच्छी है। कपड़ा soft और comfortable है, fitting भी एकदम शानदार है। इसका blue check pattern देखने में काफी classy और stylish लगता है। पहनने के बाद look और भी smart आता है।",https://www.myntra.com/reviews/21978818
myntra_21978818_3,myntra_reviews,shirts,,5,"This lightweight plaid button-down is a versatile choice for effortless smart-casual dressing. Here is a breakdown of why this shirt works well: The Design: The multi-colored, soft-toned plaid pattern gives off a relaxed, modern vibe. It balances neutral tones with subtle pops of color, making it easy to pair with various wardrobe staples. The Styling: The model pairs it perfectly with dark brown trousers and sunglasses, highlighting its versatility for warm-weather outings, casual fridays, or weekend brunches. The Fit: It features a clean, tailored fit that isn't too baggy, which looks sharp whether it is worn tucked in, left untucked, or layered open over a plain white t-shirt.",https://www.myntra.com/reviews/21978818
myntra_21978818_4,myntra_reviews,shirts,,5,"Great Fit & Classy Look! I bought a Hilander shirt recently from Myntra and I’m really happy with the purchase. The fabric is soft and breathable, perfect for both casual and semi-formal occasions. The stitching is neat, and the fit is just right – not too tight, not too loose. It gives a smart and polished look, especially when paired with chinos or jeans. The color didn’t fade after washing, and the shirt held its shape well. For the price, it offers excellent value and quality. Definitely recommended if you want a comfortable and stylish shirt at an affordable price!",https://www.myntra.com/reviews/21978818
myntra_21978818_5,myntra_reviews,shirts,,5,"I recently bought this shirt and I really liked it! The fabric feels comfortable on the skin and the fit is just right—not too tight, not too loose. The stitching and finishing are neat, which gives it a polished look. It’s versatile enough to wear casually with jeans or even slightly dressed up for outings. Overall, great value for money and stylish at the same time. Definitely recommend!. . .",https://www.myntra.com/reviews/21978818
myntra_21978818_6,myntra_reviews,shirts,,4,"I purchased this shirt from Myntra and I am very satisfied with it. The quality is really good and the fabric feels comfortable and soft on the skin. The size and fitting are perfect, exactly as expected. The color and design are the same as shown in the pictures. Overall, it is a great product and value for money. I would definitely recommend it to other",https://www.myntra.com/reviews/21978818
myntra_21978818_7,myntra_reviews,shirts,,4,"Loved the overall look of this outfit! The blue checked shirt has a vibrant, casual vibe and fits really well – not too tight, not too loose. The fabric feels breathable and perfect for all-day wear. Only dropping a star because the shirt fabric could’ve been a tad softer. But overall, a great pick for anyone looking for a trendy casual outfit!",https://www.myntra.com/reviews/21978818
myntra_21978818_8,myntra_reviews,shirts,,5,"Really liked the shirt quality and fitting. The fabric feels comfortable and looks premium for the price. Color is exactly as shown in the pictures, and stitching is neat. Perfect for casual as well as semi-formal wear. Overall, satisfied with the purchase.",https://www.myntra.com/reviews/21978818
myntra_21978818_9,myntra_reviews,shirts,,5,"Loved this shirt! The fabric is soft, lightweight, and very comfortable to wear. The fit is perfect, and the check pattern looks stylish. The color is exactly as shown in the pictures. Good quality stitching and great value for the price. Highly recommended for casual and everyday wear.",https://www.myntra.com/reviews/21978818
myntra_21978818_10,myntra_reviews,shirts,,4,"This beige tartan checked shirt delivers a clean, sophisticated, and versatile look. The light beige base with subtle checks creates a premium and elegant appearance that works well for both casual and semi-casual occasions. The slim-fit design gives a sharp silhouette, while the soft color makes it easy to pair with jeans, chinos, or cargo pants. It’s a timeless piece that offers a refined style without being overly flashy.",https://www.myntra.com/reviews/21978818
myntra_21978818_11,myntra_reviews,shirts,,5,"I’m really happy with this Highlander shirt from Myntra. The fabric is pure cotton, very soft on the skin, and perfect for daily wear as well as casual outings. The fit is just right—not too tight, not too loose—and feels comfortable even after wearing it for long hours. The color and checks look exactly like the pictures, and the stitching quality is also good. It’s breathable, lightweight, and gives a neat, stylish look.",https://www.myntra.com/reviews/21978818
myntra_21978818_12,myntra_reviews,shirts,,5,"I’m really happy with this shirt. The burgundy colour looks stylish and exactly as shown, and the windowpane check pattern gives it a smart yet casual look. The slim fit is flattering without feeling too uncomfortable, and the fabric feels comfortable and suitable for regular wear. Overall, a stylish and good-quality shirt that I would recommend.",https://www.myntra.com/reviews/21978818
myntra_21978818_13,myntra_reviews,shirts,,5,Bahut hi badhiya shirt hai! Fabric ki quality kaafi soft aur comfortable hai. Color combination bhi bahut attractive lagta hai aur pehne par premium look deta hai. Stitching achhi hai aur fitting bhi perfect aayi. Casual aur outing dono ke liye ekdum suitable shirt hai.,https://www.myntra.com/reviews/21978818
myntra_21978818_14,myntra_reviews,shirts,,5,"Looks aesthetic. This plaid shirt is incredibly comfortable and ideal for a super casual look. The fabric feels soft and breathable for everyday wear, and the light beige and orange check pattern is highly versatile—it pairs effortlessly with dark jeans. Fit & Sizing: The regular fit is spot on.",https://www.myntra.com/reviews/21978818
myntra_21978818_15,myntra_reviews,shirts,,5,"Excellent Quality and Perfect Fit! Really happy with this Highlander shirt. The fabric feels soft, breathable, and comfortable to wear throughout the day. The fit is true to size, and the stitching and overall finish are impressive for the price. The color matches the pictures, and it looks stylish for both casual outings and semi-formal occasions.",https://www.myntra.com/reviews/21978818
myntra_21978818_16,myntra_reviews,shirts,,5,Very good and comfortable shirt.very nice shirt .good quality fabric used in this shirt. Fitting of this shirt is perfect. There is no any single mistake observed in this shirt .perfect fitting.iwant to give five ⭐⭐⭐⭐⭐ rating to this.,https://www.myntra.com/reviews/21978818
myntra_21978818_17,myntra_reviews,shirts,,5,"Perfect Fit & Premium Quality! Absolutely loved this Highlander checks shirt! The size is just perfect — fits true to size and very comfortable to wear. The fabric quality is top-notch, soft yet durable. The check design is stylish and goes well for both casual and semi-formal looks. Totally worth the price.",https://www.myntra.com/reviews/21978818
myntra_21978818_18,myntra_reviews,shirts,,5,"This FUBAR shirt is really very good 👌. The cloth quality is excellent, very soft and comfortable to wear. The fabric feels premium and looks stylish at the same time. Perfect fitting, perfect stitching, and very wonderful material. Totally value for money 💯. I am fully satisfied with this shirt and highly recommend it to everyone who wants good quality and comfort. Loved it ❤️✨",https://www.myntra.com/reviews/21978818
myntra_21978818_19,myntra_reviews,shirts,,5,"Great Looking Checked Shirt. The shirt looks stylish and premium. The checked pattern is attractive and gives a smart casual look. The fabric feels comfortable on the skin and is suitable for daily wear as well as outings. The fit is good and the stitching quality is neat. Overall, a great value-for-money shirt with good comfort and quality.",https://www.myntra.com/reviews/21978818
myntra_21978818_20,myntra_reviews,shirts,,4,Good quality and the fabric is good and it is good for comfort. Delivery is great and product has delivered safely Thanks to myntra for this amazing product. Fit is good and it gives comfort when we wore,https://www.myntra.com/reviews/21978818
myntra_21978818_21,myntra_reviews,shirts,,5,"Awesome quality. Absolutely loved this shirt! The fabric is soft, comfortable, and feels premium. The slim-fit design gives a smart and stylish look, while the check pattern looks trendy and versatile.",https://www.myntra.com/reviews/21978818
myntra_21978818_22,myntra_reviews,shirts,,5,"Really loved this shirt! The fit is comfortable and looks smart without feeling too tight. The checked pattern and colour combination are quite stylish and can be easily paired with jeans or casual trousers. The stitching and overall finish also look good. Definitely a good choice for a casual, stylish outfit.",https://www.myntra.com/reviews/21978818
myntra_21978818_23,myntra_reviews,shirts,,5,Value for money! Shirt ki quality bahut achhi hai aur fitting ekdum perfect aayi. Fabric soft hai aur color bilkul waisa hi hai jaisa photo mein dikh raha tha. Myntra ki delivery bhi fast thi. Highly recommended!,https://www.myntra.com/reviews/21978818
myntra_34083841_0,myntra_reviews,shirts,,5,"Ordered this in size S and delivery was quick, got it in about 3 days. The shirt looks really clean and well-made right out of the packaging. The fabric is soft and has a nice comfortable feel to it, lives up to the ‘Comfort’ name honestly! The fit in S is great, not too loose and sits nicely on the shoulders without restricting movement. The casual style is very versatile, can easily pair it with jeans, joggers or even chinos for a relaxed look. The stitching quality is solid, no loose threads or uneven seams which I always check first. The color is exactly as shown in the pictures, no surprises there. Wore it for a casual day out and it stayed fresh and wrinkle-free throughout. If anything, I’d say the fabric could be slightly thicker but for the price point Campus Sutra has really nailed the comfort factor.",https://www.myntra.com/reviews/34083841
myntra_34083841_1,myntra_reviews,shirts,,5,"Simple, classy, and confident. 🤍 The pastel shirt gives a calm, mature vibe while the overall look feels effortless and well put together. Perfect balance of smart and casual—ideal for workdays or casual meetings. Clean styling, subtle confidence, and a personality that stands out without trying too hard.",https://www.myntra.com/reviews/34083841
myntra_34083841_2,myntra_reviews,shirts,,5,"Got my Campa Sutra shirt delivered yesterday and I’m honestly impressed. The fabric feels light and breathable, perfect for daily wear in this heat. The fit sits just right on the shoulders and chest without feeling tight, and the stitching looks clean and well-finished. The color and pattern look even better in real life than in the pictures, which is rare when ordering online. It gives a smart casual vibe—you can wear it for college, outings, or even a chill evening. Overall, great quality for the price. Comfortable, stylish, and exactly what I was hoping for. Definitely a 5-star buy from me 👍",https://www.myntra.com/reviews/34083841
myntra_34083841_3,myntra_reviews,shirts,,5,"Ye shirt price ke hisaab se bhut acchi quality wali hai Fabric soft aur comfortable hai, fitting perfect hai, aur stitching bhi solid lagti hai. Colour bilkul waise hi hai jaise picture mein dikhaya gaya tha. Value for money product hai everyday wear ke liye best choice. Definitely recommend karunga",https://www.myntra.com/reviews/34083841
myntra_34083841_4,myntra_reviews,shirts,,4,"This shirt looks really stylish and premium. The fabric quality is soft, breathable, and comfortable for all-day wear. The color gives a classy and trendy look. It fits well. The stitching and finishing are neat, and the overall design gives a modern appearance. Only a small suggestion would be slightly improving the fabric thickness, but overall it’s a great purchase and definitely worth the price. Highly recommended!",https://www.myntra.com/reviews/34083841
myntra_34083841_5,myntra_reviews,shirts,,5,"Honest review after using for 6 to 8 times - Shirt is very nice, fitting is also proper in terms of size they mentioned. the fabric material is also good, just want to add a point that it's not Cotton it's like terecot or kind of synthetic material it looks like cotton shirt buy it's not. I am male, height - 5.9, medium body size not lean not fat normal body size, and i bought 40 size. And it fits wlme proper.",https://www.myntra.com/reviews/34083841
myntra_34083841_6,myntra_reviews,shirts,,5,"⭐⭐⭐⭐⭐ Great Shirt! Really impressed with this shirt. The fabric feels soft and comfortable, the stitching is neat, and the fit is exactly as expected. The color matches the pictures, and it's perfect for both casual outings and office wear. After washing, it retained its shape and color without shrinking. Overall, it's excellent value for money. Highly recommended",https://www.myntra.com/reviews/34083841
myntra_34083841_7,myntra_reviews,shirts,,5,"Really impressed with this shirt. The fabric feels light, breathable, and comfortable for all-day wear. Stitching is neat, and the pastel checks look classy yet subtle. Fits true to size and works well for casual or semi-formal occasions. Excellent quality for the price. Highly recommended for everyday style and comfort.",https://www.myntra.com/reviews/34083841
myntra_34083841_8,myntra_reviews,shirts,,5,"It's a good product, quality is good, comfortable to wear it ..",https://www.myntra.com/reviews/34083841
myntra_34083841_9,myntra_reviews,shirts,,5,"Really liked this Campus Sutra pink and white shirt! The color combination looks fresh and stylish in person, even better than the pictures. The fabric feels light and comfortable, perfect for daily wear or casual outings. Quality is good for the price, and it doesn’t feel cheap at all. Worth the price",https://www.myntra.com/reviews/34083841
myntra_34083841_10,myntra_reviews,shirts,,5,"I really loved this shirt! The fabric feels lightweight and comfortable, perfect for casual outings and summer wear. The soft pastel color gives a classy and stylish look, and the fit looks very elegant. Easy to pair with jeans for a simple yet fashionable outfit. Great quality for the price!",https://www.myntra.com/reviews/34083841
myntra_34083841_11,myntra_reviews,shirts,,5,"This shirt feels incredible. The texture is exceptionally soft—none of that stiff or scratchy feeling you get with lower-quality cotton. It’s lightweight and breathable, making it easily the most comfortable thing in my closet. It feels like a broken-in favorite from the very first wear.",https://www.myntra.com/reviews/34083841
myntra_34083841_12,myntra_reviews,shirts,,5,"This shirt is absolutely fantastic! ✨ The quality is top-notch and the styling is just superb. It's truly ideal for winter, keeping you cozy and fashionable(cuz it's fabric). If you can handle the heat during summer, then definitely snag this one! You won't regret it. 🔥👚💯",https://www.myntra.com/reviews/34083841
myntra_34083841_13,myntra_reviews,shirts,,5,"Great quality shirt! The fabric feels premium and is very comfortable to wear throughout the day. The fit is perfect as per the size chart, and the color looks exactly like the images shown",https://www.myntra.com/reviews/34083841
myntra_34083841_15,myntra_reviews,shirts,,4,The size and fittings are perfect but I expected softer fabrics for the price range. Overall the product is more than decent. Though I need to wash it first as there is a dust mark in one of the sleeves.,https://www.myntra.com/reviews/34083841
myntra_34083841_16,myntra_reviews,shirts,,5,"This shirt is a winner! The fabric feels like a high-quality linen-cotton blend—it has that great, classic textured look that is breathable and ideal for warmer weather. The stitching is clean and feels quite durable for the price point.",https://www.myntra.com/reviews/34083841
myntra_34083841_17,myntra_reviews,shirts,,5,Awesome to wearing such good fabric,https://www.myntra.com/reviews/34083841
myntra_34083841_18,myntra_reviews,shirts,,5,"Amazing cloth quality, jaisa picture mai h usse bhi best hai, loved it....",https://www.myntra.com/reviews/34083841
myntra_34083841_19,myntra_reviews,shirts,,4,"Nice fitting. Looks good, and got it in budget. Excellent product. But the only drawback I felt was that the quality was bit compromising. Otherwise overall good product.",https://www.myntra.com/reviews/34083841
myntra_34083841_20,myntra_reviews,shirts,,5,Great shirt and a solid fit! Highly recommended for someone who is looking for light shirts,https://www.myntra.com/reviews/34083841
myntra_34083841_22,myntra_reviews,shirts,,5,Good Nice talk delivery ajent,https://www.myntra.com/reviews/34083841
myntra_34083841_23,myntra_reviews,shirts,,4,it is nice. comfortable fibric and very stylish wear.,https://www.myntra.com/reviews/34083841
myntra_15557590_0,myntra_reviews,shirts,,4,"This shirt presents a clean, minimal, and effortlessly stylish aesthetic that makes it suitable for both casual and semi-formal occasions. The light pastel shade gives it a soft and soothing appearance, making it comfortable to look at and easy to pair with different outfits. The fabric appears to be high-quality cotton or a cotton blend, which suggests breathability, comfort, and durability—ideal for everyday wear, especially in warm weather conditions. The design of the shirt is simple yet elegant, featuring a classic button-down front with well-stitched seams that indicate good craftsmanship. The buttons are neatly aligned and appear sturdy, adding to the overall polished look of the garment. The collar is structured yet relaxed, making it versatile enough to wear with or without a tie.",https://www.myntra.com/reviews/15557590
myntra_15557590_1,myntra_reviews,shirts,,5,"Tried the Roadster Blue Denim Shirt 👕 and I’ve got to say — totally worth it! 💯 The deep blue shade gives that effortlessly cool vibe — perfect for casual outings or even a laid-back office look. The pure cotton fabric feels soft yet sturdy, so it’s comfy to wear all day long 😎 The fit is on point — not too tight, not too loose — and it looks great whether tucked in or left out. I really liked the neat stitching and minimal design ✨ It pairs perfectly with jeans or chinos, making it super versatile for any mood or occasion. Just a small tip 🔹 wash gently and avoid too much sunlight to keep that denim color rich and fresh. Overall, this shirt is a solid pick for everyday style — comfortable, trendy, and budget-friendly. If you love effortless fashion with a touch of class, the Roadster Denim Shirt won’t disappoint! 💙",https://www.myntra.com/reviews/15557590
myntra_15557590_2,myntra_reviews,shirts,,5,"⭐⭐⭐⭐⭐ Outstanding Quality, Perfect Fit, and Premium Comfort! I am extremely satisfied with this shirt and can honestly say it exceeded all my expectations. From the moment I unpacked it, I could immediately tell that it was made with high-quality materials and excellent craftsmanship. The fabric feels soft, smooth, breathable, and premium to the touch, making it incredibly comfortable to wear throughout the day. It has a rich texture that gives the shirt an elegant and expensive look. The stitching and finishing are absolutely flawless. Every seam is neatly done, the buttons are securely attached, and there are no loose threads or imperfections anywhere. The attention to detail in the tailoring reflects the excellent quality of the product. It is clear that great care has gone into designing and manufacturing this shirt. The fit is another highlight. It is true to size and provides a clean, flattering silhouette without feeling too tight or too loose. The shirt allows easy movement.",https://www.myntra.com/reviews/15557590
myntra_15557590_3,myntra_reviews,shirts,,5,"Got this Roadster shirt from Myntra and liked it. Myntra kept things simple with fast delivery, clean packaging and no damage, which already sets the tone right 📦✨ Now about the shirt — the light blue colour looks really nice and the regular fit is comfortable without feeling too loose or too tight. The chambray fabric feels lightweight and works really well for casual everyday wear 👕💙 If you are expecting a very formal shirt, this is not really for that. This one is more for people who want something simple, stylish and easy to wear with jeans or casual trousers. The colour is versatile and can easily become one of those shirts you keep reaching for again and again ⚡ The fabric feels comfortable on the skin and the shirt has a clean, minimal look. The full sleeves and button-down style make it easy to dress up or keep casual depending on where you are wearing it. The pocket also adds a nice practical touch 👍 Overall, a good everyday shirt for the price.",https://www.myntra.com/reviews/15557590
myntra_15557590_4,myntra_reviews,shirts,,5,"I recently purchased a Roadster shirt and I’m extremely impressed. The fabric feels soft yet durable, making it perfect for both casual and semi-formal wear. The stitching and finishing are neat, showing good attention to detail. The fit is just right – comfortable without being too loose or too tight. What I love most is the style – it has a modern, trendy look while still being versatile enough to pair with jeans or chinos. The colors stay vibrant even after multiple washes, and the shirt doesn’t lose its shape. Overall, this is one of the best shirts I’ve bought in a while. Great value for money and highly recommended for anyone who wants comfort, quality, and style in one package.",https://www.myntra.com/reviews/15557590
myntra_15557590_5,myntra_reviews,shirts,,5,"I recently picked up this Roadster Men’s Light Blue Solid Regular Fit Chambray Casual Shirt, and it has quickly become a staple in my wardrobe. If you’re looking for that perfect balance between ""effortlessly cool"" and ""put-together,"" this is it. What Makes It Great: Premium Look & Feel: The chambray fabric gives it a textured, denim-like appearance but feels much lighter and more breathable. It’s perfect for the Indian climate. The Perfect Shade: The light blue is incredibly versatile. It looks just as good paired with dark indigo jeans as it does with beige chinos or even layered under a black jacket (as shown in the product image). Excellent Fit: The ""Regular Fit"" is spot on—it provides enough room for comfort without looking baggy or sloppy. It holds its shape well throughout the day. Value for Money: At the current offer price of ₹464, this is an absolute steal. The quality feels much higher than the price tag suggests.",https://www.myntra.com/reviews/15557590
myntra_15557590_6,myntra_reviews,shirts,,5,"Fit: True to size. It features a tailored cut that flatters without feeling restrictive, and it stays perfectly tucked in. Fabric: 100% premium combed cotton. It is incredibly soft to the touch and breathable. Durability: Withstands multiple machine washes without fading or collar stretching. What I Loved: Comfort: The cotton feels light against the skin, making it ideal for both lounging and everyday wear. Details: The stitching is tight, and the buttons are securely fastened, avoiding fraying.",https://www.myntra.com/reviews/15557590
myntra_15557590_7,myntra_reviews,shirts,,5,"The fabric quality is really good—soft, breathable, and comfortable for all-day wear. The stitching is neat and gives a premium feel, which I didn’t fully expect at this price range. The fit is accurate to size, and the shirts sit well on the shoulders without feeling too tight or too loose. I especially liked the variety of colors and patterns available, which makes them suitable for both casual outings and semi-formal occasions. After a couple of washes, the color hasn’t faded and the material still feels fresh, which is a big plus. Overall, these shirts offer great value for money, combining style, comfort, and durability. I would definitely recommend them to anyone looking for reliable everyday wear.",https://www.myntra.com/reviews/15557590
myntra_15557590_8,myntra_reviews,shirts,,5,"Great Casual Shirt – Perfect Fit Size Bought: M Height: 5'6"" (approx) Body Type: Regular Review: Really liked this denim shirt. The fabric feels soft and comfortable and the color looks exactly like the pictures. It gives a very clean casual look and can easily be styled with jeans or trousers. The fit is flattering and the material is breathable, so it’s comfortable for long wear. The sleeves can also be rolled up which makes it look even more stylish. Perfect for casual outings, office casual days, or travel. Overall very happy with the purchase. Totally worth the price. Pros: ✔ Soft denim fabric ✔ Nice light blue color ✔ Comfortable fit ✔ Easy to style with jeans or trousers Con: ➖ Fabric is slightly thin but comfortable for daily wear.",https://www.myntra.com/reviews/15557590
myntra_15557590_9,myntra_reviews,shirts,,5,"I recently acquired a new shirt, and I am absolutely loving it! The fabric is incredibly soft, making it a joy to wear throughout the day. The fit is perfect, offering both comfort and a flattering silhouette. I was particularly drawn to the unique pattern, which adds a touch of personality to any outfit. The color is vibrant and has received several compliments. I paired it with my favorite pair of jeans and some sneakers for a casual look. I can see myself wearing this shirt to work or a casual outing with friends. The quality seems top-notch, and I expect it to last for a long time. Overall, I am extremely happy with this purchase and would highly recommend it to anyone! 👕 #NewShirt #FashionFinds #StyleInspo #ComfortableClothes",https://www.myntra.com/reviews/15557590
myntra_15557590_10,myntra_reviews,shirts,,5,"Absolutely loved it!! The light blue colour looks classy, fresh, and exactly as shown in the pictures. It gives a clean, smart-casual look that works perfectly for both casual outings and semi-formal occasions... The regular fit is spot on, offering a comfortable yet well-tailored appearance. The fabric feels soft, breathable, and lightweight, making it ideal for all-day wear. The stitching and overall finish are impressive for the price, and the shirt sits nicely on the shoulders and chest without feeling tight.... Overall, this shirt offers amazing value for money. If you're looking for a stylish, comfortable, and well-fitting light blue casual shirt, this is definitely a great buy... Highly recommended!...",https://www.myntra.com/reviews/15557590
myntra_15557590_11,myntra_reviews,shirts,,4,"What works Many buyers find the fabric soft, breathable and comfortable — good for casual or semi-formal wear, especially in warm weather. The fit and stitching are generally described as “decent and neat” — not too tight or loose, and often “just right” for everyday wear. For the price point, a number of customers call it “value for money” — a reasonable-quality shirt without a premium-brand price tag. For many, the shirt has been acceptable for casual use over months. Some forum-users said: “I have been using them for years… still going strong.",https://www.myntra.com/reviews/15557590
myntra_15557590_12,myntra_reviews,shirts,,4,"The fabric quality is impressive, making it comfortable for daily wear. However, the fit runs loose, so consider sizing down if you prefer a snug fit. A great pick for casual styling at a budget-friendly price!",https://www.myntra.com/reviews/15557590
myntra_15557590_13,myntra_reviews,shirts,,5,"This Roadster light blue chambray shirt is a great casual wear option with a soft and breathable fabric that feels comfortable throughout the day. The light blue colour looks clean, fresh, and versatile for different occasions. The regular fit gives a relaxed yet neat appearance, making it suitable for daily use. The stitching quality is good, and the buttons feel sturdy, giving the shirt a durable finish. The collar sits well and adds a simple, classic touch to the overall look. It pairs easily with jeans or chinos. Overall, it is a value-for-money casual shirt with a stylish everyday vibe.",https://www.myntra.com/reviews/15557590
myntra_38817468_0,myntra_reviews,shirts,,5,"Nice, comfy shirt that's perfect for summer ☀️. The fabric feels light and breathable, making it great for warm weather. It also has a neat, classy look, so it works really well as formal wear too.",https://www.myntra.com/reviews/38817468
myntra_38817468_1,myntra_reviews,shirts,,5,"Very soft and breathable fabric that keeps you comfortable even during hot summer days. Perfect for an effortless office look — light, elegant, and easy to carry all day without compromising on style or comfort.",https://www.myntra.com/reviews/38817468
myntra_38817468_2,myntra_reviews,shirts,,5,Perfect for office wear. Fits very well. Quality of fabric is great,https://www.myntra.com/reviews/38817468
myntra_38817468_3,myntra_reviews,shirts,,5,"I bought this for my sister and she absolutely loves how comfy and stylish it is. The dark green color looks great on her, and it’s perfect for her everyday outfits.",https://www.myntra.com/reviews/38817468
myntra_38817468_4,myntra_reviews,shirts,,5,"Great product. Fitting and fabric are nice. Color is accurate as mentioned and shown in the pictures. Washed it two times till now, no issue in fabric. Material is very breathable and looks very premium and elegant while wearing it.",https://www.myntra.com/reviews/38817468
myntra_38817468_5,myntra_reviews,shirts,,5,The color and fitting of the shirt are amazing. The loose fit makes it super comfortable to wear. Great quality for the price — totally worth it!,https://www.myntra.com/reviews/38817468
myntra_38817468_6,myntra_reviews,shirts,,5,The quality of these clothes is outstanding. The fabric feels premium and durable. Truly impressed with the craftsmanship,https://www.myntra.com/reviews/38817468
myntra_38817468_7,myntra_reviews,shirts,,5,Loved the fabric and the fit. The colour seems a little dark in the image but is actually quite lighter in person.,https://www.myntra.com/reviews/38817468
myntra_38817468_8,myntra_reviews,shirts,,5,Its very good and fabric is superb must buy this and the fit was superb quality you can surely go for it,https://www.myntra.com/reviews/38817468
myntra_38817468_9,myntra_reviews,shirts,,5,"Love this shirt piece a lot. So comfortable for summers, can easily be worn all day long. Solid print and good fabric.",https://www.myntra.com/reviews/38817468
myntra_38817468_10,myntra_reviews,shirts,,5,The clothes feel comfortable and sturdy at the same time. Excellent attention to detail. Very impressed,https://www.myntra.com/reviews/38817468
myntra_38817468_11,myntra_reviews,shirts,,5,Really stylish and looks so good and the quality is also nice and its soo comfortable. Just loved it,https://www.myntra.com/reviews/38817468
myntra_38817468_12,myntra_reviews,shirts,,5,The product quality is top-notch and packaging was secure. It arrived on time without any damage.,https://www.myntra.com/reviews/38817468
myntra_38817468_13,myntra_reviews,shirts,,5,I came from my office and it was a surprise party for me the shirt suits it well for the celebration as well... Fabric is very nice,https://www.myntra.com/reviews/38817468
myntra_38817468_14,myntra_reviews,shirts,,5,High-quality stitching and premium fabric. It fits perfectly and feels amazing. Great purchase,https://www.myntra.com/reviews/38817468
myntra_38817468_15,myntra_reviews,shirts,,5,"The material is breathable and durable. Even after washing, it looks brand new. Great quality",https://www.myntra.com/reviews/38817468
myntra_38817468_16,myntra_reviews,shirts,,5,The fabric feels soft yet very strong. It holds its shape beautifully. Excellent quality overall,https://www.myntra.com/reviews/38817468
myntra_38817468_17,myntra_reviews,shirts,,5,"Smooth and comfortable to wear and material quality is very good, perfect fitting for me",https://www.myntra.com/reviews/38817468
myntra_38817468_18,myntra_reviews,shirts,,5,The texture is smooth and rich. The material doesn’t fade or shrink. Fantastic quality.,https://www.myntra.com/reviews/38817468
myntra_38817468_19,myntra_reviews,shirts,,5,Awesome top the quality is superb must buy very stylish while wearing the fit is superb,https://www.myntra.com/reviews/38817468
myntra_38817468_20,myntra_reviews,shirts,,5,Fits well and looks very stylish. Breathable material makes this shirt very comfortable.,https://www.myntra.com/reviews/38817468
myntra_38817468_21,myntra_reviews,shirts,,5,Beautifully made with durable fabric. You can tell it’s crafted with care. Love it!,https://www.myntra.com/reviews/38817468
myntra_38817468_22,myntra_reviews,shirts,,5,Amazing quality and the fitting is so well! Worth every penny…..,https://www.myntra.com/reviews/38817468
myntra_41637578_0,myntra_reviews,sarees,,5,"This saree is so beautiful that I’m literally out of words! I’m extremely happy because it looks exactly the same as shown in the pictures. It’s a perfect saree for any wedding or special occasion. It is incredibly elegant, beautiful, and comfortable. Thank you Myntra.🌷",https://www.myntra.com/reviews/41637578
myntra_41637578_2,myntra_reviews,sarees,,4,Nice and budget friendly saree,https://www.myntra.com/reviews/41637578
myntra_41637578_3,myntra_reviews,sarees,,4,Very good and beautiful saree,https://www.myntra.com/reviews/41637578
myntra_41637578_4,myntra_reviews,sarees,,5,Very nice product...superb..,https://www.myntra.com/reviews/41637578
myntra_41637578_5,myntra_reviews,sarees,,5,Excellent 🥰 and bhut hi payri sari hai all good,https://www.myntra.com/reviews/41637578
myntra_41637578_6,myntra_reviews,sarees,,5,Good fabric and colour looks amazing.,https://www.myntra.com/reviews/41637578
myntra_41637578_8,myntra_reviews,sarees,,5,Nice and very good product,https://www.myntra.com/reviews/41637578
myntra_32008867_0,myntra_reviews,sarees,,5,"This saree is an absolute showstopper—effortlessly blending elegance with a bold, modern vibe. The rich black base instantly gives it a timeless, classy appeal, while the intricate silver patterns add a layer of depth and sophistication that’s hard to ignore. The detailing feels almost like a piece of art, with every motif contributing to a striking overall look. What really stands out is how versatile it is. Paired with a fitted black blouse like in the photo, it creates a sleek, flattering silhouette that works beautifully for evening events or college fests. The drape falls gracefully, enhancing the natural flow of the fabric and giving a confident, polished finish. Another highlight is the balance it strikes—it’s traditional in essence but carries a contemporary edge, making it perfect for someone who wants to stand out without going over the top. Add minimal jewelry, and the saree does all the talking; go bold with accessories, and it still holds its own.",https://www.myntra.com/reviews/32008867
myntra_32008867_1,myntra_reviews,sarees,,5,"I recently purchased this saree, and I must say, I am absolutely delighted with my purchase! The fabric is incredibly soft and comfortable, making it perfect for long hours of wear. It drapes beautifully and feels very lightweight. The print is just as stunning as shown in the pictures—vibrant, elegant, and perfectly detailed. The colors are rich and don’t fade after washing, which is a huge plus. It’s ideal for both casual and festive occasions. Overall, a fantastic saree with excellent quality and design. Highly recommended!",https://www.myntra.com/reviews/32008867
myntra_32008867_2,myntra_reviews,sarees,,5,"I am really impressed with the print quality of this saree. The black and white geometric/tribal patterns give it a very sophisticated, modern-traditional fusion look. The fabric has a slight sheen and holds its shape well, making the pleats look sharp. It's lightweight enough to wear for a full day. I paired it with a black full-sleeve blouse as shown in the picture, and it looked very classy. Definitely a value-for-money purchase on Myntra.",https://www.myntra.com/reviews/32008867
myntra_32008867_3,myntra_reviews,sarees,,5,"Elevate your ethnic wardrobe with the timeless charm of the KALINI Ethnic Motifs Printed Saree. Designed with intricate ethnic patterns and crafted from soft, breathable fabric, this saree offers both style and comfort. The elegant drape, vibrant prints, and lightweight feel make it an ideal choice for festive celebrations, family gatherings, or casual wear. Pair it with matching jewelry and heels for a stunning traditional look that never goes out of fashion.",https://www.myntra.com/reviews/32008867
myntra_32008867_4,myntra_reviews,sarees,,5,"I absolutely loved this saree! I wore it to anchor a government event, and it completely elevated my overall look. The fabric is premium, lightweight, and very comfortable to wear for long hours. The drape is beautiful, and the elegant design gives a classy and sophisticated appearance. I received so many compliments throughout the event. Many people told me that although they had seen me in sarees before, this one looked especially stunning and enhanced my personality even more. If you're looking for a saree that is stylish, elegant, comfortable, and perfect for formal events, functions, or special occasions, I highly recommend this one. It exceeded my expectations in every way!",https://www.myntra.com/reviews/32008867
myntra_32008867_5,myntra_reviews,sarees,,5,"Honestly, getting such a classy saree at this price was unexpected! 🖤 The fabric is lightweight and very comfortable to wear. The print and design are exactly as shown in the picture—elegant and stylish. The black color with ethnic motifs gives it a rich and premium look. Perfect for parties, festive occasions, or even casual functions. Draping is easy and the overall look is really beautiful. Totally worth the price!",https://www.myntra.com/reviews/32008867
myntra_32008867_6,myntra_reviews,sarees,,5,Beautiful saree…. very soft kind of mixed silk and cotton…. large saree ….. very lightweight and body hugging…. pretty kalamkari prints with mild shining when light falls on it…delivery before expected time and another thing is always use a small paper along with safety pin during fixing the saree because it gets tangled around the pin every time.,https://www.myntra.com/reviews/32008867
myntra_32008867_7,myntra_reviews,sarees,,4,"I really loved this product. The fabric feels soft and comfortable, and the quality is decent for the price. The print and colors look nice in real life, almost the same as shown in the pictures. Stitching is neat and the fit is as expected. It’s lightweight and easy to wear, so it works well for both daily use and casual outings. Overall, a good purchase for the price. Happy with it.",https://www.myntra.com/reviews/32008867
myntra_32008867_8,myntra_reviews,sarees,,5,"The saree is absolutely beautiful — the fabric is soft, comfortable, and drapes perfectly. The design is elegant with just the right touch of detail, making it ideal for both casual and festive occasions. It truly adds grace to the overall look!",https://www.myntra.com/reviews/32008867
myntra_32008867_9,myntra_reviews,sarees,,4,"Absolutely loved this Kalini art silk saree! The fabric feels soft and comfortable while still giving a rich, elegant look. The design and color are exactly as shown in the pictures, which was a pleasant surprise. It drapes beautifully and is lightweight, making it easy to carry for long hours. Perfect for festive occasions, functions, or even small family events. I also received a lot of compliments when I wore it! The quality at this price is really impressive. Definitely worth buying and I would love to try more sarees from this brand.",https://www.myntra.com/reviews/32008867
myntra_32008867_10,myntra_reviews,sarees,,5,"The saree looks elegant and graceful with beautiful, intricate patterns. The color combination is subtle yet festive, perfect for evening or celebratory occasions. The drape falls nicely and gives a very refined, classy look. The design feels timeless and can be styled easily with minimal accessories. Only downside: the fabric doesn’t feel as soft as expected, which slightly affects comfort. Same as shown in the picture.",https://www.myntra.com/reviews/32008867
myntra_32008867_11,myntra_reviews,sarees,,5,"The saree fabric is extremely soft, lightweight, and easy to drape. The red color is rich and classy and exactly as shown in the product photos. It is worth the money in such price. My mother liked it. The print is neatly finished with no loose threads, and it holds pleats really well without feeling heavy. It comes with a matching blouse piece of good length and quality. I'm just for the day to come and style this elegant saree. Overall, a beautiful saree for festive occasions and great value for money!",https://www.myntra.com/reviews/32008867
myntra_32008867_12,myntra_reviews,sarees,,5,Quality: Excellent. Fabric: Comfortable. Design: Elegant. This saree is very classy and elegant. The fabric quality is really good and feels comfortable for all-day wear. The print and border design look beautiful and give a rich traditional feel. Color is exactly as shown in the pictures. Perfect for festive as well as casual occasions. Totally satisfied with the purchase.,https://www.myntra.com/reviews/32008867
myntra_32008867_13,myntra_reviews,sarees,,5,"Bahut hi sundar saree hai. Fabric soft aur comfortable hai, pehenne par bilkul premium feel aati hai. Color aur design exactly images jaisa hai. Stitching aur finishing bhi bahut achchi hai. Lightweight hone ki wajah se poore din aasani se pehen sakte hain. Is price range me quality expected se bhi better mili. Delivery aur packaging bhi achchi thi. Overall, main is purchase se bahut khush hoon aur jo bhi elegant aur budget-friendly saree lena chahta hai, uske liye ye zarur recommend karungi.",https://www.myntra.com/reviews/32008867
myntra_32008867_14,myntra_reviews,sarees,,5,✨ Saree Vibes ✨ Grace in black! This stunning saree blends tradition with elegance. The intricate print and rich border make it perfect for festive glam. Paired with oxidized jewelry & a velvet blouse — a total showstopper! 💫💃,https://www.myntra.com/reviews/32008867
myntra_32008867_15,myntra_reviews,sarees,,5,"This saree is a stunning example of timeless elegance meets contemporary poise. The intricate block-print patterns, featuring traditional motifs and elephant borders, offer a rich cultural narrative in a sophisticated monochrome palette of cream and charcoal. Pairing it with a solid black, elbow-length blouse is a masterclass in understated styling, allowing the complex details of the saree to remain the focal point. It’s a graceful, versatile look that radiates confidence and classic charm.",https://www.myntra.com/reviews/32008867
myntra_32008867_16,myntra_reviews,sarees,,5,"I'm really happy with this saree! The material is good quality, and for the price, it's a great value. However, I do think it's more suitable for cooler weather or indoor events. Sometimes, when I'm sweating, the fabric can feel a bit itchy. Still, overall, it's a lovely saree, and I'd definitely recommend it to anyone looking for a stylish and affordable option. Just maybe consider the season when you plan to wear it! 😊👗",https://www.myntra.com/reviews/32008867
myntra_32008867_17,myntra_reviews,sarees,,5,"An awesome and mesmerizing product that never fails to attract positive comments from everyone who sees it. If you wanna search for this Saree, must buy it without thinking twice.",https://www.myntra.com/reviews/32008867
myntra_32008867_18,myntra_reviews,sarees,,5,"This black saree is absolutely stunning! The fabric feels luxurious, the fit is perfect, and it gives such a graceful and classy look. Totally worth it! ❤️😍",https://www.myntra.com/reviews/32008867
myntra_32008867_19,myntra_reviews,sarees,,5,"Very nice product quality, osam light weight saree.",https://www.myntra.com/reviews/32008867
myntra_32008867_20,myntra_reviews,sarees,,5,"Very good saree, good material is so soft and easy to handle. It gives both official as well as trendy look. Colour is also very good. Same as the picture shown.",https://www.myntra.com/reviews/32008867
myntra_32008867_21,myntra_reviews,sarees,,5,"This saree is extremely comfortable and lightweight. It's a great value for money, so you can buy it without a second thought.☺️",https://www.myntra.com/reviews/32008867
myntra_32008867_22,myntra_reviews,sarees,,5,"Maroon saree with golden patterns → This looks like a Banarasi-style saree, known for its rich zari work and royal appeal. Banarasi sarees are famous for their luxurious look and are perfect for festive and wedding wear. Very royal combination—deep maroon gives elegance, gold adds richness ✨ Draping style → Simple and neat, which keeps the look classy and not overdone. Perfect color coordination 👌",https://www.myntra.com/reviews/32008867
myntra_32008867_23,myntra_reviews,sarees,,5,"The black saree is absolutely beautiful! The print is elegant and eye-catching, giving the saree a sophisticated and stylish look without being too overwhelming. The quality of the fabric is also really good—it feels comfortable, looks premium, and drapes beautifully. Overall, a classy saree that can easily be dressed up for festive occasions or styled for a more elegant look. Definitely worth buying!",https://www.myntra.com/reviews/32008867
myntra_30472381_0,myntra_reviews,sarees,,5,"I'm absolutely delighted with this saree! Comfortable and stylish, it exceeded my expectations in every way. The fabric is incredibly soft and breathable, making it perfect for everyday wear. I can effortlessly lounge around or step out for a casual gathering without any discomfort. The design is trendy and contemporary, beautifully blending traditional and modern elements. The intricate details and patterns are a testament to the craftsmanship that went into creating this stunning piece. The fit is perfect, and I appreciate how the designers have managed to create a garment that's both elegant and effortless. The quality is great for the price, and I'm impressed by the attention to detail. Whether it's a family gathering, a casual brunch, or just a relaxed day out, this saree is sure to make me feel confident and stylish. Overall, I'm thoroughly satisfied with this purchase, and I'd highly recommend it to anyone looking for a comfortable, stylish, and well-made saree",https://www.myntra.com/reviews/30472381
myntra_30472381_1,myntra_reviews,sarees,,5,"This general and highly adaptable review highlights the beauty, comfort, and craftsmanship of a traditional saree. You can easily customize the bracketed information to match the specific fabric or occasion.🌟 Five-Star Review: Timeless Elegance and Comfort""I absolutely love this drape! Insert Brand Name has truly delivered a masterpiece that perfectly balances traditional elegance with modern comfort. The fabric feels incredibly luxurious and soft against the skin, and the weave gives it a beautifully graceful fall. What stands out the most is its vibrant, true-to-picture color and intricate detailing along the border and pallu and received endless compliments throughout the day. Despite being so elaborate, it is remarkably lightweight and stays comfortable for hours. The ordering and stitching process was seamless, and the overall craftsmanship is commendable. It arrived on time and was packaged beautifully. Highly recommend this piece to anyone looking",https://www.myntra.com/reviews/30472381
myntra_30472381_2,myntra_reviews,sarees,,5,"I bought this saree from Myntra and I’m really happy with my purchase. The color is even more beautiful in real life than in the pictures. The pink shade with the golden design gives it a very elegant and festive look. The fabric feels soft and comfortable to wear. The quality of the material is quite good for the price. The golden pattern looks rich and adds a traditional touch to the saree. It drapes nicely and doesn’t feel heavy, which makes it easy to carry for long hours. I wore it to a family function and received a lot of compliments. Overall, it looks classy and stylish. Definitely a good buy from Myntra and I would recommend it and it's reasonable two my mom really liked it",https://www.myntra.com/reviews/30472381
myntra_30472381_3,myntra_reviews,sarees,,5,just received. Thanks 😊 Quality ⭐️⭐️⭐️⭐️ colour ⭐️⭐️⭐️⭐️ soft & light weight ⭐️⭐️⭐️⭐️ Best in Budget ⭐️⭐️⭐️⭐️⭐️ This is One of my Favorite Share 😍 ❤️. you can create vive in any events easily.,https://www.myntra.com/reviews/30472381
myntra_30472381_4,myntra_reviews,sarees,,5,"I absolutely loved this saree! The fabric feels soft, lightweight, and very comfortable to wear for long hours. The color is exactly the same as shown on Myntra, and the quality exceeded my expectations. The drape is graceful, and it gives a rich, elegant look without being too heavy. I wore it for a family function and received so many compliments. The stitching and finishing are neat, and the print/design looks premium. It's a great choice for festivals, weddings, or parties. Highly recommended if you're looking for a stylish and classy saree!",https://www.myntra.com/reviews/30472381
myntra_30472381_5,myntra_reviews,sarees,,4,"This saree has a beautiful woven design and a rich color that looks fantastic in person. The fabric has a nice drape, making it comfortable to wear for hours while still looking elegant. It's a great choice for adding a touch of traditional grace to your wardrobe.",https://www.myntra.com/reviews/30472381
myntra_30472381_6,myntra_reviews,sarees,,5,"My god this saree is so gorgeous, perfect quality and i love it 🥰 perfect for weddings , definitely a must buy and a definite worth buying saree for everyone",https://www.myntra.com/reviews/30472381
myntra_30472381_7,myntra_reviews,sarees,,5,"This saree is absolutely beautiful and looks even more elegant in real life. The fabric feels soft, lightweight, and comfortable to wear for long hours. The color combination is rich and classy, and the detailing gives it a premium look. It drapes perfectly and adds a graceful touch to the overall appearance. Perfect for weddings, festivals, parties, or even special family functions. Definitely worth buying for anyone who loves stylish and traditional outfits.",https://www.myntra.com/reviews/30472381
myntra_30472381_8,myntra_reviews,sarees,,5,Such a good saari .. I'm very happy 😊 fabric is very good Nd material is also good.. perfect 👌 saari . Go for it guys.. awesome product,https://www.myntra.com/reviews/30472381
myntra_30472381_9,myntra_reviews,sarees,,5,"The fabric, the design everything is 10/10 . Colour is slightly different from the shown image . It seems maroon there but the original product is in little pinkish tone . Overall the product is good 🥰. I gifted this saree to my mom , she liked it very much. The blouse piece given is also not plain ...it has little designs over it which makes it more beautiful.",https://www.myntra.com/reviews/30472381
myntra_30472381_10,myntra_reviews,sarees,,3,Saree is good but the design in first half of the saree is literally different from the entire saree and after wearing it it looks odd otherwise the saree is good.....,https://www.myntra.com/reviews/30472381
myntra_30472381_12,myntra_reviews,sarees,,5,Color print lightweight Very budget friendly Overall bomb product,https://www.myntra.com/reviews/30472381
myntra_30472381_13,myntra_reviews,sarees,,4,A perfect wedding saree… I love the Color nd the light weight fabric. Authentic weaving nd subtle colour.,https://www.myntra.com/reviews/30472381
myntra_30472381_14,myntra_reviews,sarees,,5,"Absolutely in love with this saree! The fabric is incredibly soft and high-quality, making it comfortable to wear all day. The color matches the picture perfectly—vibrant and elegant. The blouse piece included was generous in length and complemented the saree beautifully. Received so many compliments! Highly recommended",https://www.myntra.com/reviews/30472381
myntra_30472381_15,myntra_reviews,sarees,,5,"Absolutely beautiful saree with elegant design and lovely color combination. The fabric feels soft, lightweight, and comfortable to wear for long hours. The quality and finishing are impressive, and the saree looks even more beautiful in person. Perfect for festive occasions, parties, and family functions. Highly satisfied with the purchase!",https://www.myntra.com/reviews/30472381
myntra_30472381_16,myntra_reviews,sarees,,5,Superb 👍 Just stunning Quality is superb Look very beautiful Perfect for any party or wedding,https://www.myntra.com/reviews/30472381
myntra_30472381_17,myntra_reviews,sarees,,4,Good quality wonderful loved it,https://www.myntra.com/reviews/30472381
myntra_30472381_18,myntra_reviews,sarees,,5,Very nice quality... Better than expected good quality and same product as in photo. OMG Nice😍😍,https://www.myntra.com/reviews/30472381
myntra_34337987_0,myntra_reviews,sarees,,5,"Wow! Just got this saree and I'm blown away. The minute I opened the package, I knew I had made the right choice. The vibrant red and sophisticated olive green combination is simply breathtaking. The bandhani work feels authentic and adds so much character. I wore it to a friend's wedding, and it was a huge hit—everyone wanted to know where I got it. It's so easy to drape and carry, which is a huge plus. This is one of my best Myntra purchases to date, and I'm already looking forward to wearing it again. If you're on the fence, don't hesitate you won't regret it!",https://www.myntra.com/reviews/34337987
myntra_34337987_1,myntra_reviews,sarees,,4,Very beautiful saree... pretty shade... comfortable fabric... perfect saree at this price... just go for it...same as shown in the image of,https://www.myntra.com/reviews/34337987
myntra_34337987_2,myntra_reviews,sarees,,5,"The saree is very beautiful and elegant. The fabric feels soft and comfortable to wear for long hours. The design and colors are attractive and give a traditional as well as stylish look. The quality of the material is good and looks durable. It drapes nicely and enhances the overall appearance. However, the blouse piece could be slightly better in quality, and the packaging can be improved. Overall, it is a great choice for festivals, weddings, and special occasions.",https://www.myntra.com/reviews/34337987
myntra_34337987_3,myntra_reviews,sarees,,5,"Same as shown in the picture🥰you can watch my pictures ,the saree is just wowww🤌🏻My photos look exactly the same as the product images displayed on Myntra. Just Go for it 🤌🏻✨💫",https://www.myntra.com/reviews/34337987
myntra_34337987_4,myntra_reviews,sarees,,3,"Saree has beautiful colour combination ,has blouse pieces has beautiful anchal ,qualities is good. Length is just perfect. You can definitely purchase this.",https://www.myntra.com/reviews/34337987
myntra_34337987_5,myntra_reviews,sarees,,4,Quality good... Colour also super.... Soft meterial.. very much comfortable to wear.... This saree... 😊,https://www.myntra.com/reviews/34337987
myntra_34337987_6,myntra_reviews,sarees,,4,"The saree has a bright color combination and lightweight fabric with a nice drape. Pico is not done on the saree pallu side. Overall, it is a good option at an affordable price.",https://www.myntra.com/reviews/34337987
myntra_34337987_7,myntra_reviews,sarees,,5,Beautiful elegant saree. Easy to wear. Material and fabric is good. Loved the colour as it looks good on wearing. Thanks,https://www.myntra.com/reviews/34337987
myntra_34337987_8,myntra_reviews,sarees,,3,"This saree has beautiful colour combination , has blouse piece, length is just right , has beautifu saree ka Anchal",https://www.myntra.com/reviews/34337987
myntra_34337987_9,myntra_reviews,sarees,,5,"I would say must have saree in your wardrobe... Looks very classy 🤩 fabric, quality, finish and colour combination are really very good.. light weight so you can carry all day... Must buy ✅ I will give 10/10 to this Saree 🤩 Thank you myntra 😍",https://www.myntra.com/reviews/34337987
myntra_34337987_10,myntra_reviews,sarees,,5,"Absolutely loved this saree from Myntra! ✨ The fabric quality is amazing, super comfortable to wear and exactly as shown in the pictures. The color, fitting, and overall look turned out so elegant & premium. 💖 Perfect for parties, family functions, and festive wear. Got so many compliments after wearing it! Definitely worth the purchase. 🫶",https://www.myntra.com/reviews/34337987
myntra_34337987_11,myntra_reviews,sarees,,5,Super comfortable and very light colour is too good and same is shown as picture,https://www.myntra.com/reviews/34337987
myntra_34337987_12,myntra_reviews,sarees,,5,"This saree has a very fresh and vibrant look 🌿✨ The bright lime-green body with small white bandhani-style motifs gives it a cheerful, elegant vibe. The deep bottle-green border with the subtle golden woven design adds richness and balance to the overall look. The contrast between the light green and dark border is especially eye-catching.",https://www.myntra.com/reviews/34337987
myntra_34337987_13,myntra_reviews,sarees,,5,"Absolutely loved the saree! The fabric feels comfortable and lightweight, perfect for both casual and festive wear. The color and design looked exactly like the pictures shown online. The fitting and length were also perfect. Quality is really good for the price. Delivery was on time and packaging was neat.",https://www.myntra.com/reviews/34337987
myntra_34337987_14,myntra_reviews,sarees,,5,So pretty colour..I love it😍,https://www.myntra.com/reviews/34337987
myntra_34337987_15,myntra_reviews,sarees,,5,Beautiful colour combination saree 🥰,https://www.myntra.com/reviews/34337987
myntra_34337987_16,myntra_reviews,sarees,,5,Good quality aap sab bhi le sakte h,https://www.myntra.com/reviews/34337987
myntra_34337987_18,myntra_reviews,sarees,,4,"I am very happy to buy this saree because I got a very nice saree, my mother liked it very much, I got this saree at the best price, buy it quickly, I thought, buy it quickly, don't worry, just buy it 🤗👍 Worth it.",https://www.myntra.com/reviews/34337987
myntra_34337987_19,myntra_reviews,sarees,,5,"Absolutely in love with this saree! The fabric is incredibly soft, and the colors are exactly as shown in the pictures. It was lightweight, easy to drape, and perfect for the humid weather. Received so many compliments. Highly recommended!",https://www.myntra.com/reviews/34337987
myntra_34337987_20,myntra_reviews,sarees,,5,"Beautiful saree! 😍 Fabric soft aur comfortable hai. Color bilkul image jaisa hai, zari border bahut elegant lagta hai. Quality price ke hisaab se bahut achhi hai. Festival aur family functions ke liye perfect choice. Highly recommended! ❤️",https://www.myntra.com/reviews/34337987
myntra_34337987_21,myntra_reviews,sarees,,5,Thank you myntra for delivering the parcel within 2 days It made my day. I ordered this for my pooja and it's really beautiful and looks elegant. Everyone likes it. Pocket friendly Nice fabric Pretty colour combination Thank u 😊 myntra,https://www.myntra.com/reviews/34337987
myntra_43540613_2,myntra_reviews,sarees,,5,"Very beautiful saree 👌 I really love the colour and print .. The material is also very good, you can definitely buy this saree.",https://www.myntra.com/reviews/43540613
myntra_31819129_0,myntra_reviews,sarees,,5,"This saree exudes elegance and sophistication. The light beige color, paired with delicate floral embroidery, creates a soft and graceful look. The sheer fabric and scalloped border add a touch of refinement, making it perfect for both casual and semi-formal occasions. The flowy drape enhances its charm, while the minimal embellishments maintain a classy and understated appeal. A timeless and effortlessly stylish choice!",https://www.myntra.com/reviews/31819129
myntra_31819129_1,myntra_reviews,sarees,,5,"I bought this gorgeous cream organza saree from Myntra for my wedding's Haldi ceremony, and it exceeded all expectations! The fabric is lightweight, holds its structure beautifully, and gives a very elegant, modern bride look. The delicate scallop border and subtle embroidery caught the light perfectly in daytime photos. It was comfortable to wear throughout the long rituals and paired phenomenally with fresh floral jewelry. If you are a bride looking for a unique, sophisticated non-yellow Haldi look, go for it without a second thought!",https://www.myntra.com/reviews/31819129
myntra_31819129_2,myntra_reviews,sarees,,5,Excellent saree. Organza fabric is so premium and the quality of sequence embroidery is top notch. Embroidery with good finishing not a single thread unfinished. Colour is beautiful. Look very premium saree at affordable price. Just buy it. Packaging was great. It drapes so well on body. Product look a same as shown image. Thank u Myntra. Totally worth it,https://www.myntra.com/reviews/31819129
myntra_31819129_3,myntra_reviews,sarees,,5,"Absolutely beautiful saree! The embellishments are subtle yet stylish, and the organza fabric gives it a graceful flow. It looks even better in person and is perfect for festive occasions or parties. Very happy with the purchase.",https://www.myntra.com/reviews/31819129
myntra_31819129_4,myntra_reviews,sarees,,5,"Bought this saree for my cousin's wedding With a hope of comfort with class and it went beyond my expectations. I loved this saree a lot, I got appreciated by many people in the party. Thanx Anouk clothing brand and Myntra for delivering this on time.",https://www.myntra.com/reviews/31819129
myntra_31819129_5,myntra_reviews,sarees,,5,"I recently bought this saree, and I’m really happy with how it turned out. The fabric feels soft and comfortable, and the color is beautiful — just like the pictures, if not better. The design has an elegant look that suits both casual and special occasions.",https://www.myntra.com/reviews/31819129
myntra_31819129_6,myntra_reviews,sarees,,5,"I absolutely loved this floral sequin saree! The fabric feels soft and comfortable, and the sequin work adds just the right amount of sparkle without looking too flashy. It looks even prettier in person and is perfect for weddings, parties, or festive occasions. I received so many compliments when I wore it. Definitely worth the price and highly recommended!",https://www.myntra.com/reviews/31819129
myntra_31819129_7,myntra_reviews,sarees,,5,"The saree is absolutely gorgeous, the fabric is so soft and comfortable. The colour is exactly the same as picture perfect for fresher, farewell and festivals that too at affordable price thank you Myntra.",https://www.myntra.com/reviews/31819129
myntra_31819129_8,myntra_reviews,sarees,,5,"I am in love with the saree, its modern at the same time good looking, obviously its transparent saree, material is good, color is cream color and quality is really good.",https://www.myntra.com/reviews/31819129
myntra_31819129_9,myntra_reviews,sarees,,4,"I'm absolutely delighted with this saree! The light color and subtle shine give it a stunning look, making it suitable for any occasion. I purchased it as a gift for my mom, and she adores it. The color and shine are truly impressive.",https://www.myntra.com/reviews/31819129
myntra_31819129_10,myntra_reviews,sarees,,5,"Saree is lightweight, elegant, and beautifully shimmery. The sequin work adds a classy sparkle, perfect for parties or receptions. A graceful pick for any special occasion!",https://www.myntra.com/reviews/31819129
myntra_31819129_11,myntra_reviews,sarees,,5,"Absolutely loved this saree! The fabric is soft, lightweight, and very comfortable to wear. The color is exactly as shown in the pictures, and the quality exceeded my expectations. The stitching and finish are neat, making it look elegant and premium. Perfect for festivals, weddings, and special occasions. I received many compliments while wearing it. Highly recommended for anyone looking for a beautiful saree at a great price!",https://www.myntra.com/reviews/31819129
myntra_31819129_12,myntra_reviews,sarees,,5,I recently bought this saree and I’m in love with this. I wore it on my sister’s haldi ceremony and this saree clearly matches the theme.,https://www.myntra.com/reviews/31819129
myntra_31819129_13,myntra_reviews,sarees,,5,This saree look is very aesthetic and girly. Perfect for weddings and functions.,https://www.myntra.com/reviews/31819129
myntra_31819129_14,myntra_reviews,sarees,,4,"This saree looks so elegant and graceful. The fabric feels light and comfortable while still giving a classy festive look. The subtle embroidery and soft neutral shade make it look really aesthetic and sophisticated. Perfect for functions, family gatherings, or whenever you want that effortlessly pretty traditional vibe.",https://www.myntra.com/reviews/31819129
myntra_31819129_15,myntra_reviews,sarees,,4,"The saree is beautiful. The fabric is soft and easy to carry. Only thing is the breath of the saree is short. So, had to wear with flats instead of heels. Received much compliments.",https://www.myntra.com/reviews/31819129
myntra_31819129_16,myntra_reviews,sarees,,5,"I’m so happy with this saree! The lavender colour looks even more beautiful in person. Soft, elegant, and perfect for daytime events. The subtle shimmer and floral detailing add a lovely touch without being too flashy. The fabric drapes really well and feels comfortable to wear for long hours. I styled it with a contrasting shade of blouse and it looked stunning. Overall, this saree is a great mix of elegance and comfort. Totally worth the purchase!",https://www.myntra.com/reviews/31819129
myntra_31819129_17,myntra_reviews,sarees,,4,The fabric is so flowy and difficult to manage but the saree looks amazing after you style it well. Gives a chic and elegant look.,https://www.myntra.com/reviews/31819129
myntra_31819129_18,myntra_reviews,sarees,,5,I really love it must buy. This saree is easy to wear. Everyone love it. This is my all time favourite. This colour was superb and quality also.,https://www.myntra.com/reviews/31819129
myntra_31819129_19,myntra_reviews,sarees,,4,The material is very elegant and comfortable to wear even in hot weather.,https://www.myntra.com/reviews/31819129
myntra_31819129_20,myntra_reviews,sarees,,5,"Elegance wrapped in six yards of grace! Yeh black saree sirf ek outfit nahi, ek feeling thi — bold, timeless, aur full of confidence. Har pleat ke saath ek naya andaaz, aur har jhalak mein ek nayi vibe. Fabric bhi comfortable tha, aur design ne poore look ko royal touch diya. Agar aap bhi kisi special occasion ke liye ek elegant yet striking look chahte ho, toh this saree is definitely worth it!",https://www.myntra.com/reviews/31819129
myntra_31819129_21,myntra_reviews,sarees,,5,"This saree looks amazing! It gives you a very rich look nice finished embroidery, fabric very nice, colour is superb and the shine of the saree is amazing.",https://www.myntra.com/reviews/31819129
myntra_31819129_22,myntra_reviews,sarees,,5,This sequinned organza saree is look awesome..very nice embroidery in this saree. Colour is also good received same as picture.,https://www.myntra.com/reviews/31819129
myntra_31819129_23,myntra_reviews,sarees,,5,"The vibrant pink color is eye-catching and perfect for festive occasions or weddings. The subtle floral patterns with shimmer detailing add just the right touch of elegance and charm. The fabric has a beautiful sheen and falls gracefully, making it easy to carry. it definitely made me feel stylish. Highly recommend for anyone looking to stand out at any celebration!!",https://www.myntra.com/reviews/31819129
myntra_30083472_0,myntra_reviews,tops,,5,"Loved this top! The color is exactly like the picture. The fabric is super soft and comfy. I really prefer zipless styles — easy to wear, easy to feed, and can use even after nursing. Very practical and looks nice too!",https://www.myntra.com/reviews/30083472
myntra_30083472_1,myntra_reviews,tops,,5,"Comfort meets style! 💜 Absolutely loving this maternity print top—soft, breathable, and perfect for my growing bump. Who says maternity wear can’t be fashionable? ✨",https://www.myntra.com/reviews/30083472
myntra_30083472_2,myntra_reviews,tops,,5,I travelled a 3 hr flight with my 2 year old and this top helped me manage breast-feeding on a long flight. For me it was a life saver. Would recommend for every new mom,https://www.myntra.com/reviews/30083472
myntra_30083472_3,myntra_reviews,tops,,5,The material is soft n very comfortable for pregnant and. fashionable at the same time … loved it! Wanna buy more,https://www.myntra.com/reviews/30083472
myntra_30083472_4,myntra_reviews,tops,,4,The colour is a bit too vibrant than the pic but good for feeding while outdoors. Recommended for breastfeeding moms,https://www.myntra.com/reviews/30083472
myntra_30083472_5,myntra_reviews,tops,,5,Material feels good on skin. Nice colour combination. Worth every penny. Overall loved the product!,https://www.myntra.com/reviews/30083472
myntra_30083472_6,myntra_reviews,tops,,5,Loved the comfortable fit and feel of this top. Feeding is easy and looks great on jeans for a day out!,https://www.myntra.com/reviews/30083472
myntra_30083472_7,myntra_reviews,tops,,5,Extremely comfortable. Good and soft fabric. Very easy to nurse and pump. Looks smart to wear out as well.,https://www.myntra.com/reviews/30083472
myntra_30083472_8,myntra_reviews,tops,,5,Great fit and looks trendy. Must have for new moms who look for trendy outfits .,https://www.myntra.com/reviews/30083472
myntra_30083472_9,myntra_reviews,tops,,5,Very nice top. Travel friendly. My breastfeeding journey was really easy.,https://www.myntra.com/reviews/30083472
myntra_30083472_10,myntra_reviews,tops,,5,Good quality. Their range of maternity wear is modern and elegant.,https://www.myntra.com/reviews/30083472
myntra_30083472_11,myntra_reviews,tops,,5,"Amazing top, and lovely fit... Feels good while easy breastfeeding",https://www.myntra.com/reviews/30083472
myntra_30083472_12,myntra_reviews,tops,,4,Quality and print is good. The size fits well.,https://www.myntra.com/reviews/30083472
myntra_30083472_13,myntra_reviews,tops,,5,It very cool...comfortable and stylist top.. For new mom,https://www.myntra.com/reviews/30083472
myntra_30083472_14,myntra_reviews,tops,,5,Good quality and perfect for feeding mom's,https://www.myntra.com/reviews/30083472
myntra_30083472_15,myntra_reviews,tops,,5,"Perfect fit , suitable for bump . Extremely comfortable",https://www.myntra.com/reviews/30083472
myntra_30083472_16,myntra_reviews,tops,,5,"Superb product, a must have in your maternity wardrobe.",https://www.myntra.com/reviews/30083472
myntra_30083472_17,myntra_reviews,tops,,5,Whoever designed this deserves a raise. Quality is also good.,https://www.myntra.com/reviews/30083472
myntra_30083472_18,myntra_reviews,tops,,4,Nice product for breastfeeding moms!!,https://www.myntra.com/reviews/30083472
myntra_30083472_19,myntra_reviews,tops,,4,Just what a nursing mother needs….,https://www.myntra.com/reviews/30083472
myntra_30083472_20,myntra_reviews,tops,,4,Comfortable and light. Must buy.,https://www.myntra.com/reviews/30083472
myntra_30083472_21,myntra_reviews,tops,,5,The pattern is awesome....,https://www.myntra.com/reviews/30083472
myntra_40371517_0,myntra_reviews,tops,,5,So comfortable and stylist ❤️😍👍🏻,https://www.myntra.com/reviews/40371517
myntra_32221628_0,myntra_reviews,tops,,5,Absolutely loved this purchase! The quality exceeded my expectations and it looks even better in real life. Totally worth it 🤍,https://www.myntra.com/reviews/32221628
myntra_32221628_1,myntra_reviews,tops,,5,"Soft fabric, value for money",https://www.myntra.com/reviews/32221628
myntra_36317757_0,myntra_reviews,tops,,5,Quality was good and comfortable,https://www.myntra.com/reviews/36317757
myntra_36317757_1,myntra_reviews,tops,,5,"Very good product,must buy!",https://www.myntra.com/reviews/36317757
myntra_14066122_0,myntra_reviews,tops,,5,Lovely top and the colour is same as shown in the picture. Loved the fit and the material is so soft and comfortable for Summers very nice outfit for office wear and casual as well you can wear it to anywhere,https://www.myntra.com/reviews/14066122
myntra_14066122_1,myntra_reviews,tops,,5,"I really loved it! The colour looks so elegant and the fabric feels comfortable and of good quality. The simple design actually adds to its beauty, making it look very classy. It fits really well too. Overall, a great purchase — totally worth it!",https://www.myntra.com/reviews/14066122
myntra_14066122_2,myntra_reviews,tops,,5,Great product. It is thread work. Suitable for all seasons. Not smooth from inside.,https://www.myntra.com/reviews/14066122
myntra_14066122_3,myntra_reviews,tops,,5,I liked this pink colour and it is same as shown in the image. Fabric is cotton and the fit is also perfect. Buy it without a second thought.,https://www.myntra.com/reviews/14066122
myntra_14066122_5,myntra_reviews,tops,,4,The detailing is very attractive and the color is not shedding. You can pair it with skirts and plazoo or anything,https://www.myntra.com/reviews/14066122
myntra_14066122_6,myntra_reviews,tops,,4,Really happy with this Dressberry product! It's super trendy and stylish for the price. The fit is accurate M and the fabric/material feels comfortable for daily wear. Definitely a great affordable addition to my wardrobe!,https://www.myntra.com/reviews/14066122
myntra_14066122_7,myntra_reviews,tops,,4,Material and stitching was good. Comfortable and worth the price,https://www.myntra.com/reviews/14066122
myntra_14066122_8,myntra_reviews,tops,,3,"I have wore this multiple times, color does not fade away..fit is awesome, material gives full cotton feel",https://www.myntra.com/reviews/14066122
myntra_14066122_10,myntra_reviews,tops,,4,The cloth feels so light and comfortable. Loved the vibrant colour. Simply perfect for summers,https://www.myntra.com/reviews/14066122
myntra_14066122_11,myntra_reviews,tops,,4,I gifted it to my sister in law. She loves the top. It's comfortable and perfect fit.,https://www.myntra.com/reviews/14066122
myntra_14066122_12,myntra_reviews,tops,,3,Overall good. But its not the same colour shown in the picture its beetroot pink. And you can wear it in home.. The cloth is somewhat look like old. And not that much gud for a function,https://www.myntra.com/reviews/14066122
myntra_14066122_13,myntra_reviews,tops,,4,A perfect go to top. More like a crop top. Quality is good and fit is fine. Color doesn't bleed and the material is breathable. Overall a good buy,https://www.myntra.com/reviews/14066122
myntra_14066122_14,myntra_reviews,tops,,5,"The fit is amazing. Size is perfect, you just have to order accordingly. A perfect pink top for the go.",https://www.myntra.com/reviews/14066122
myntra_14066122_15,myntra_reviews,tops,,4,Soft cotton fabric makes it very comfortable. The embroidery adds a nice touch. Perfect for daily wear or office casual. Slight shrinkage possible after wash.,https://www.myntra.com/reviews/14066122
myntra_14066122_16,myntra_reviews,tops,,4,Absolutely loved this pink embroidered top! The detailing is beautiful and it gives a perfect festive vibe. Looks elegant and very comfortable to wear.,https://www.myntra.com/reviews/14066122
myntra_14066122_17,myntra_reviews,tops,,2,"The top is very nice, I purchased a small size but in the photo it was looking pink and very attractive but in real it is not so good but overall quality of top is very nice",https://www.myntra.com/reviews/14066122
myntra_14066122_18,myntra_reviews,tops,,4,So good looks very chic and comfortable... little transparent but manageable... cotton fabric but I returned it for size issue,https://www.myntra.com/reviews/14066122
myntra_14066122_19,myntra_reviews,tops,,5,Absolutely stunning and the one of best top from myntra. Thank you,https://www.myntra.com/reviews/14066122
myntra_14066122_20,myntra_reviews,tops,,4,Very lovely top.... Just the armhole is too big for me.. Needed to alter... But the quality is very good for this price💕,https://www.myntra.com/reviews/14066122
myntra_14066122_21,myntra_reviews,tops,,5,"It's good but a little short, it's comfortable and we can wear it on a high waist. If you are comfortable with crop tops then this is a good one.",https://www.myntra.com/reviews/14066122
myntra_14066122_22,myntra_reviews,tops,,5,"Its a cute pure cotton top, soo. Comfortable for daily wear, quality & material of this product is so good, perfect for summer",https://www.myntra.com/reviews/14066122
myntra_33641888_0,myntra_reviews,tops,,5,Good quality Reasonable price Best fit Bought size Xs (I am size 32),https://www.myntra.com/reviews/33641888
myntra_33641888_1,myntra_reviews,tops,,5,Loved the fabric so soft and it is not see through...I thought it would be plain..but it is not which is so good. The fabric is free falling and gives perfect shape.,https://www.myntra.com/reviews/33641888
myntra_33641888_2,myntra_reviews,tops,,4,"Runs small. Order a larger size than usual. While the square neck is great, the ribbed material reminds one of hosiery items lol",https://www.myntra.com/reviews/33641888
myntra_33641888_3,myntra_reviews,tops,,4,Looks great. Material is subpar as per the pricing.,https://www.myntra.com/reviews/33641888
myntra_33641888_4,myntra_reviews,tops,,5,Smart top with beautiful neckline 🥰 fabric little bit stretchable.,https://www.myntra.com/reviews/33641888
myntra_33641888_5,myntra_reviews,tops,,5,The perfect fit and comfortable too,https://www.myntra.com/reviews/33641888
myntra_33641888_6,myntra_reviews,tops,,5,Cute white top. Fits well!,https://www.myntra.com/reviews/33641888
myntra_33641888_7,myntra_reviews,tops,,4,Its good but slightly long,https://www.myntra.com/reviews/33641888
myntra_33641888_13,myntra_reviews,tops,,2,Fitting is good but the quality is not worth the price.,https://www.myntra.com/reviews/33641888
myntra_33641888_16,myntra_reviews,tops,,1,It's too clingy and fitting,https://www.myntra.com/reviews/33641888
myntra_40982204_0,myntra_reviews,tops,,5,"The kurti is really beautiful and the cloth quality is amazing. It's comfortable to wear, well-stitched, and looks elegant. Overall, I'm very happy with this purchase.",https://www.myntra.com/reviews/40982204
myntra_32547548_0,myntra_reviews,tops,,5,"I am very happy with this embroidery top. The embroidery work is neat, detailed, and adds a beautiful touch to the overall design. The fabric is comfortable, lightweight, and feels good on the skin. The fit is flattering and true to size, making it suitable for both casual and semi-formal occasions. The colors are vibrant, and the quality of stitching is impressive. Even after washing, the top maintained its shape and the embroidery remained intact. Overall, it's a stylish and good-quality top that offers excellent value for money.",https://www.myntra.com/reviews/32547548
myntra_32547548_1,myntra_reviews,tops,,5,The fabric is soft. The embroidery on the top looks beautiful 😍,https://www.myntra.com/reviews/32547548
myntra_32547548_2,myntra_reviews,tops,,5,Super kurti 😍 i love it mast thank you myntra 👊,https://www.myntra.com/reviews/32547548
myntra_32547548_3,myntra_reviews,tops,,5,Good product quality and fitting was excellent,https://www.myntra.com/reviews/32547548
myntra_32547548_4,myntra_reviews,tops,,5,Top fabric is good 👍🏻 value for money,https://www.myntra.com/reviews/32547548
myntra_32547548_6,myntra_reviews,tops,,5,Good fit and quality was good,https://www.myntra.com/reviews/32547548
myntra_31973465_0,myntra_reviews,trousers,,2,"The size is really REALLY off. And the quality is very poor. The trouser is pleated and high-rise as described. But the polyester is really not a great material. REMEMBER - polyester is actually plastic. The stitching is not good either. When you pull the stitching, you can see a large gap open up due to the mass production time line. The folding near the stitches are not crisp either. They bulg and don't give a good outline. The pleated pants are ruined by the crease. While ironing and shaping the trouser, they have made two lines in the front face. So instead of one crisp crease, you'll see two sloppy creases. And the worst part is the size. I usually wear 32"" and got 32. It is usually recommended to get a size larger for high - waist trousers because your belly is usually bigger than your hip. My belly is 34” so i was a little worried it's gonna be loose. But 32"" and 30” were both very loose for me. Plus there is no way to tighten the pant either (can't use belt).",https://www.myntra.com/reviews/31973465
myntra_31973465_1,myntra_reviews,trousers,,1,"Extremely disappointed with this purchase. The material quality is shockingly poor, it feels like a bottom tier, cheap synthetic blend of low grade polyester and rayon. It lacks substance, feels flimsy, and looks incredibly cheap in person. - Ugly Color & Cheap Finish: The brown shade looks dull and tacky in hand. The low-grade fabric gives it an unflattering finish that looks completely different from the website photos. - Inaccurate Sizing & Awful Fit: The size chart on the portal is way off, resulting in a horrible, ill-fitted cut that drapes awkwardly. - Severe Creasing Issue: The fabric catches stubborn, deep wrinkles almost instantly (as seen in the photo). Because it feels like a cheap synthetic material, attempting to iron out these creases risks ruining or melting the delicate fabric.",https://www.myntra.com/reviews/31973465
myntra_31973465_2,myntra_reviews,trousers,,4,"Liked everything about the product-the quality, fitting, design, comfort. Unfortunately the product I received had a defective buckle on one side. So had to order a replacement. If u are looking for a good looking gurkha pants with good price n good quality u can definitely go for this",https://www.myntra.com/reviews/31973465
myntra_31973465_3,myntra_reviews,trousers,,5,"Really liked these pants! The quality is very good for the price and the fabric feels comfortable. The colour and overall look are stylish and exactly as shown in the pictures. I initially ordered size 32, but it was a little loose for me, so I replaced it with size 30. Overall, a great value-for-money purchase and I’m happy with the product. Highly recommended!",https://www.myntra.com/reviews/31973465
myntra_31973465_4,myntra_reviews,trousers,,5,I gifted this to my husband and he loves it and is comfortable and trending,https://www.myntra.com/reviews/31973465
myntra_31973465_5,myntra_reviews,trousers,,5,I really liked these HIGHLANDER Gurkha trousers in black. The colour is rich and looks very premium. Fit is excellent at the waist with the double buckle and the taper looks clean. Fabric quality is good and comfortable for all day wear. Stitching is neat with no loose threads. These pants work well for both office and casual outings. Highly recommend this product,https://www.myntra.com/reviews/31973465
myntra_31973465_6,myntra_reviews,trousers,,5,"✅ Stylish vintage aesthetic – trendy Gurkha buckle is a head-turner ✅ Versatile – works with polos, shirts, and oversized tees ✅ Good price for the design – looks more premium than it costs ✅ Comfortable in Indian climate",https://www.myntra.com/reviews/31973465
myntra_31973465_7,myntra_reviews,trousers,,4,"These Highlander Gurkha trousers have a refined and sophisticated look, perfect for formal and smart-casual wear. The fit appears tailored, with a stylish high-waist design that enhances the silhouette. The fabric seems premium, though it might require proper care to maintain its sharpness. A great pick for an elegant wardrobe upgrade!",https://www.myntra.com/reviews/31973465
myntra_31973465_8,myntra_reviews,trousers,,4,"The fit is pretty decent and looks stylish with tucked shirts. Color is exactly as shown — a nice deep brown. Waist was slightly tighter than expected, but manageable. Material feels okay for casual wear, not too thick. Good option if you're bored of basic chinos and want something with a different vibe.",https://www.myntra.com/reviews/31973465
myntra_31973465_9,myntra_reviews,trousers,,5,"This trouser is best in quality and fitting also, just go with it",https://www.myntra.com/reviews/31973465
myntra_31973465_10,myntra_reviews,trousers,,5,Pant quality is top notch 👌🏼 Perfect fit 🔥,https://www.myntra.com/reviews/31973465
myntra_31973465_11,myntra_reviews,trousers,,4,My Usual size is 32 but this size or the the product does not fit well so exchanged with 30 and it fit perfectly. Gurkha pants does not need belts so the fit should be perfect. And Highlander did wonderful job in it Kudos,https://www.myntra.com/reviews/31973465
myntra_31973465_12,myntra_reviews,trousers,,4,"Quality and cloth material is good, fit can be better, side belts must have one extra button to make it fit Overall good pant with different style and looks",https://www.myntra.com/reviews/31973465
myntra_31973465_13,myntra_reviews,trousers,,4,"Length is bit short for tall people Else is exceptionally good, fit, quality, colour is great",https://www.myntra.com/reviews/31973465
myntra_31973465_15,myntra_reviews,trousers,,5,"Excellent fit and finish. The pleats and gurkha waist give it a smart, tailored look, and the fabric drapes really well. Perfect for both office and casual styling. True to size and great value for money.",https://www.myntra.com/reviews/31973465
myntra_31973465_16,myntra_reviews,trousers,,5,Pretty good pants can pair it up with almost anything,https://www.myntra.com/reviews/31973465
myntra_31973465_17,myntra_reviews,trousers,,5,Loved it.. Perfect fitting..,https://www.myntra.com/reviews/31973465
myntra_31973465_18,myntra_reviews,trousers,,5,"Superb Pant, quality and comfort excellent",https://www.myntra.com/reviews/31973465
myntra_31973465_19,myntra_reviews,trousers,,4,Nice and good quality but I want small size,https://www.myntra.com/reviews/31973465
myntra_31973465_20,myntra_reviews,trousers,,4,"Product is really nice, the quality is good but as a skinny guy it fits a little loose, otherwise it's really good to go .",https://www.myntra.com/reviews/31973465
myntra_31973465_21,myntra_reviews,trousers,,4,Nice pant but fabric is not that much good for a long time wearing. Best fitting for me (5'8'') and good quality.,https://www.myntra.com/reviews/31973465
myntra_41488604_0,myntra_reviews,trousers,,5,Beautiful trousers.. my daughter seems happy,https://www.myntra.com/reviews/41488604
myntra_41488604_1,myntra_reviews,trousers,,3,Look wise good but material not yhat good,https://www.myntra.com/reviews/41488604
myntra_41488604_2,myntra_reviews,trousers,,4,Quality was very good but size big for my little girl,https://www.myntra.com/reviews/41488604
myntra_41488604_4,myntra_reviews,trousers,,5,quality is amazing it's just that it is long for my baby girl,https://www.myntra.com/reviews/41488604
myntra_41488604_15,myntra_reviews,trousers,,1,Poor quality of product not good,https://www.myntra.com/reviews/41488604
myntra_35486728_0,myntra_reviews,trousers,,5,"I recently bought these pants and I’m honestly very impressed. I bought M size and my height is 5’7. They are super lightweight and feel almost like a second skin. The fabric is soft, breathable, and gives a cotton-like comfort while still being perfect for workouts. What I love the most is how stretchable and comfortable they are—you can move freely without any restriction. They don’t trap sweat, which makes them great for gym sessions as well as casual outings. Also, a big plus—no camel toe issue at all, which makes them even more confidence-boosting to wear. Overall, a perfect combination of comfort, style, and functionality. Highly recommended! ✨",https://www.myntra.com/reviews/35486728
myntra_35486728_1,myntra_reviews,trousers,,3,"It's super comfy, soft and moves with me. I saw the photos online before ordering and I saw that the pockets were tiny and useless, but I still ordered for the lack of alternatives available at the time. When I tried it, the pocket was just as useless. I love the pants otherwise, but not having a good functional pocket really brings the rating down to 3 from 5. Hope the team improves on their version and brings out a better version with better and functional pockets, because I really like the fit, comfort and softness of the material. Thanks!",https://www.myntra.com/reviews/35486728
myntra_35486728_2,myntra_reviews,trousers,,5,"BlissClub is one of the best brands for sportswear as well as daily wear. The clothing is extremely comfortable and very lightweight, so it almost feels like you’re not wearing anything. The quality is excellent and perfect for everyday use or workouts. The only issue I faced is that some designs don’t have pockets. Other than that, everything about the brand is really good and worth buying. 🏃‍♀️✨",https://www.myntra.com/reviews/35486728
myntra_35486728_3,myntra_reviews,trousers,,5,This is the first time I am using a product from Blisslub. Thought to give it a shot after seeing the hype about it. I mean I have tried flared pants I got from a very expensive brand in US but this one is 🔥🔥🔥 It’s so soft so comfy I can’t even imagine. 💗💗 I just received it in evening and I am ordering the next one right away. So so so good 😍😍😍😍😍,https://www.myntra.com/reviews/35486728
myntra_35486728_4,myntra_reviews,trousers,,5,Blissclub never fails. Perfect quality. It’s so comfortable and stretchy. Perfect for walks and yoga. Same colour ad shown. Shows your curves. I love it ♥️♥️♥️,https://www.myntra.com/reviews/35486728
myntra_35486728_5,myntra_reviews,trousers,,5,Main Abhi fitness journey start ki h or mujhe ye hidden jam mil Gaya blissclub is best ..,https://www.myntra.com/reviews/35486728
myntra_35486728_6,myntra_reviews,trousers,,5,OMG!!!! Great for yoga and exercise. In love with the fabric. Ordering a new one. Perfect fit. Accentuates my body! Same colour as shown.!,https://www.myntra.com/reviews/35486728
myntra_35486728_7,myntra_reviews,trousers,,5,My skin has never felt something this light🫰🏻 Actually airmelt 💖,https://www.myntra.com/reviews/35486728
myntra_35486728_8,myntra_reviews,trousers,,5,"Really happy with my purchase! The Blissclub pants are super comfortable, have a great fit, and the fabric feels soft and premium. They are stylish, flattering, and perfect for both everyday wear and casual outings. The quality is also impressive. Definitely worth buying! ⭐⭐⭐⭐⭐",https://www.myntra.com/reviews/35486728
myntra_35486728_9,myntra_reviews,trousers,,5,"Nice bahot hi achha aaya hai mene first time blissclub se kuch order Kiya the kafi dar the but product achha aaya hai... Bilkul body hugging... Being colore nice color,color ko lekar bhi mujhe doubt the but everything is good 👍👍I like it",https://www.myntra.com/reviews/35486728
myntra_35486728_10,myntra_reviews,trousers,,5,"Comfiest pair of pants I own. It’s way softer than other ones by the brand, so don’t expect it to be as fitted. If you do want them to look more fitted, you can go a size down. I love this fabric, wish they had more colour options!",https://www.myntra.com/reviews/35486728
myntra_35486728_11,myntra_reviews,trousers,,5,"Anyone who’s unsure about buying this ; get it without a second thought! The trousers are truly true to their name, Airmelt they feel like butter on the skin. The material is incredibly soft, and the fit is amazing.",https://www.myntra.com/reviews/35486728
myntra_35486728_12,myntra_reviews,trousers,,4,"Fabric is good, very soft, according to me it’s a very good option for loungewear since it feels very light. But if you are looking for tummy hold just like the other blissclub lite pants, it doesn’t hold.",https://www.myntra.com/reviews/35486728
myntra_35486728_13,myntra_reviews,trousers,,5,"Great fabric, fits well. A little long length wise, but over all a great deal in this price.",https://www.myntra.com/reviews/35486728
myntra_35486728_14,myntra_reviews,trousers,,5,Quality is too good.. must buy,https://www.myntra.com/reviews/35486728
myntra_35486728_15,myntra_reviews,trousers,,5,Quality and comfort is perfect . Thinner line,https://www.myntra.com/reviews/35486728
myntra_35486728_16,myntra_reviews,trousers,,5,"This trouser is my go to trouser for anything Be it an outdoor activity, travel or gym It’s pure cotton , doesn’t shrink or bleed after washing and high quality material",https://www.myntra.com/reviews/35486728
myntra_35486728_18,myntra_reviews,trousers,,5,Lovely fit of this pant and it much much comfortable ❤️❤️❤️,https://www.myntra.com/reviews/35486728
myntra_35486728_19,myntra_reviews,trousers,,5,"Very comfortable and stylish pant. The fabric is soft, breathable, and stretches well. Great fit, premium quality, and perfect for everyday wear. Highly recommended!",https://www.myntra.com/reviews/35486728
myntra_35486728_20,myntra_reviews,trousers,,5,I have probably found one of the most comfortable flared pants from bliss club and at a very affordable cost! Fabric is very soft and high rise shape is very good,https://www.myntra.com/reviews/35486728
myntra_35486728_21,myntra_reviews,trousers,,4,Amazing quality just don’t think twice or u will lose it.,https://www.myntra.com/reviews/35486728
myntra_35486728_22,myntra_reviews,trousers,,4,Thetrousers are very soft buttery feel. They can be worn as lounge wear not for gym or outdoor workouts since they are too light of a material.,https://www.myntra.com/reviews/35486728
myntra_35486728_23,myntra_reviews,trousers,,4,"Perfect fit, yet only one issue with the product. In my opinion, I didn't feel comfortable accessing the back waist pocket.",https://www.myntra.com/reviews/35486728
myntra_43375677_0,myntra_reviews,trousers,,5,Amazing trousers for kids comfortable,https://www.myntra.com/reviews/43375677
myntra_28898918_0,myntra_reviews,trousers,,5,Excellent quality trousers! The slim fit is perfect and the cotton fabric is very comfortable to wear all day. The color looks exactly as shown in the pictures and the stitching is top-notch. Very happy with this purchase. Highly recommended!,https://www.myntra.com/reviews/28898918
myntra_28898918_1,myntra_reviews,trousers,,5,"Great quality product! The fabric is soft, comfortable, and well-finished. The fit is perfect, and the overall look is impressive. Very satisfied with the purchase.",https://www.myntra.com/reviews/28898918
myntra_28898918_2,myntra_reviews,trousers,,5,"I know very well about this brand and about there quality,its perfect,thanks to myntra for providing these in a reachable price",https://www.myntra.com/reviews/28898918
myntra_28898918_3,myntra_reviews,trousers,,5,Good fitting & best fabric,https://www.myntra.com/reviews/28898918
myntra_28898918_4,myntra_reviews,trousers,,5,Color plus fabric are good .soft ....,https://www.myntra.com/reviews/28898918
myntra_28898918_5,myntra_reviews,trousers,,5,Loved it.. very comfortable,https://www.myntra.com/reviews/28898918
myntra_28898918_6,myntra_reviews,trousers,,3,"Color same as image, standard quality",https://www.myntra.com/reviews/28898918
myntra_28898918_7,myntra_reviews,trousers,,5,It is a good colour but it is not slim fit it is a super slim fit Description must be updated.,https://www.myntra.com/reviews/28898918
myntra_28898918_8,myntra_reviews,trousers,,5,Good quality and nice fit,https://www.myntra.com/reviews/28898918
myntra_28898918_9,myntra_reviews,trousers,,5,Very comfortable and stylish,https://www.myntra.com/reviews/28898918
myntra_33557639_0,myntra_reviews,trousers,,5,I had little expectations but this is really good worth the price we are paying it's trendy and stylish loved it,https://www.myntra.com/reviews/33557639
myntra_33557639_1,myntra_reviews,trousers,,3,The price is higher as per the quality as compared to other shopping apps.,https://www.myntra.com/reviews/33557639
myntra_33557639_2,myntra_reviews,trousers,,5,Very stylish pant it is and goes with every dress,https://www.myntra.com/reviews/33557639
myntra_33557639_4,myntra_reviews,trousers,,5,Nice colour and fit for my kiddo,https://www.myntra.com/reviews/33557639
myntra_33557639_6,myntra_reviews,trousers,,5,Very good material and fitting is also perfect.,https://www.myntra.com/reviews/33557639
myntra_33557639_8,myntra_reviews,trousers,,5,Very beautiful fabric koi bhi kmi nhi h le skte h,https://www.myntra.com/reviews/33557639
myntra_33557639_10,myntra_reviews,trousers,,5,Quality of fabric is very good,https://www.myntra.com/reviews/33557639
myntra_41532625_0,myntra_reviews,trousers,,5,"I loved it sooo much.. They fit and hug perfectly, offering the ideal balance between a relaxed silhouette and tailored structure. The stunning look and super comfortable material make them a flawless choice for any occasion. U can wear it as ofyc wear or any guest outfit,,no doubt it will give a glam look ,,buy it without a 2nd thought .. it's literally a very good trouser ,and It fits me perfectly overall am super obsessed with this pant ,, it's gonna be my one of the best trouser 😍",https://www.myntra.com/reviews/41532625
myntra_41532625_1,myntra_reviews,trousers,,5,"I absolutely love these ADDYVERO Loose Fit, High-Rise, Wrinkle-Free Pants! The black colour looks classy and makes them perfect for both formal and casual outfits. The fit is extremely comfortable and flattering, and they sit perfectly without feeling too tight. I especially love the smooth, soft texture, which makes them comfortable to wear for long hours. The wrinkle-free fabric is another big plus because the pants look neat and polished with minimal effort. They can easily be paired with shirts, tops, or blazers, making them very versatile. Overall, excellent quality, comfort, and style at a great price. Definitely worth buying!",https://www.myntra.com/reviews/41532625
myntra_41532625_2,myntra_reviews,trousers,,5,"Absolutely loved these pants! The fabric is soft, breathable, and feels premium. The color is exactly as shown in the pictures and looks very elegant. The fit is comfortable with a flattering loose style, making it perfect for all-day wear. The stitching and overall quality are excellent. Highly recommended if you're looking for stylish, comfortable, and good-quality trousers. Worth every penny! ❤️",https://www.myntra.com/reviews/41532625
myntra_41532625_3,myntra_reviews,trousers,,5,"I'm very happy with these trousers. The fabric feels soft, lightweight, and doesn't wrinkle easily. The high-rise fit is comfortable and gives a polished look. The length is perfect for me, and the wide-leg design looks elegant. It pairs well with shirts, tops, and blazers for both office wear and casual outings. The stitching is neat, and the color is exactly as shown in the pictures. Overall, it's great value for the price, and I would definitely recommend it.",https://www.myntra.com/reviews/41532625
myntra_41532625_4,myntra_reviews,trousers,,5,Best trousers for short height girl it inhence the hight and also very comfortable clothes material it's stratable it also give the waist elastic to given the proper nice waist shape,https://www.myntra.com/reviews/41532625
myntra_41532625_5,myntra_reviews,trousers,,4,The product quality is too good. Comfortable with nice fitting 😊😊,https://www.myntra.com/reviews/41532625
myntra_41532625_6,myntra_reviews,trousers,,5,"I’m honestly so happy with these pants! 🤍 The fit is super flattering, especially around the waist and hips, and the slight flare at the bottom gives such a classy, elongated look. The fabric feels comfortable and doesn’t look cheap at all. It’s perfect for office wear, brunch, or even a casual day out. The neutral beige shade pairs beautifully with almost anything. Definitely one of my best purchases. Highly recommend!",https://www.myntra.com/reviews/41532625
myntra_41532625_7,myntra_reviews,trousers,,5,So soft fabric… must must try … just love it … most affordable and looking amezing,https://www.myntra.com/reviews/41532625
myntra_41532625_8,myntra_reviews,trousers,,5,It is really nice. The fit was perfectly awesome.,https://www.myntra.com/reviews/41532625
myntra_41532625_9,myntra_reviews,trousers,,4,"Nice trousers, value for money product",https://www.myntra.com/reviews/41532625
myntra_41532625_10,myntra_reviews,trousers,,4,"Very comfortable pants for work, nice, comfy and stretchable.",https://www.myntra.com/reviews/41532625
myntra_41532625_11,myntra_reviews,trousers,,5,"Quality and fit is amazing. I am very choosy when it comes to fit and quality, so you can understand how good the quality is. Please do buy it. ❣️♥️",https://www.myntra.com/reviews/41532625
myntra_41532625_12,myntra_reviews,trousers,,5,Bel botton trouser very nice fitting ...must buy,https://www.myntra.com/reviews/41532625
myntra_41532625_13,myntra_reviews,trousers,,5,I want to give more stars ...Just love it and the quality just wow,https://www.myntra.com/reviews/41532625
myntra_41532625_14,myntra_reviews,trousers,,5,"Wow just wow, the pant fits good, the material is very soft and breathable, east to maintain , can style this pant in so many different ways. Loved it 🥰",https://www.myntra.com/reviews/41532625
myntra_41532625_15,myntra_reviews,trousers,,5,"Pant quality 10 on 10 but it’s my personal opinion. It’s very high pan, so I’m not suggesting those girls who having a big tummy quality was hundred and it’s like a long pant and very super hits on formal.",https://www.myntra.com/reviews/41532625
myntra_41532625_16,myntra_reviews,trousers,,5,Very good fitting soft fabric I loved it loved the material if it would be in white or beige I would have bought them too . Loved the product,https://www.myntra.com/reviews/41532625
myntra_41532625_17,myntra_reviews,trousers,,5,"Good fit,Gives the corporate vibe!",https://www.myntra.com/reviews/41532625
myntra_41532625_18,myntra_reviews,trousers,,4,Fitting is perfect. The material is so soft. Go for it. I liked the colour.,https://www.myntra.com/reviews/41532625
myntra_41532625_19,myntra_reviews,trousers,,5,Fabric is fabulous ♥️♥️♥️🥰🥰🥰👍👍👍,https://www.myntra.com/reviews/41532625
myntra_41532625_21,myntra_reviews,trousers,,5,Fabric quality of trousers was too good,https://www.myntra.com/reviews/41532625
myntra_41532625_22,myntra_reviews,trousers,,4,"The trousers are really good! The fabric feels comfortable, and the fitting is amazing—it gives a very flattering look. The only downside is that it doesn't have pockets, which would have made it perfect. Overall, a great purchase and definitely worth buying!",https://www.myntra.com/reviews/41532625
myntra_41532625_23,myntra_reviews,trousers,,5,"Really liked this pant! The fit is comfortable and looks stylish. The material feels good and the wide-leg design gives a nice, elegant look. They are easy to style with different tops and are comfortable to wear. Overall, happy with the quality and fit.",https://www.myntra.com/reviews/41532625
yt_Ugz-GKTDYHEAyOl3_td4AaABAg,youtube_comment,youtube,2025-11-21,,Ak pal k liye lga Alakh panday sir ki wife h😂,https://youtube.com/watch?v=zR_J12Z3Kxo
yt_UgxAXd_LstxvwS-1SO94AaABAg,youtube_comment,youtube,2026-08-01,,Yrr ye top available hai kahi to yrr help kro guys meri 😭 meri bestie ko cahiye,https://youtube.com/watch?v=zR_J12Z3Kxo
yt_UgyE_Fh6pdSXTDo3FM94AaABAg,youtube_comment,youtube,2026-08-23,,May I get the link for the top you wore In the start? ( That pastel beige),https://youtube.com/watch?v=zR_J12Z3Kxo
yt_UgwFUMh-vv1e5UHKO4R4AaABAg,youtube_comment,youtube,2025-10-22,,You didn't posted link for this top on telegram or whatsapp😢,https://youtube.com/watch?v=zR_J12Z3Kxo
yt_Ugx0_mGS-Ewoj7qlJVB4AaABAg,youtube_comment,youtube,2026-01-15,,"so much problem to get the link, i mean u can just put it in the description, then we can say thats a helpful video",https://youtube.com/watch?v=zR_J12Z3Kxo
yt_Ugwx9PoyCWJ5Xj3OW054AaABAg,youtube_comment,youtube,2025-12-04,,"Hi nikita, Can you please resend the link as i cant find it on whatsapp channel?",https://youtube.com/watch?v=zR_J12Z3Kxo
yt_UgyL8NwPO5OHXzrQeDt4AaABAg,youtube_comment,youtube,2026-02-26,,Pls share link in pinned comment I couldn't find it anywhere bcz there's nothing posted,https://youtube.com/watch?v=zR_J12Z3Kxo
yt_Ugy5DCjioK7bDS3WNqp4AaABAg,youtube_comment,youtube,2026-01-15,,Checked all telegram post this top is nowhere,https://youtube.com/watch?v=zR_J12Z3Kxo
yt_UgyonLeX_DAL9tX4jsV4AaABAg,youtube_comment,youtube,2026-03-16,,Plz share the link the pin comment link is not opening,https://youtube.com/watch?v=zR_J12Z3Kxo
yt_UgwLVay7hXgaE8qi8fN4AaABAg,youtube_comment,youtube,2026-06-12,,This top is very bad because this was very tight,https://youtube.com/watch?v=zR_J12Z3Kxo
yt_UgzS6RLeisFc2XZOeB54AaABAg,youtube_comment,youtube,2026-08-24,,https://youtube.com/shorts/u5_zUdgarzY?si=Uu4iQECaJUjKXO2r,https://youtube.com/watch?v=zR_J12Z3Kxo
yt_UgwfgAuyFgWg6Quztp54AaABAg,youtube_comment,youtube,2025-08-25,,You are looking very preety and it seems u reduced weight also,https://youtube.com/watch?v=BnYFa-1H0hM
yt_UgxuuoXvABaElKQHMxN4AaABAg,youtube_comment,youtube,2025-10-12,,First white dress ka link please di kr dijiye send,https://youtube.com/watch?v=BnYFa-1H0hM
yt_Ugwwq_7QHa9BUywaZUp4AaABAg,youtube_comment,youtube,2025-11-25,,All videos are outstanding mai regular dekhati hu aapke video aapki youtube friend hu aapke lots of products buy karti hu,https://youtube.com/watch?v=BnYFa-1H0hM
yt_UgwklrZ2jnToLYutHZV4AaABAg,youtube_comment,youtube,2026-06-16,,Please silver dress ka link share kr dijiye,https://youtube.com/watch?v=BnYFa-1H0hM
yt_UgzXSL_eoz7Y2wuOQQh4AaABAg,youtube_comment,youtube,2025-11-21,,They are sending just wrong product and when you exchange they will not send your order back they will not refund your money also,https://youtube.com/watch?v=BnYFa-1H0hM
yt_Ugzha2WBSDqrXZtGOoV4AaABAg,youtube_comment,youtube,2025-11-21,,It’s advise be careful there is better platforms where you can shop like Nayka and all but Myntra just fraud,https://youtube.com/watch?v=BnYFa-1H0hM
yt_Ugx7gF-aT4q7TIlIPTt4AaABAg,youtube_comment,youtube,2026-08-07,,Ye bilkul v sahi aps nhi h myntra pe ada adhura saman bhejta h Or jb missing k cmpln karo to ye log bekuf bnata h 2 august ko mene odr mgaya myntra ne ada adura products bheja lekin abhi tak ye log mera products vaps nhi kie vry bd myntra,https://youtube.com/watch?v=BnYFa-1H0hM
yt_UgzUdZKPzT_4f8zHHJ54AaABAg,youtube_comment,youtube,2026-01-15,,इनको एडवर्टाइज करने के पैसे मिले हैं इनके बहकावे में मतआना कोई बहुत बड़ा फ्रॉड चल रहा है mintra पर,https://youtube.com/watch?v=BnYFa-1H0hM
yt_Ugywwhd3beLFl6BWfBF4AaABAg,youtube_comment,youtube,2026-07-02,,Nice and you can see my account for beautiful frocks like this,https://youtube.com/watch?v=BnYFa-1H0hM
yt_UgwNIh3w6ZMNZwLqljJ4AaABAg,youtube_comment,youtube,2026-01-15,,Mintra फ्रॉड है mintra फ्रॉड है mintra फ्रॉड है mintra फ्रॉड है mintra फ्रॉड है mintra फ्रॉड है mintra फ्रॉड है mintra फ्रॉड है mintra फ्रॉड है mintra फ्रॉड है मेरा पैसा खा गया खाली डब्बा भेजा था मुझे न तो समान भेजा न मेरा पैसा वापस किया 😢😢,https://youtube.com/watch?v=BnYFa-1H0hM
yt_UgwIsX5g7_oQho4CyG94AaABAg,youtube_comment,youtube,2025-12-09,,https://youtube.com/shorts/eoStb-KHB9o?si=fmLJhelWlvFmVUpP,https://youtube.com/watch?v=BnYFa-1H0hM
yt_UgzOLns62mi1EaEVHqt4AaABAg,youtube_comment,youtube,2026-07-11,,Waaooo so preetyyyy can u please provide the link of trouser❤❤I like it❤️,https://youtube.com/watch?v=hB2at5QJlJQ
yt_Ugy_e6ML3q5IbyhvJVB4AaABAg,youtube_comment,youtube,2025-09-10,,Plss make a tutorial on how do u edit ur videos,https://youtube.com/watch?v=hB2at5QJlJQ
yt_Ugz9kKdOpKrmJw8wO_54AaABAg,youtube_comment,youtube,2025-09-10,,Please di community post par link share karo apke sare video ka kyunki tag Kara product link open nahi hota hain,https://youtube.com/watch?v=hB2at5QJlJQ
yt_UgwpOXYSowWx9n_tTUZ4AaABAg,youtube_comment,youtube,2025-09-10,,Jiji please messho se batvo ye to bohot mahnga hai 😢,https://youtube.com/watch?v=hB2at5QJlJQ
yt_UgzlYzXKzCq-8lXRe2h4AaABAg,youtube_comment,youtube,2026-01-31,,Is this available and what's it's price?,https://youtube.com/watch?v=BK3oZPzevoE
yt_Ugx6ypFDETLUQ8NEHWZ4AaABAg,youtube_comment,youtube,2026-08-07,,Myntra is vry bd online shop pesa leta hai pura products ka or bhejta hai ada products pr jab cmpln karo to koi response nhi dikhata hai kuch or or bhejta h kuch or,https://youtube.com/watch?v=BK3oZPzevoE
yt_UgxLpb8cDhX88D_OMsF4AaABAg,youtube_comment,youtube,2025-08-08,,Myntra online are super thiefs.....They book order take money & do not deliver .....BE AWARE & NEVER ORDER ON MYNTRA,https://youtube.com/watch?v=BK3oZPzevoE
yt_UgxDCtel3YPX21x_4X54AaABAg,youtube_comment,youtube,2026-08-07,,Myntra se acha to meeshu hai cmsekam agar missing products bhejta hai to turant exchng karta hai ye myntra to bekuf banata hai,https://youtube.com/watch?v=BK3oZPzevoE
yt_Ugw9qPn2xpXJHVsbUzZ4AaABAg,youtube_comment,youtube,2024-07-25,,Ur Meesho dress also makes ur background look brighter😂😂😂,https://youtube.com/watch?v=C3OpvA4sSdk
yt_UgzDlehybXJ8TFkN9Kx4AaABAg,youtube_comment,youtube,2024-08-18,,For middle class people like us.... price matters a lot so we don't bother much about small things. When i see this comment section i feel I'm the only poor one here😅,https://youtube.com/watch?v=C3OpvA4sSdk
yt_Ugz3bzOsD_846utLeQ94AaABAg,youtube_comment,youtube,2024-08-25,,Colour is same but material is always different.myntra says cotton and sells cotton.Meesho says cotton but sends Rayon..wast different in stitch and colour..can't trust Meesho.. specially since they are growing due to low price.but they lie and cheat a lot.had few bad experience past few months,https://youtube.com/watch?v=C3OpvA4sSdk
yt_UgxDAJpYf91HR5pU1Hx4AaABAg,youtube_comment,youtube,2024-08-04,,Pants are not of that quality in meesho but rate also matters 😊,https://youtube.com/watch?v=C3OpvA4sSdk
yt_UgzVgKB4KhwnZtjo6xF4AaABAg,youtube_comment,youtube,2024-07-30,,Dono ache hain fabric ka furk hai. Chanderi silk fabric mehnga ata hai,https://youtube.com/watch?v=C3OpvA4sSdk
yt_UgxuiWUDnMWD-R-o42Z4AaABAg,youtube_comment,youtube,2025-08-13,,"Meesho se quality kaafi acchi mil gayi, mujhe bhi try karna hoga 😍",https://youtube.com/watch?v=C3OpvA4sSdk
yt_UgwRURpNWZMi6lqlL7F4AaABAg,youtube_comment,youtube,2024-09-08,,Difference is that meesho sales replica of the original,https://youtube.com/watch?v=C3OpvA4sSdk
yt_UgwSIR5SarjZJ1pAEVZ4AaABAg,youtube_comment,youtube,2024-08-08,,Customer service is also imp.. Which is worst in meesho.. So myntra is always the first priority..,https://youtube.com/watch?v=C3OpvA4sSdk
yt_UgzOiesW-rv_r7uq2CB4AaABAg,youtube_comment,youtube,2024-08-06,,"Different तो हैं, दुपट्टे में,border में",https://youtube.com/watch?v=C3OpvA4sSdk
yt_UgxYDocC7wYxndDNunF4AaABAg,youtube_comment,youtube,2024-08-31,,"Bro price jada rhega chalega pr quality hona chahye, myntra ke kapde 4 5 years aram se chal jate h aur kapde ki quality vaise ki vaise rehti h",https://youtube.com/watch?v=C3OpvA4sSdk
yt_UgxYW-lfVgWE9wAfKSF4AaABAg,youtube_comment,youtube,2024-07-28,,"the quality of meesho one is definitely not that good, We can tell",https://youtube.com/watch?v=C3OpvA4sSdk
yt_UgxMhtwPRJ9FlZ6nzMF4AaABAg,youtube_comment,youtube,2024-08-24,,Now messho's dress returns to the myntra😂,https://youtube.com/watch?v=C3OpvA4sSdk
yt_UgwbvWgr7F7peYT9f8N4AaABAg,youtube_comment,youtube,2024-08-30,,"Quality difference and little colour difference , dupatta is totally different",https://youtube.com/watch?v=C3OpvA4sSdk
yt_UgyfsSdKilfYOtdS_654AaABAg,youtube_comment,youtube,2025-06-07,,Guys buy from Myntra best pricing and quality. With easy returns 😊,https://youtube.com/watch?v=C3OpvA4sSdk
yt_Ugzed4UJE5NUmvkI-eN4AaABAg,youtube_comment,youtube,2024-08-05,,Both looks same to me for some reason. May be because of the same wrinkle marks,https://youtube.com/watch?v=C3OpvA4sSdk
yt_Ugz130NX9Sauq4yWhOJ4AaABAg,youtube_comment,youtube,2024-08-21,,Justice for doctor moumita debnath 🙏🙏🙏 🙏🙏🙏,https://youtube.com/watch?v=C3OpvA4sSdk
yt_Ugxqgtl8_wGc5E4FK2F4AaABAg,youtube_comment,youtube,2024-08-23,,Ab messho wali dress Myntra walon ko return kar do 😂😂😂❤😅,https://youtube.com/watch?v=C3OpvA4sSdk
yt_Ugx9Q0wq9ZV_i1McuhJ4AaABAg,youtube_comment,youtube,2026-08-19,,I'm really confused that i need to use any of these app for my mom's shopping.. she is using online shopping for the first time. Which app is good to use but in low prices? Should I check for meesho? Pls need some help,https://youtube.com/watch?v=C3OpvA4sSdk
yt_Ugx7Sfq_wd-4yT8c0r14AaABAg,youtube_comment,youtube,2025-10-16,,Guys which one should I refer? Please suggest,https://youtube.com/watch?v=C3OpvA4sSdk
yt_UgymMzCP0oo5V48Dcnt4AaABAg,youtube_comment,youtube,2024-08-26,,Now go and return Myntra dress to meesho fayda hi hoga 😂😂,https://youtube.com/watch?v=C3OpvA4sSdk
yt_UgzoadqtwrSDh-K_Fxh4AaABAg,youtube_comment,youtube,2025-08-03,,Nenu outside apudu apudu veltha konta akuga online a andukey adugutuna,https://youtube.com/watch?v=C3OpvA4sSdk
yt_UgwabiBunhj6Pg4chi94AaABAg,youtube_comment,youtube,2024-08-12,,"Quality natural fabric will last longer, will not disrupt your endocrine system, will not pollute the environment, and will financially support small weavers or growers (if cotton).",https://youtube.com/watch?v=C3OpvA4sSdk
yt_UgzK3fbxe2QvtTrRE-d4AaABAg,youtube_comment,youtube,2024-10-25,,Difference in price is because of difeerence in silk quality,https://youtube.com/watch?v=C3OpvA4sSdk
yt_Ugz25mGKMaqvTATgZRd4AaABAg,youtube_comment,youtube,2024-08-23,,I think your background also changes with Myntra and Meesho.,https://youtube.com/watch?v=C3OpvA4sSdk
yt_Ugz5W8YlWEl7zxL9Jl14AaABAg,youtube_comment,youtube,2025-08-03,,Background bhi change hota h dress k sath 🤔,https://youtube.com/watch?v=C3OpvA4sSdk
yt_Ugwl-JtgfzT0q7a2uBB4AaABAg,youtube_comment,youtube,2024-07-19,,Heyy?? Well Nd Meesho one is to perfect thn Myntra,https://youtube.com/watch?v=C3OpvA4sSdk
yt_UgxZB5vTwNdgt3inkVZ4AaABAg,youtube_comment,youtube,2024-08-09,,"Meesho wala polyester cloth hai, not any silk 😂",https://youtube.com/watch?v=C3OpvA4sSdk
yt_Ugzn8CvCS-w1nMG4Afx4AaABAg,youtube_comment,youtube,2026-05-28,,Filter use kai hai look at the wall colour,https://youtube.com/watch?v=C3OpvA4sSdk
yt_Ugz3GEviwprOSM3C1114AaABAg,youtube_comment,youtube,2024-08-29,,Ye video k ckkr mai 2 same dress lekr krte kya h ya vapis kr dete h 😂,https://youtube.com/watch?v=C3OpvA4sSdk
yt_Ugya-Wv9Ano9WZk1Pbd4AaABAg,youtube_comment,youtube,2024-09-04,,Looks like same but you didn't iron the bottom to make it look cheaper for meesho one😂😂😂😂,https://youtube.com/watch?v=C3OpvA4sSdk
yt_UgysL1LoqOnQnQ0A48J4AaABAg,youtube_comment,youtube,2025-08-03,,Online lo vosthulu ani first hand leda second hand a,https://youtube.com/watch?v=C3OpvA4sSdk
yt_UgyIVdSMrJupv7aO-s94AaABAg,youtube_comment,youtube,2024-08-29,,I see people here spotting difference Next time do onr thing Wear them and ask people to guess which one is from which company most people will get it wrong 😅,https://youtube.com/watch?v=C3OpvA4sSdk
yt_Ugy31769IxcI6GcKsPZ4AaABAg,youtube_comment,youtube,2024-09-14,,Myntra is always best in case of clothing... Meesho always gives third class products.. From the eyes of a genuine customer Regards,https://youtube.com/watch?v=C3OpvA4sSdk
yt_Ugzq9tjVYSqaLn8CTGh4AaABAg,youtube_comment,youtube,2024-09-01,,meesho is not good..I ordered dresses 3 times & used to get stuff different from what I ordered so I stopped buying anything from meesho afterwards. cannot trust meesho,https://youtube.com/watch?v=C3OpvA4sSdk
yt_Ugy-EtQZmfD7i_sijbN4AaABAg,youtube_comment,youtube,2024-09-10,,You're more beautiful than Myntra & meesho..... But I love Myntra. Old is gold.,https://youtube.com/watch?v=C3OpvA4sSdk
yt_UgyJVnWRsNAk8kqM3jp4AaABAg,youtube_comment,youtube,2024-07-19,,Meesho one looks more nice and elegant❤❤❤,https://youtube.com/watch?v=C3OpvA4sSdk
yt_Ugw69nRCabqhn3eBCZ54AaABAg,youtube_comment,youtube,2024-08-18,,Pant is different in messho and different in myntra,https://youtube.com/watch?v=C3OpvA4sSdk
yt_UgywByv5C7gW6lCS-4R4AaABAg,youtube_comment,youtube,2025-08-03,,Naku kocham clarify evandi YouTube lo chusinadagera neche naku doubt vundi poindi,https://youtube.com/watch?v=C3OpvA4sSdk
yt_UgxIHQbknImXFp519Fx4AaABAg,youtube_comment,youtube,2024-08-18,,First thing first..why shall anyone buy the exact same dress from two different online shopping platform!? You know..just my opinion,https://youtube.com/watch?v=C3OpvA4sSdk
yt_UgyTOBhUWdT-zpsftT14AaABAg,youtube_comment,youtube,2025-08-03,,E dress first hand dress leda valu cheptunaru second hand leda ekado teaukoni ekado sale chestunamu ani,https://youtube.com/watch?v=C3OpvA4sSdk
yt_Ugxobpi5qLydKpFoALd4AaABAg,youtube_comment,youtube,2025-06-12,,PRODUCTS ARE TAGGED 🤍 Shirts Size: S Jeans Size: S (waist 28),https://youtube.com/watch?v=iabxMFFAt7s
yt_UgzQJobVVCcrgc6flfZ4AaABAg,youtube_comment,youtube,2025-06-13,,Loved all the crop shirts🫶The styling is on point💕🤍Your fashion sense is always top-notch🤌🩷🩷,https://youtube.com/watch?v=iabxMFFAt7s
yt_UgwsTuXPrIXhInHUbtR4AaABAg,youtube_comment,youtube,2025-10-05,,You look better than the model of these shirts itself ❤❤❤❤,https://youtube.com/watch?v=iabxMFFAt7s
yt_UgzqC5u5kMEKwQiw8aB4AaABAg,youtube_comment,youtube,2025-08-05,,U kinda look like shanaya kapoor Pretty❤,https://youtube.com/watch?v=iabxMFFAt7s
yt_UgznmdJTeOIHQj3K5cV4AaABAg,youtube_comment,youtube,2025-06-13,,How do you always find the cutest stuff?💖🍒✨,https://youtube.com/watch?v=iabxMFFAt7s
yt_UgwZkp1OAb8TZvl6QMN4AaABAg,youtube_comment,youtube,2025-06-12,,Summer trousers or any set in cotton please❤,https://youtube.com/watch?v=iabxMFFAt7s
yt_UgyOtNzL_Ig1CtNijql4AaABAg,youtube_comment,youtube,2026-01-07,,Amazing gurl ❤..i just got addicted to ur elegant look ✨️ ... Could u please let me know ur height and weight approx.....so that i could order those perfectly in sizes.....,https://youtube.com/watch?v=iabxMFFAt7s
yt_UgydCuS2UZvjfORSBS94AaABAg,youtube_comment,youtube,2025-06-12,,Diiiii aap itne sundar sundar clothes dikhate ho vo honestly review dete ho ya fir promotion karte ho I am confused because aap intniiì sundar sundar kaha se dund late ho very pretyyyy ... I watch your videos and I have your subscriber alsoooo ❤🎉,https://youtube.com/watch?v=iabxMFFAt7s
yt_UgyfWQOMH8R2AVgW4aZ4AaABAg,youtube_comment,youtube,2026-01-04,,Do you have a longer version? Cause not everybody likes crop??,https://youtube.com/watch?v=iabxMFFAt7s
yt_UgywGC_Kc1CLs6Ic2UZ4AaABAg,youtube_comment,youtube,2025-06-13,,And di I have received my giveaway gifts✨💙thanku sooo much🫶💕I really liked them🩷,https://youtube.com/watch?v=iabxMFFAt7s
yt_UgyqAWtTU3OwKjjsZZN4AaABAg,youtube_comment,youtube,2025-06-13,,Diii aap itne aache clothes btate ho jo hum afford hi ni kr payenge 1 top 500 ka,https://youtube.com/watch?v=iabxMFFAt7s
yt_Ugwbf2rZatOK8E71zhN4AaABAg,youtube_comment,youtube,2025-11-05,,The link of the second one isnt there pls give the link,https://youtube.com/watch?v=iabxMFFAt7s
yt_UgyWRdS5p1qR38VVout4AaABAg,youtube_comment,youtube,2025-10-09,,Diiii myntra pr open ni ho rha search krne k bd b,https://youtube.com/watch?v=iabxMFFAt7s
yt_UgwdXXPGHtvXL98oGI54AaABAg,youtube_comment,youtube,2026-08-26,,Di please make like this affordable vedio more,https://youtube.com/watch?v=iabxMFFAt7s
yt_UgweD9Dur3xHbkiwuLB4AaABAg,youtube_comment,youtube,2025-07-26,,Aaone jo white wala shirt pehena h uska 🔗,https://youtube.com/watch?v=iabxMFFAt7s
yt_UgyvhfhsCBDsiOaVNMZ4AaABAg,youtube_comment,youtube,2026-02-26,,@abhipsajoshi plz give link of 2nd top plz plz 🙏❤,https://youtube.com/watch?v=iabxMFFAt7s
yt_Ugz0LOZ3BhRA6GDW0t94AaABAg,youtube_comment,youtube,2026-06-25,,Art and craft ideas laou cuch Naya bhi ho ga plzzzzzzzzzzzzzzzzzzzzzzzzzzzzzzzzzzzzzzzzzzzzzzzzz,https://youtube.com/watch?v=iabxMFFAt7s
yt_Ugz623i4fl3Fw5aELJh4AaABAg,youtube_comment,youtube,2026-02-07,,Kon kon meri trh comment padne aaya haii 😂😂😂😂,https://youtube.com/watch?v=iabxMFFAt7s
yt_UgyLoNLciXdJUi-L-nB4AaABAg,youtube_comment,youtube,2026-03-04,,First one is too good but too crop for me bcz of my height 😢😢😢 Why I'm so long Sometime I hate my height. Can't wear crop and high heels 😢😢,https://youtube.com/watch?v=iabxMFFAt7s
yt_Ugxn05h9OYb9R_em2wN4AaABAg,youtube_comment,youtube,2025-06-12,,"I am your subscriber ❤please corset haul ❤because i want, and i don't know how it is ❤ so please corset hual ❤ Please❤ Please❤ Please❤ Please❤ Please❤ Please❤ Please❤ Please❤ Please❤ Please❤ Please❤ Please❤ Please❤ Please❤ Please❤ Please❤ Please❤ Please❤ Please❤ ❤❤❤",https://youtube.com/watch?v=iabxMFFAt7s
yt_UgzjhwKZxESFwxjA_ER4AaABAg,youtube_comment,youtube,2024-08-11,,Myntra one looks more shiny and of good quality.,https://youtube.com/watch?v=UAGE51XUIZg
yt_UgzUFg0Q-08cbYefT4d4AaABAg,youtube_comment,youtube,2024-08-17,,"Everyone finding the differences between the two outfits. But ,me( she wear bangles on Myntra outfit only😅)😂😂",https://youtube.com/watch?v=UAGE51XUIZg
yt_UgxoztkZgo3woEmmvT94AaABAg,youtube_comment,youtube,2024-08-17,,Myntra colour is so elegant nd beautiful,https://youtube.com/watch?v=UAGE51XUIZg
yt_UgxR6lAmsyMoBcEouPJ4AaABAg,youtube_comment,youtube,2024-08-16,,"Myntra neckline is thinner and looks better. Quality of the cloth seems better, its bright and shiny. Myntra fall looks better too. Looks like dupatta borders are either different or stitched differently to the dupatta.",https://youtube.com/watch?v=UAGE51XUIZg
yt_UgxdAfzijVr4M-u0Nmp4AaABAg,youtube_comment,youtube,2024-08-24,,Myntra's stitch is better. Even laces on kurta and dupatta are more sophisticated than meesho's one.,https://youtube.com/watch?v=UAGE51XUIZg
yt_UgxOUmW-lhYVIr85iNd4AaABAg,youtube_comment,youtube,2024-08-11,,Difference is on neck the meesho one has high neck while as myntra one has low neck 🤗 and the myntra one looks more shiny than meesho one 😊,https://youtube.com/watch?v=UAGE51XUIZg
yt_UgxMPP8zNN2THZ6r6op4AaABAg,youtube_comment,youtube,2024-09-05,,"To be honest forget about the quotes. If you look carefully, the expensive one looks way better then the cheap one. More elegant and quality.",https://youtube.com/watch?v=UAGE51XUIZg
yt_Ugwb3qgfVJqcPVXb18l4AaABAg,youtube_comment,youtube,2024-08-18,,Am i the only one who liked the meesho one more😅,https://youtube.com/watch?v=UAGE51XUIZg
yt_UgwEYi4oc6y9Tj1Zpsx4AaABAg,youtube_comment,youtube,2024-09-01,,"There is only one difference ,that is the fabric used in these both dresses",https://youtube.com/watch?v=UAGE51XUIZg
yt_UgxJbCG2aCAC8mcc4G54AaABAg,youtube_comment,youtube,2024-08-21,,As a person who can stich I think myntra's one is quite well stiched and neckline is More elegant 🎉,https://youtube.com/watch?v=UAGE51XUIZg
yt_Ugw8wK1YMm1w5fJjkFx4AaABAg,youtube_comment,youtube,2024-08-13,,"The buttons are placed intricately, also the collar is much flattering in the Myntra one and also very elegant… the cutting at the slit part of the kurta sits well on the Myntra one even though it runs big",https://youtube.com/watch?v=UAGE51XUIZg
yt_Ugz0odnsRYkkEa9pN3t4AaABAg,youtube_comment,youtube,2024-08-30,,"Everyone is just looking at the dress difference, but no one is looking at the price difference. If the price is low, the quality of things will be a little worse.",https://youtube.com/watch?v=UAGE51XUIZg
yt_Ugw_tKINhfNx6CcbnNV4AaABAg,youtube_comment,youtube,2024-08-22,,More shiny in Myntra and neck style also different,https://youtube.com/watch?v=UAGE51XUIZg
yt_Ugx4J9TmxSg1MHch5qx4AaABAg,youtube_comment,youtube,2024-09-19,,Shine and quality can be clearly seen in Myntra,https://youtube.com/watch?v=UAGE51XUIZg
yt_Ugx-2doIBYNJaWUdr7B4AaABAg,youtube_comment,youtube,2024-08-23,,one who knows both the products are manufactured in the same place will only understand it's same 😂😂😂,https://youtube.com/watch?v=UAGE51XUIZg
yt_Ugyc-uoqFVnmEr5i4oh4AaABAg,youtube_comment,youtube,2024-08-14,,dupatta is also different meshoo ka dupatta thoda low quality ka lg rha or border design bhi alg hai or whi myntra wla aache quality ka lg rha,https://youtube.com/watch?v=UAGE51XUIZg
yt_UgwNXeRb5TNINGLqgX54AaABAg,youtube_comment,youtube,2024-08-22,,Difference of material Is clear even on video,https://youtube.com/watch?v=UAGE51XUIZg
yt_UgykPfuOqTaA8irzMNt4AaABAg,youtube_comment,youtube,2024-08-24,,Neck design different and myntra one looks more shiny...😊😊😊,https://youtube.com/watch?v=UAGE51XUIZg
yt_UgylBVy6OjqxQUAcXBF4AaABAg,youtube_comment,youtube,2024-08-27,,"Yes. More differences in cloth. Other difference in neck collar, waist join, center lace and duppatta lace",https://youtube.com/watch?v=UAGE51XUIZg
yt_Ugzj7BtwKcy3vZaFgBx4AaABAg,youtube_comment,youtube,2024-08-24,,Myntra is always top.. I have never purchased dresses from other apps. Only myntra❤,https://youtube.com/watch?v=UAGE51XUIZg
yt_Ugz0YS7Jhwb82-k3Czl4AaABAg,youtube_comment,youtube,2024-08-23,,Meesho is for middle class and budget people .,https://youtube.com/watch?v=UAGE51XUIZg
yt_UgzBFLd-cDnIrSd0uA94AaABAg,youtube_comment,youtube,2024-08-12,,You looks so gorgeous 😍 in all outfit ❤and the difference is that the colour is more shiny than messho,https://youtube.com/watch?v=UAGE51XUIZg
yt_UgyYueWI3ky-6QNuKXV4AaABAg,youtube_comment,youtube,2024-09-16,,"meesho lower & upper portion stitched to make it one, where as myntra is one piece and mytra's collar is slightly thinner compared to meesho's broad collar 😅",https://youtube.com/watch?v=UAGE51XUIZg
yt_Ugwbdqzz0mnbLOnMz794AaABAg,youtube_comment,youtube,2024-08-22,,Maine bhi same dress mintra se lee hu special for raksha Bandhan bahut sundar hain.,https://youtube.com/watch?v=UAGE51XUIZg
yt_Ugxb8e9HZV1uEdCGLXp4AaABAg,youtube_comment,youtube,2024-08-16,,What about thr afterwash??? Whichbone retains proper color,https://youtube.com/watch?v=UAGE51XUIZg
yt_UgwIgjHRt0HO33BWIJ54AaABAg,youtube_comment,youtube,2024-08-27,,Myntra quality is good so money is needed😊😊,https://youtube.com/watch?v=UAGE51XUIZg
yt_UgzlzyqJkKEPSHcUlNF4AaABAg,youtube_comment,youtube,2024-08-26,,I think there is no comparison between Meesho and Myntra. Myntra always provide items with best quality.,https://youtube.com/watch?v=UAGE51XUIZg
yt_Ugy_2uI9uUreh9R73uV4AaABAg,youtube_comment,youtube,2024-08-24,,Packaging Meesho- plastic Myntra- biodegradable paper😊,https://youtube.com/watch?v=UAGE51XUIZg
yt_UgzuJkRTCfz5__7QgLF4AaABAg,youtube_comment,youtube,2024-09-08,,I think meesho is best because of small budget and dark colour and also shining I like that,https://youtube.com/watch?v=UAGE51XUIZg
yt_Ugx-_EYFokXPqiD_GmV4AaABAg,youtube_comment,youtube,2024-09-09,,Yes quality of the Myntra fabric looks more superior,https://youtube.com/watch?v=UAGE51XUIZg
yt_UgwfErh-V21lrGOdDC14AaABAg,youtube_comment,youtube,2024-08-25,,Give me the link for this dress meesho one okk please I wanna buy this for my sister her birthday is coming,https://youtube.com/watch?v=UAGE51XUIZg
yt_UgyOc-4mED1k81N-x_J4AaABAg,youtube_comment,youtube,2024-09-07,,Meesho ones looks like made of two different fabrics on front While Myntra one looks wholesome,https://youtube.com/watch?v=UAGE51XUIZg
yt_UgyXUSK37xQ7TbW7JtB4AaABAg,youtube_comment,youtube,2024-09-06,,Difference in fabric is easily noticable from watching the video only,https://youtube.com/watch?v=UAGE51XUIZg
yt_UgyIeeF_uk0mG21RGCR4AaABAg,youtube_comment,youtube,2025-01-11,,How to check review in any product? Please anyone reply me.,https://youtube.com/watch?v=UAGE51XUIZg
yt_UgwoNEUX8xk1IAELVGB4AaABAg,youtube_comment,youtube,2024-08-24,,Everyone is telling small small differences from both of these dress.🧐....bro but still meshoo rate is just 639 and myntra one is 1399......so i'll prefer meshoo one more😅,https://youtube.com/watch?v=UAGE51XUIZg
yt_Ugyzn3iKHZO38QvD1Nh4AaABAg,youtube_comment,youtube,2024-08-17,,Meesho dress link & Myntra dress link send me please,https://youtube.com/watch?v=UAGE51XUIZg
yt_UgxZOViC3gwpzlHWLnt4AaABAg,youtube_comment,youtube,2024-08-15,,even your first dress looks darker on the meesho side,https://youtube.com/watch?v=UAGE51XUIZg
yt_Ugyd0q0WshLjrUQOEVd4AaABAg,youtube_comment,youtube,2024-08-22,,Please tell me where the parachute pants sre from😭😭😭😭😭,https://youtube.com/watch?v=UAGE51XUIZg
yt_Ugzd4YPbv6jE8tsw71B4AaABAg,youtube_comment,youtube,2024-08-25,,"I got 2 ,the colour is more shiny of Myntra and the neck is v neck with cloth stiched .",https://youtube.com/watch?v=UAGE51XUIZg
yt_UgxtFdW-NZ_bnJKCG0N4AaABAg,youtube_comment,youtube,2024-08-30,,"Myntra one looks more elegant, shiny and comfy. ❤",https://youtube.com/watch?v=UAGE51XUIZg
yt_UgzNUR91IqpnK0fjezV4AaABAg,youtube_comment,youtube,2024-08-22,,myntra one is looking more shiny and good quality comparing with the meesho one,https://youtube.com/watch?v=UAGE51XUIZg
yt_UgypPjXPU4wlCT5KHKp4AaABAg,youtube_comment,youtube,2024-09-07,,Ab do same dress ka kya karogi.. El mujhe dedo😂,https://youtube.com/watch?v=UAGE51XUIZg
yt_UgwtJvBcw70FqrJPlrR4AaABAg,youtube_comment,youtube,2024-08-22,,"Neck design n lace of sleeve is different, also Myntra has different shining n dress line",https://youtube.com/watch?v=UAGE51XUIZg
yt_UgwuwTB6MV74QQJtWhV4AaABAg,youtube_comment,youtube,2024-09-17,,1 wash ke bad samaj ayega konsa achha hai,https://youtube.com/watch?v=UAGE51XUIZg
yt_Ugz7r5JjmDylLRYwHWt4AaABAg,youtube_comment,youtube,2024-08-30,,Myntra has more bright colour meesho is little bit colourless❤,https://youtube.com/watch?v=UAGE51XUIZg
yt_UgwV5LY8kdaZWq2GyMR4AaABAg,youtube_comment,youtube,2024-08-29,,"I also ordered top from myntra, when it's arrived... its not as i expected... I didn't even wear it once outside... It's only expensive and the fabric is poor too",https://youtube.com/watch?v=UAGE51XUIZg
yt_UgzUk-CayvazzO1fMcp4AaABAg,youtube_comment,youtube,2024-09-14,,Hence proved! Every perfect thing can't be expensive ❤,https://youtube.com/watch?v=UAGE51XUIZg
yt_UgzxDoh7QFn-L5q03FJ4AaABAg,youtube_comment,youtube,2024-09-08,,Gale ka cooler alar hai haath ka baazu me difference hai chota bda hai and chinni me kadhai kuch Jayda hi h mesho me,https://youtube.com/watch?v=UAGE51XUIZg
yt_UgyCm2_a-ris2c7dLjF4AaABAg,youtube_comment,youtube,2024-08-24,,Different is baground as it affects dress colour,https://youtube.com/watch?v=UAGE51XUIZg
yt_UgyEBO5CWxSlra5e5el4AaABAg,youtube_comment,youtube,2021-11-16,,Video title: how to measure by yourself Video: you will need someone to help you,https://youtube.com/watch?v=8hc1pWyD3-g
yt_UgwJgD_GEuQ9_P4FGo54AaABAg,youtube_comment,youtube,2018-02-12,,"didnt i just read ""How to measure Bottomwear by Yourself"" and the first thing, first of all you need a partner..... bruuhhh",https://youtube.com/watch?v=8hc1pWyD3-g
yt_UgxcWqHAvWty8LyyWzV4AaABAg,youtube_comment,youtube,2021-11-17,,How to Measure Bottomwear BY YOURSELF. You will need a measuring tape and...SOMEONE TO HELP YOU. That is hilarious...,https://youtube.com/watch?v=8hc1pWyD3-g
yt_UgydEAdsSbHZHLZf47V4AaABAg,youtube_comment,youtube,2022-04-09,,But your all products different sizes according to description i buy here&now jeans 32 and same rebuy jeans 32 but both different sizes not with same brand others brand,https://youtube.com/watch?v=8hc1pWyD3-g
yt_UgwI11iCgq-9KsPuqCt4AaABAg,youtube_comment,youtube,2024-10-12,,How tall someone be if they wear a long full pant with a 45 inches inseam ???,https://youtube.com/watch?v=8hc1pWyD3-g
yt_UgzLdInIR6zeN8auaUp4AaABAg,youtube_comment,youtube,2021-03-23,,"There's something definitely wrong with most of the size chart guides. The other day I was ordering a pair of Levi's jeans, when I checked my waist it was exactly 36 inches, I did it twice, so I ordered a pair of jeans size 36. When I received my order and checked it, it was way very loose on me. I double-checked the size, and size 36 was written on the inside tag. However, when I measured the waist of jeans by myself, the exact length of the waistline was 38.4 inches. I mean wtf!!! The size 36 should be exactly 36, why 38.4??? So, I had to returned it and ordered a 34.",https://youtube.com/watch?v=8hc1pWyD3-g
yt_Ugy6XdKSVpfpe7zhkmt4AaABAg,youtube_comment,youtube,2024-12-03,,"What point is measuring existing pants when I need to measure the inseem that NEEDS to be? Assume I am wearing beach shorts and shopping for an office suit. Also consider that something that rolls in Kentucky, won't roll in Italy: different traditions to what constitutes normal length.",https://youtube.com/watch?v=8hc1pWyD3-g
yt_UgxWEHSoJvbYumrkG1t4AaABAg,youtube_comment,youtube,2021-06-02,,The title says BY YOURSELF and the video in the fist 20 seconds says you need someone to help you 😂🤦‍♂️,https://youtube.com/watch?v=8hc1pWyD3-g
yt_Ugxvc45KY-j331nvWKp4AaABAg,youtube_comment,youtube,2019-05-03,,"yes different brands do have different sizes...why?! 32"" is 32 inches! Whether you are European or American an inch is an inch! lol",https://youtube.com/watch?v=8hc1pWyD3-g
yt_Ugw9vC_mElQWDfS5Ehp4AaABAg,youtube_comment,youtube,2022-09-29,,"Regarding waist measurements, I just found this important tidbit somewhere on a website: ""Take a measuring tape and wrap it around your waistline where you normally wear your pants. Subtract 4 inches from that measurement to get your pant waist size."" — Hope this helps you!",https://youtube.com/watch?v=8hc1pWyD3-g
yt_Ugzgjl0EFcw7-Zv9DIx4AaABAg,youtube_comment,youtube,2020-07-01,,Is this video copyright free ? Can i use this video ? 🥺,https://youtube.com/watch?v=8hc1pWyD3-g
yt_UgylEOIqedFwfTgso5h4AaABAg,youtube_comment,youtube,2022-08-19,,the pants that fit me best are a 36 but when i measured my waist im a 44. how is that possible?,https://youtube.com/watch?v=8hc1pWyD3-g
yt_Ugynn7M5_dylyHBLlW94AaABAg,youtube_comment,youtube,2022-09-17,,"Unfortunately most of your vendors do not mention these measurments. So dears, insist this information.else the vendor and your portal will loose revenue because the client ends up returning il-fitting dress",https://youtube.com/watch?v=8hc1pWyD3-g
yt_Ugz2Fq9dsg3YGu2g6KB4AaABAg,youtube_comment,youtube,2021-05-01,,Why are you measuring the pants? Don’t they already come with measurements? I need to know how to measure the inseam on my body? I know to start at crotch but down to what? Ankles! Floor?,https://youtube.com/watch?v=8hc1pWyD3-g
yt_UgzTNO4q2UrrHiQBgJZ4AaABAg,youtube_comment,youtube,2023-02-19,,I was built with that badonkadonk and wide hips like my momma not these skinny boys so jeans always been a struggle for me…,https://youtube.com/watch?v=8hc1pWyD3-g
yt_Ugwaty9hC6fUs8OVIAF4AaABAg,youtube_comment,youtube,2021-03-23,,1:08 I was expecting her to take the inch tape rofl,https://youtube.com/watch?v=8hc1pWyD3-g
yt_UgzSzc7ysX80eN_Us7Z4AaABAg,youtube_comment,youtube,2022-03-02,,Im 6'7 36inch I want 7ft with full torso,https://youtube.com/watch?v=8hc1pWyD3-g
yt_UgzGt29V-nHD2mF8ULt4AaABAg,youtube_comment,youtube,2023-04-27,,"Thank you, i have an 11 year old boy that no longer fits in 18-20 kids clothes so i need to change him to mens pants and didn’t know how to pick a size",https://youtube.com/watch?v=8hc1pWyD3-g
yt_UgxoxDo3D9xbbOPC4gl4AaABAg,youtube_comment,youtube,2024-07-27,,The fact the waist measurements aren't even the waist measurements but below is so confusing,https://youtube.com/watch?v=8hc1pWyD3-g
yt_Ugyhkwty_8qHhnuYQ354AaABAg,youtube_comment,youtube,2017-09-21,,i'm super lost i have measured my waist at 46 inches and length at 27 inches using a very accurate measuring tape please help me i don't want to screw up when i buy my new jeans.,https://youtube.com/watch?v=8hc1pWyD3-g
yt_UgwKrPPgodY9ZNluwLh4AaABAg,youtube_comment,youtube,2020-07-25,,I love how he says crotch so casually 1:13 rofl,https://youtube.com/watch?v=8hc1pWyD3-g
yt_UgzfL3TwQl1091Qscap4AaABAg,youtube_comment,youtube,2024-09-16,,ok cool you told me to measure 5 things now I have 5 numbers so which single number is the one I use to order a fucking pair of goddamn pants?,https://youtube.com/watch?v=8hc1pWyD3-g
yt_UgzKuUKW1-fx-N_QOX14AaABAg,youtube_comment,youtube,2025-11-19,,"this cant be true, not for any of my jeans",https://youtube.com/watch?v=8hc1pWyD3-g
yt_UgzTW59oCUbpj2zITWl4AaABAg,youtube_comment,youtube,2020-10-23,,"Measure by ""yourself"", first step GET SOMEONE ELSE TO HELP!? How is that by yourself?",https://youtube.com/watch?v=8hc1pWyD3-g
yt_UgzB25xsBtXL_vZN0z54AaABAg,youtube_comment,youtube,2025-01-15,,"Kuhl Pants that fit me measure different than what they say they are, which is different from what I measure on me!? Unsure of everything now! Pants Say 36x30 (waist x length) I Measure 39x32 (waist at my waistline where the belt would be x length from ankle to actual waistline) Pants actually measure out to be exactly 39x39 These Pants are the perfect length, and leave about an inch or two in the waist for the belt to compress... go figure!?",https://youtube.com/watch?v=8hc1pWyD3-g
yt_UgxldEVvoN3OgCRHec14AaABAg,youtube_comment,youtube,2022-01-20,,"how to measure by yourself , you will need : someone else",https://youtube.com/watch?v=8hc1pWyD3-g
yt_UgxpZ-Wdcz-YBJLPNj94AaABAg,youtube_comment,youtube,2020-08-29,,That is NOT how you measure the waist and hips,https://youtube.com/watch?v=8hc1pWyD3-g
yt_UgwlHlUxucal3nXwb9x4AaABAg,youtube_comment,youtube,2024-07-22,,Sir yeh formet Myntra se download nhi hoga jo apne description m diya hai???,https://youtube.com/watch?v=fwXMl5prhC0
yt_UgzBzRmfVERwBKQS-8R4AaABAg,youtube_comment,youtube,2024-07-22,,Hello sir can you give training for myntra portal??,https://youtube.com/watch?v=fwXMl5prhC0
yt_UgwJsSsAseYNlrJYVYJ4AaABAg,youtube_comment,youtube,2023-05-06,,That's what we talking about. We need this kinda content in shorts. Simple but useful.,https://youtube.com/watch?v=n4J6vHvEn9E
yt_Ugz58qZz29rFoqzdEup4AaABAg,youtube_comment,youtube,2023-05-06,,Plot twist- scamadviser has trust score of 2/100,https://youtube.com/watch?v=n4J6vHvEn9E
yt_UgzS8AvgzEhvxZ7XjxB4AaABAg,youtube_comment,youtube,2023-05-06,,Me checking the website itself on the website if itself is fake 😂,https://youtube.com/watch?v=n4J6vHvEn9E
yt_UgylRXaQq7VMgLGmsqp4AaABAg,youtube_comment,youtube,2024-03-13,,"Why nobody talks about scam done by customers, First ordering on COD then cancelling on doorsteps! It gives loss of around 150 - 200 on every shipping! I lost my hard earned money through scam done by customers!",https://youtube.com/watch?v=n4J6vHvEn9E
yt_UgzQ26koyCw9x5aRwg94AaABAg,youtube_comment,youtube,2023-05-07,,As someone who wants to start an actual eCommerce business this type of scams are really a pain for both businesses and consumers,https://youtube.com/watch?v=n4J6vHvEn9E
yt_UgxnfQLj97VH3d9uf9l4AaABAg,youtube_comment,youtube,2023-05-06,,What if that scam adviser is the real scam and it is funded by websites to decrease competition in scams 😂🤣 .,https://youtube.com/watch?v=n4J6vHvEn9E
yt_UgzflqnPof1rJnylKZp4AaABAg,youtube_comment,youtube,2023-05-07,,Or just don't buy stuff from a social media ad. Simple as that,https://youtube.com/watch?v=n4J6vHvEn9E
yt_Ugyv2KFvtcTvqNPXQGx4AaABAg,youtube_comment,youtube,2023-05-12,,Meanwhile the scan advisor website itself is a fake website...😂😂,https://youtube.com/watch?v=n4J6vHvEn9E
yt_UgyREGUEfY2ueHFbgud4AaABAg,youtube_comment,youtube,2024-07-09,,"Hey *GrindTechiei* just wanna thank you again for offering to help me out with scammers about a year ago. Your a stand up guy and I am greatful to you, glad your doing so well. Thanks again keep up the great work and ROCK ON WITH YOUR AWESOME SELF BROTHER!!",https://youtube.com/watch?v=n4J6vHvEn9E
yt_Ugyjy89QQhfQ4pyTShN4AaABAg,youtube_comment,youtube,2023-05-06,,Sharing this to my shopaholic friend rn.,https://youtube.com/watch?v=n4J6vHvEn9E
yt_UgyagLdNW-aEW5xEJuN4AaABAg,youtube_comment,youtube,2023-05-10,,aapke order aate to hai. ..hum jab scam hote futi kodi bhi nahi milta,https://youtube.com/watch?v=n4J6vHvEn9E
yt_UgzwMpO797GM1yG9FAB4AaABAg,youtube_comment,youtube,2024-01-04,,"My man fighting against the stereotypes, nice one",https://youtube.com/watch?v=n4J6vHvEn9E
yt_UgwwWpSQ5fp3PlGlIaB4AaABAg,youtube_comment,youtube,2023-06-30,,"and also, if you are ordering something from these sketchy websites, make sure you put COD option",https://youtube.com/watch?v=n4J6vHvEn9E
yt_UgwAJxxOOKOh8D1LOk94AaABAg,youtube_comment,youtube,2023-05-07,,I was about to order that mouse ☠️😂😂you saved me bro 😂,https://youtube.com/watch?v=n4J6vHvEn9E
yt_UgxuaIj0pPC-N4LZXYt4AaABAg,youtube_comment,youtube,2024-07-10,,"Holy shit.... it was really an emotional roller coaster. such a long journey, glad to see the recovery complete and *Grind techiei* even broke down that scammer to the point where he admitted to the scam, got his son involved, and really made him reflect on his actions8",https://youtube.com/watch?v=n4J6vHvEn9E
yt_UgykjizFeYU6hBRFYIJ4AaABAg,youtube_comment,youtube,2023-07-04,,Excellent job I must say to you *TUFLIJAA* .Im so grateful and delighted youre out there fighting these jerks and helping victims get back there money and doing everything possible to protect innocent victim’s from this heartless people out there lookin,https://youtube.com/watch?v=n4J6vHvEn9E
yt_UgyG4RRjt_QNla6V41d4AaABAg,youtube_comment,youtube,2023-05-06,,Thanks for this I will most definitely share this.,https://youtube.com/watch?v=n4J6vHvEn9E
yt_UgyWS1880kjKLTAyuvd4AaABAg,youtube_comment,youtube,2023-05-06,,Thank You for informing about such scams,https://youtube.com/watch?v=n4J6vHvEn9E
yt_Ugzft7YUhUVLturSDHV4AaABAg,youtube_comment,youtube,2023-12-27,,"I also felt once in this scam but with the help of payment provider gateway, we shut down that fake website",https://youtube.com/watch?v=n4J6vHvEn9E
yt_UgwyykRlWB67agHS68t4AaABAg,youtube_comment,youtube,2023-05-07,,No the biggest scam is is surveys on instagram ads The litreally ask you emails with passwords and people fill it and get nothing,https://youtube.com/watch?v=n4J6vHvEn9E
yt_Ugx6ryWKF8MiNt6Lv2V4AaABAg,youtube_comment,youtube,2023-08-05,,Props to all those who actually bought that mouse and gave a review.,https://youtube.com/watch?v=n4J6vHvEn9E
yt_UgxXr5DTdUusODBT6LZ4AaABAg,youtube_comment,youtube,2023-06-22,,Dude...all ur short videos are really helpful.. loving the content. Keep it up.,https://youtube.com/watch?v=n4J6vHvEn9E
yt_UgxZxv-ylvi59arR5Ap4AaABAg,youtube_comment,youtube,2023-09-03,,really usefull conyent...actually everybody need this badly just because the online shopping trends now a days,https://youtube.com/watch?v=n4J6vHvEn9E
yt_Ugx_Fty2AhLxXBGI4Y14AaABAg,youtube_comment,youtube,2024-12-29,,Lots of scams out there. Instagram has to check before posting otherwise they are liable,https://youtube.com/watch?v=n4J6vHvEn9E
yt_Ugw_gv4RS6TPSkB_TdF4AaABAg,youtube_comment,youtube,2023-05-18,,Legends use scam advisor to check scam advisor itself 😂😂,https://youtube.com/watch?v=n4J6vHvEn9E
yt_Ugwhk1WFdiIcD6nzWNF4AaABAg,youtube_comment,youtube,2023-05-11,,"AND CHECK THERE SUPPORT EMAIL, I GOT SCAMMER THE SAME WAY AND TRIED TO EMAILED THEM AND NO VALID EMAIL WAS THERE (HAD IT ON CASH ON DELIVERY STILL GOT SCAMMER AND IT WAS MY FAULT THAT I PAID BEFORE CHECKING THE PACKAGING) STILL REGRET IT TT",https://youtube.com/watch?v=n4J6vHvEn9E
yt_UgzJrH61C9mYcelFTkZ4AaABAg,youtube_comment,youtube,2024-07-11,,I can't image how tough it would be to decide which position to play in the fight against these con artists. It is imperative that the past not be forgotten!! Regards to the *Grind Techiei* team for accepting this duty and fighting these evil swindler’s!😡,https://youtube.com/watch?v=n4J6vHvEn9E
yt_UgzfN2MnfK5fwMFu29l4AaABAg,youtube_comment,youtube,2023-05-06,,Can u make a video about while buying a laptop or mac what are things to consider,https://youtube.com/watch?v=n4J6vHvEn9E
yt_UgxU1Cz_rKnMKum38yp4AaABAg,youtube_comment,youtube,2023-05-06,,Nah bro thats not a scam they selling mystery boxes,https://youtube.com/watch?v=n4J6vHvEn9E
yt_UgzKw6mSdAXLRTyjlD94AaABAg,youtube_comment,youtube,2023-10-04,,Yes everyone be careful about this its a sereious matter. Like i also oredered a Lenovo tablet whose mrp was 35000. And in instagram it was 4999. They said its second hand. But still it was in good condition with picture and video of it. I immediately ordered it for my younger brother. Atlast i recieved the package. But instead of Lenovo tablet they gave me medicine tablet for cough😢😢,https://youtube.com/watch?v=n4J6vHvEn9E
yt_UgybJ9UnoIoCBD65N8d4AaABAg,youtube_comment,youtube,2023-05-06,,"Pratik, you are 'such' a good presenter. Love! ❤",https://youtube.com/watch?v=n4J6vHvEn9E
yt_UgwcdF-p-F9ilo-Qvxp4AaABAg,youtube_comment,youtube,2025-01-02,,Why didn’t you open the box in front of the camera?,https://youtube.com/watch?v=n4J6vHvEn9E
yt_UgyyjlGdH7dz2Pgc-XF4AaABAg,youtube_comment,youtube,2023-08-31,,Damn! What a precise content. Hatsoff brother ❤,https://youtube.com/watch?v=n4J6vHvEn9E
yt_UgzFPI9IvqLwYAvfgs94AaABAg,youtube_comment,youtube,2023-05-06,,He said the thing the thing.........THE TITLE DROP 😂,https://youtube.com/watch?v=n4J6vHvEn9E
yt_UgwQ_sOc7FBWNIhhQx54AaABAg,youtube_comment,youtube,2023-05-08,,Your videos are too good .. keep going 😊,https://youtube.com/watch?v=n4J6vHvEn9E
yt_UgwOVXsEgt4A1TRF8-14AaABAg,youtube_comment,youtube,2024-12-21,,Looks like scamadvisor works like the WOT extension,https://youtube.com/watch?v=n4J6vHvEn9E
yt_UgxZIoz2ayKF1IBKoo54AaABAg,youtube_comment,youtube,2023-08-18,,"*scammers be like:* itna futuristic mouse ka kya krega, tu champi kar 😅",https://youtube.com/watch?v=n4J6vHvEn9E
yt_UgzBk99t4xuFfK0PXax4AaABAg,youtube_comment,youtube,2023-08-16,,It is not at all useful. The algorithm does not work properly. I searched one website from where I ordered mobile cover but it's score showing 1%.,https://youtube.com/watch?v=n4J6vHvEn9E
yt_Ugw5aK9tMWcn_8EVHQN4AaABAg,youtube_comment,youtube,2023-05-08,,Golden rule :- only order from popular websites.,https://youtube.com/watch?v=n4J6vHvEn9E
yt_Ugw40wIdpAP8jCOcOUx4AaABAg,youtube_comment,youtube,2023-08-27,,"*Tip:* Never buy anything from Instagram sellers, ads etc. It's mostly a scam.",https://youtube.com/watch?v=n4J6vHvEn9E
yt_UgwDW5CZkcsn9a5W1hZ4AaABAg,youtube_comment,youtube,2023-05-06,,Instagram is a breeding ground for this.,https://youtube.com/watch?v=n4J6vHvEn9E
yt_UgyzbjGL_EARhtj1jR94AaABAg,youtube_comment,youtube,2023-05-11,,This method doesn't work. I tried a relative's e-commerce website who havent received a single order in 2 years and they don't even follow up or likely to fulfill orders (if they were to occur). Scam advisor gives them a rating of 99%. So I guess it only works for popular websites,https://youtube.com/watch?v=n4J6vHvEn9E
yt_UgxpGE5rXO1a3_qaIqd4AaABAg,youtube_comment,youtube,2023-05-18,,Even many times the location of the company shows on Google Map but still they’re scamsters. So be careful,https://youtube.com/watch?v=n4J6vHvEn9E
yt_Ugzz4GSv169VRz7fDfJ4AaABAg,youtube_comment,youtube,2023-09-01,,Techwiser👌🏻 Scamadviser🗿 Result: Budwiser 😙,https://youtube.com/watch?v=n4J6vHvEn9E
yt_UgxKi8WYX1G264iN_Qt4AaABAg,youtube_comment,youtube,2023-08-05,,"Also if there is no COD option, it's most likely a scam. With COD you can inspect and if it's a scam not pay and return to the guy there only. Whereas with online transactions, the guy doesn't have any insentive to give you the package. If you don't want it, he'll take it back to the company. You can try asking their emails, number and every other of their ""helplines"" but they'll either never pick up or pick up, bullshit you and never call back",https://youtube.com/watch?v=n4J6vHvEn9E
yt_UgyCTXOYVXn5ExXu0n54AaABAg,youtube_comment,youtube,2023-06-03,,Still paying 3x for brand tags? Shop wisely at www.antibrnd.com Instagram: https://www.instagram.com/antibrnd ANTIBRND revolution has begun! Now you can shop directly from the manufacturers used by your favourite luxury brands and buy luxury quality goods at the most affordable prices.,https://youtube.com/watch?v=CupwYqdVkt4
yt_UgwFmL3DjgpbXBstzmZ4AaABAg,youtube_comment,youtube,2023-06-22,,When you just realised that anti brand is also a brand : 👁️👄👁️,https://youtube.com/watch?v=CupwYqdVkt4
yt_Ugx-qlkTXrjyXFyYlFp4AaABAg,youtube_comment,youtube,2023-11-18,,Dark psychological trick for promotion ☠💀,https://youtube.com/watch?v=CupwYqdVkt4
yt_Ugw5j8tnELHV6Rpf6uF4AaABAg,youtube_comment,youtube,2023-06-15,,Anti brand is even costlier than brands 😂,https://youtube.com/watch?v=CupwYqdVkt4
yt_Ugww1AU7dyBvNs2XswB4AaABAg,youtube_comment,youtube,2023-06-10,,Bro just promote secretly and taught we wouldn't notice💀,https://youtube.com/watch?v=CupwYqdVkt4
yt_Ugz24GE6bn3ulcGN5cx4AaABAg,youtube_comment,youtube,2023-06-23,,"Brand value, quality control, fitting, comfort, unique looks left the chat🗿",https://youtube.com/watch?v=CupwYqdVkt4
yt_UgyFS3CLu8HeVCiX2Y54AaABAg,youtube_comment,youtube,2023-11-05,,Designers hardwork and creation is also an important part,https://youtube.com/watch?v=CupwYqdVkt4
yt_UgwooTS0ko2Bpp_hHlt4AaABAg,youtube_comment,youtube,2023-06-07,,I visited to their website and the prices were not low,https://youtube.com/watch?v=CupwYqdVkt4
yt_UgzKyUJ1TxZxcvEQz-14AaABAg,youtube_comment,youtube,2023-06-04,,Mujhe to anti brand Wale bhi mehnge lg rhe h meri locality mai to is sai bhi kmm price pr milte h abhi maine jo phena h vo bhi vhi se liya h 😂,https://youtube.com/watch?v=CupwYqdVkt4
yt_UgxJZXPQ41Iz2ZEhqR94AaABAg,youtube_comment,youtube,2023-07-25,,"We need that brand not for that product but for the brand itself, so that when a person notices the brand can know we spent that amount",https://youtube.com/watch?v=CupwYqdVkt4
yt_Ugz4dRKfPGqpG4OtsiR4AaABAg,youtube_comment,youtube,2023-06-06,,Muje bhi aase thodi si research karke sponsor chaiye 😂 .... Your scripting is good most people wouldn't know that you promoted a product in video❤❤❤❤,https://youtube.com/watch?v=CupwYqdVkt4
yt_Ugw9Ae5PkT4kgGzTLYd4AaABAg,youtube_comment,youtube,2023-06-03,,Bro it really means wake up to reality 🗿,https://youtube.com/watch?v=CupwYqdVkt4
yt_UgyaJvBz9tO0WnrIp8t4AaABAg,youtube_comment,youtube,2023-11-07,,I think one of the best quality brand clothes in (overlays) one of my favourite because there is affordable price clothes available there. 😊💜,https://youtube.com/watch?v=CupwYqdVkt4
yt_UgyDjVdneNr_nYXagYd4AaABAg,youtube_comment,youtube,2024-12-28,,have you added the marketing expenses for these brands? employees salaries? store rental charges in mall? store cleaning charges? government taxes? and many more,https://youtube.com/watch?v=CupwYqdVkt4
yt_UgzcyYmoNqaKK9i-wrZ4AaABAg,youtube_comment,youtube,2023-06-10,,Anti brand's rates are similar to any luxury brand. A shirt is about 90$. Even a pair of socks are costing 14$. These are higher than regular brands,https://youtube.com/watch?v=CupwYqdVkt4
yt_UgxT-d0RWpMSesWrtpR4AaABAg,youtube_comment,youtube,2023-06-03,,Bhai aapke Karan meri life change ho rhi hai thank you so much,https://youtube.com/watch?v=CupwYqdVkt4
yt_UgyF51gUxhq9AIwfFi14AaABAg,youtube_comment,youtube,2024-04-25,,It became a famous brand !! Zara was not since forever remember? Then how did it pave it's way ?? Quality? Comfort ? Style ? Fashion ? ...yes ✅ Ever wondered why something you bought from a local market wears out quick like in a year or less but something you bought from a brand or mall remains intact for a couple of years ? .... exactly 💯 that's what I mean He knows what hes speaking...he knows .....,https://youtube.com/watch?v=CupwYqdVkt4
yt_UgzC_nrtTC-pbZiB20V4AaABAg,youtube_comment,youtube,2023-06-19,,"😂😂1300 for a shirt of anti brand.. H&M will be like compromise nhi krne ka , hum h na",https://youtube.com/watch?v=CupwYqdVkt4
yt_UgzxcM5odSs8MOWeiTt4AaABAg,youtube_comment,youtube,2023-06-03,,I am gaining a lot of knowledge that is addicting me ❤,https://youtube.com/watch?v=CupwYqdVkt4
yt_UgxZQZ2ydbRjjKTLk1Z4AaABAg,youtube_comment,youtube,2023-06-13,,Brand wala manufacturer ko product specifications deta hain because of that quality matters most of the times .,https://youtube.com/watch?v=CupwYqdVkt4
yt_Ugx8BkzA_OvfQ-73lpt4AaABAg,youtube_comment,youtube,2023-06-03,,As a teenager i really wanted to know rules and behaviour of the world .....and by your channel I can say that it helped me a lot in recognition of true identity of everyone Thankx a lot ❤️😇,https://youtube.com/watch?v=CupwYqdVkt4
yt_UgyJG6CxrIc22ocl8E54AaABAg,youtube_comment,youtube,2024-08-04,,Company wale be like: yah to dhoti khol raha hai,https://youtube.com/watch?v=CupwYqdVkt4
yt_UgxR7wTCBH3VNUHLjGp4AaABAg,youtube_comment,youtube,2023-06-03,,Literally bhaiya your words help me a lot to change my mindset and to exceeds my limit . I read the books you recommend and it was awesome 👍 Arigataou gozaimasu❤,https://youtube.com/watch?v=CupwYqdVkt4
yt_UgxOU1chdSu-X8HYWAd4AaABAg,youtube_comment,youtube,2023-11-01,,Main reason of price increment is goodwill..🙂,https://youtube.com/watch?v=CupwYqdVkt4
yt_Ugx9lX2XDGA7S7hvqkd4AaABAg,youtube_comment,youtube,2023-06-14,,Fraud website hai. Company ki koi details share nahi ki gayi hai. Please avoid this. Be safe,https://youtube.com/watch?v=CupwYqdVkt4
yt_UgxOA4lt2vTo9R2nC2p4AaABAg,youtube_comment,youtube,2025-04-16,,The weekly markets like Monday and Tuesday markets are also so damn good. Literally the quality is superb and the shopkeeper said that they sell these clothes to shops where they are charging a lot of money so this is so good buying from the manufacturers only. (They are in Jaipur don't know about other cities..),https://youtube.com/watch?v=CupwYqdVkt4
yt_Ugxb_4h7AZrIyrw1rX54AaABAg,youtube_comment,youtube,2023-06-13,,Zindagi mein peheli bar ad skip nahi kya😥,https://youtube.com/watch?v=CupwYqdVkt4
yt_Ugx8qJeLsDTqjELZipB4AaABAg,youtube_comment,youtube,2024-06-08,,Bhai mere pass jhara ke brand ke 2 shirts hai woh bhi bahot mahange hai 😅,https://youtube.com/watch?v=CupwYqdVkt4
yt_UgycgSsGywZMhjrCywt4AaABAg,youtube_comment,youtube,2023-06-03,,Finally bhaiya ko anti brand ke taraf se sponceship to mili wrna chasma phehen pol khol dete phir ke roast kr dete isko bhi 😂😂😂😂❤,https://youtube.com/watch?v=CupwYqdVkt4
yt_Ugz_IM296QDWYZh8KUh4AaABAg,youtube_comment,youtube,2023-06-03,,Bro you are like an inspiration I wanted to join with you and want you to be my mentor,https://youtube.com/watch?v=CupwYqdVkt4
yt_UgxBu2Nc8F1CHhKMZW94AaABAg,youtube_comment,youtube,2024-07-22,,I ordered 2 tshirts from Anti brand. But isse accha same price pe Souled store ki tshirts far better hai. Best quality ke sath branding bhi mil jata hai,https://youtube.com/watch?v=CupwYqdVkt4
yt_UgxNAbZIgtA3ChmCIQ14AaABAg,youtube_comment,youtube,2023-06-03,,Topic -How to start earning money and start own business,https://youtube.com/watch?v=CupwYqdVkt4
yt_Ugz3YmopB65M45WjA3x4AaABAg,youtube_comment,youtube,2023-06-07,,"Also, the brand you mentioned, is selling a normal tee at 46 USD which is roughly around 3600 (may be more). How come it became cheaper than the brands like Zara? 😂😂",https://youtube.com/watch?v=CupwYqdVkt4
yt_Ugxi91ysXMW0KJdkLwx4AaABAg,youtube_comment,youtube,2024-06-05,,Recently mai shoes ki factory me gayi thi vaha pe red tape ke shoes the us box pe 5000 rate tha but vahi shoes mane 500 me sell kiye . just because its a brand,https://youtube.com/watch?v=CupwYqdVkt4
yt_UgzworJjVXfAs8al52V4AaABAg,youtube_comment,youtube,2023-06-03,,Bhaiya aapne link in pinned comment to bta diya lekin pinned comment hai hi nahi 😂😂,https://youtube.com/watch?v=CupwYqdVkt4
yt_UgxWPAerHlrF4DoxyYF4AaABAg,youtube_comment,youtube,2023-06-08,,Bhai agar non branded hii dalna hai toh local kisi bhi ache tailor se na kapde silva lu 😂 ya local manufacturers se na le lu😂😂😂 Antibrnd se bhi saste padenge and local businesses ko bhi support 😮😅,https://youtube.com/watch?v=CupwYqdVkt4
yt_Ugx3hLvc8x8WfQLh6HN4AaABAg,youtube_comment,youtube,2024-06-06,,"Big shoutout to the 4ra support team from me as well, helped me navigate the site and place my first bet 🙌 They’re awesome!",https://youtube.com/watch?v=CupwYqdVkt4
yt_Ugwcw--SCxsxB-V7hhp4AaABAg,youtube_comment,youtube,2023-06-03,,I'm not getting the anti brand site. Please give the link . .,https://youtube.com/watch?v=CupwYqdVkt4
yt_Ugxx-weByMvC9lVx4Jl4AaABAg,youtube_comment,youtube,2023-06-16,,East or west appun ka ZUDIO Is the best 😎😎 Jay ho Ratan Tata ji ki,https://youtube.com/watch?v=CupwYqdVkt4
yt_Ugw67NlGl5zIZfyu1J54AaABAg,youtube_comment,youtube,2023-08-30,,Me who spends thousands on clothes and still looks Ugly 😢,https://youtube.com/watch?v=CupwYqdVkt4
yt_UgySwsFNmmcKbEPfEA14AaABAg,youtube_comment,youtube,2023-06-12,,Luxury Brand Shirt 1349/- AntiBrand Shirt 1299/- Really affordable. Thanks Bro for sharing Great Job👍,https://youtube.com/watch?v=CupwYqdVkt4
yt_UgxSXOVMKgjqXioDaIB4AaABAg,youtube_comment,youtube,2023-11-25,,"ek carry bag,jo udhar kaam karte hain unka payment,light bill ka payment,jis mall main shop hain us mall ke store ka rent,fir transport yeh sabh dekhna padhta hain zara 90s se hain usko brand banane mein time laga aur jab laga tabh bhai isliye woh aaj ek brand hain 🙌🏻",https://youtube.com/watch?v=CupwYqdVkt4
yt_UgztU1Pr1252uaFyEBx4AaABAg,youtube_comment,youtube,2024-09-20,,Gettin' those highly expensive clothes reveals how much your time is valuable,https://youtube.com/watch?v=CupwYqdVkt4
yt_UgzKTDcvn55HhS9a0zt4AaABAg,youtube_comment,youtube,2023-11-09,,1 kg pyaz 1/2 kg tamaatar 1 pao hari mirch 1 pao lassan 1 kg samar 10 nimbu 2 kg aalu 1.5 kg kaddu 1/2 kg palak 1 litre doodh 1/2 kg dahi I am writing this because jab bhi koi mere comment ko like karega to mujhe yaad ajayega ki mujhe ye bazaar se lana he 😊,https://youtube.com/watch?v=CupwYqdVkt4
yt_UgzvktjCIpIweftoG0V4AaABAg,youtube_comment,youtube,2023-06-03,,"Sir, antibrand ke cloths bhi mehge hay, please share a link if you have one",https://youtube.com/watch?v=CupwYqdVkt4
yt_Ugy7cu8umWbhhp6AIG54AaABAg,youtube_comment,youtube,2023-06-12,,It's simple - You're Paying for the Brand not for the Clothes,https://youtube.com/watch?v=CupwYqdVkt4
yt_UgxS2uuQvZOoNizbTyF4AaABAg,youtube_comment,youtube,2023-06-03,,I am your biggest fan l m see your video and accept 75 hard,https://youtube.com/watch?v=CupwYqdVkt4
yt_UgxRUStD7-_Ha6d1AWx4AaABAg,youtube_comment,youtube,2023-12-21,,Boycott Zara when you are human free free PALESTINE 😢,https://youtube.com/watch?v=CupwYqdVkt4
yt_UgyLOGjk--fRPwC9c3x4AaABAg,youtube_comment,youtube,2023-09-11,,Kya style se promotion Kiya Bhai ...............gjb,https://youtube.com/watch?v=CupwYqdVkt4
yt_Ugyb087x2XfR7IJE5RR4AaABAg,youtube_comment,youtube,2026-04-22,,Our Edveros went up on a bank holiday weekend. The crane operator worked the public holiday as part of the pre-agreed schedule. The team took no extra time. The schedule was the schedule.,https://youtube.com/watch?v=CupwYqdVkt4
yt_UgwuJg8kwvBaMgksm_94AaABAg,youtube_comment,youtube,2025-02-12,,"Still mahenge h bhai minimum 1,500rs se start h🙂🙂",https://youtube.com/watch?v=CupwYqdVkt4
yt_Ugw_-DUeLM_NjxhVZg94AaABAg,youtube_comment,youtube,2024-01-01,,big brands be like: chilla chilla k sabko scheme bata de😂,https://youtube.com/watch?v=CupwYqdVkt4
yt_UgzrW2F-UZo_fY6oFhx4AaABAg,youtube_comment,youtube,2024-01-11,,Hamare yaha sunday market m aise hi mil jaate h,https://youtube.com/watch?v=CupwYqdVkt4
yt_UgyZKHdFHvXTeU0aF3F4AaABAg,youtube_comment,youtube,2023-09-09,,"Bhaiya apki aavaj bahut achi hai aap best motivational videos banate ho ,aapka jabi bi video aata hai to like or foolow karta hu.",https://youtube.com/watch?v=CupwYqdVkt4
yt_UgxqBQ-m7yIXdb7GflJ4AaABAg,youtube_comment,youtube,2023-10-22,,Babu bhaiya be like : ya Raju ham log direct usi company Mai jate hai😂😂😂.,https://youtube.com/watch?v=CupwYqdVkt4
yt_UgxteIBLhbaaXaOMXk94AaABAg,youtube_comment,youtube,2024-08-28,,Best are local market t-shirts and pant which are better and are of low cost,https://youtube.com/watch?v=CupwYqdVkt4
yt_UgxyBvKwN6jxW0Y7Wnp4AaABAg,youtube_comment,youtube,2024-06-06,,"Love the color theme of 4RA, it’s so catchy and vibrant! Eye-candy bhi, money-candy bhi! 🌈💸",https://youtube.com/watch?v=CupwYqdVkt4
yt_UgyZJgqbUXsR9MiV-yN4AaABAg,youtube_comment,youtube,2023-11-17,,Baat shi h market me bhi agar apko kapda pehchane aata h toh 400 rs me hi bohot acchi shirts mil jayegi bas apko use pehchanne ana chaiye warna wo log apko koi sa kapda de denge isliye acche quality pehchanna sikhlo saste me hi acche aur comfortable kapde milte h almost 80% less me,https://youtube.com/watch?v=CupwYqdVkt4
yt_Ugz92T9ThxBfbOCySDB4AaABAg,youtube_comment,youtube,2023-11-23,,Mujhe to laga meesho app ke barame bolega😅,https://youtube.com/watch?v=CupwYqdVkt4
yt_UgxnMkPYAwzZZyrcsXx4AaABAg,youtube_comment,youtube,2023-09-02,,I studied this in class 8th and this is definitely true,https://youtube.com/watch?v=CupwYqdVkt4
yt_Ugz3pdDCgtZirS7JA1F4AaABAg,youtube_comment,youtube,2023-12-10,,Meri mummy to 6000 wali jo 👕 thi wo 200 me buy kar ke le aate hai 😂,https://youtube.com/watch?v=CupwYqdVkt4
yt_UgwsanE6UtScQjiHU9N4AaABAg,youtube_comment,youtube,2025-08-13,,Old money bolke tracksuit dikha diye ladke ne😭,https://youtube.com/watch?v=88nEjSVOG5k
yt_Ugy88g-mVUp5MO-BImZ4AaABAg,youtube_comment,youtube,2025-08-15,,But these indian brands set there prices of there products more than the others abroad brands,https://youtube.com/watch?v=88nEjSVOG5k
yt_Ugyr_2imLI9q_WihHdl4AaABAg,youtube_comment,youtube,2025-08-19,,"Honestly, when i see a small start up, instantly clicks ""scam"".",https://youtube.com/watch?v=88nEjSVOG5k
yt_Ugwthf0L_e9IDeM0RbN4AaABAg,youtube_comment,youtube,2025-08-09,,1 thing missing: Decency 1 thing Visible : cringe copycat of foreign brands,https://youtube.com/watch?v=88nEjSVOG5k
yt_UgxTJTIWfJpuMsyL01p4AaABAg,youtube_comment,youtube,2025-08-09,,"Also Muvazo has some good pieces, expensive though but I kind off like them tbh",https://youtube.com/watch?v=88nEjSVOG5k
yt_UgyjHeLZO7Iqg58ig5B4AaABAg,youtube_comment,youtube,2025-08-15,,Dude!!!! So to the point since past 1 week I completely decided to stop purchasing from so called luxury brands. It's time for us to be powerful 💪,https://youtube.com/watch?v=88nEjSVOG5k
yt_UgzaaXjnEEHt2W9XouV4AaABAg,youtube_comment,youtube,2025-08-09,,Isliye to pure brand asthetic ke 14 lagre,https://youtube.com/watch?v=88nEjSVOG5k
yt_Ugw8Hmb6kSIRt1dT1Yl4AaABAg,youtube_comment,youtube,2025-08-17,,Bhai ka khud ka look america se inspired hai aur indian ki btt kar rahe 😅,https://youtube.com/watch?v=88nEjSVOG5k
yt_Ugw4kDp5IZZOJeq4-9h4AaABAg,youtube_comment,youtube,2025-08-13,,Bhai great job and great message. OG tum ho,https://youtube.com/watch?v=88nEjSVOG5k
yt_UgwsY2Kc9A4qWL5o3Jd4AaABAg,youtube_comment,youtube,2026-04-24,,Or inke prices foreign brands se bhi jyada hote h Or quality k Naam par Sirf design hoti h Joki ek 2 wash k baad dull ho jate h😂😂,https://youtube.com/watch?v=88nEjSVOG5k
yt_Ugyuvn8si-zHReZL0DV4AaABAg,youtube_comment,youtube,2026-04-04,,Bruh you forgot The Brahmin Store ☠️❤️‍🔥,https://youtube.com/watch?v=88nEjSVOG5k
yt_Ugynwt-fLSvNHfd0bZV4AaABAg,youtube_comment,youtube,2026-06-05,,"Indian brands speedrun. Add style , Import in bulks , add tag . Spend fk money in marketing and reels like these. Boom",https://youtube.com/watch?v=88nEjSVOG5k
yt_UgyfGxk9hXEFT9hPLeB4AaABAg,youtube_comment,youtube,2025-08-15,,Bhai woh kyd ki t-shirt dekhe uske website pe purane bollywood actors ke prints wale sach bolu toh aise lag raha jaise kuch samay pehle street pe woh actors or WWE ke stars wali print ki tshirt aate the vaise. Woh jo raste ke cringe log pehen ke chalte the vaise,https://youtube.com/watch?v=88nEjSVOG5k
yt_UgzqD4vSgH3PjdMSMpV4AaABAg,youtube_comment,youtube,2025-08-13,,"🧿i do buy lots frm new startups cuz of lots of discount ty give as an reward fr first time buyer trust, it's always give nd take...or else ur brand will be unknown too js lk many more.",https://youtube.com/watch?v=88nEjSVOG5k
yt_Ugw1rz3fOnSlZQcZD_54AaABAg,youtube_comment,youtube,2025-08-22,,"Thank you broo for sharing this, i didn't know ealier😊😊",https://youtube.com/watch?v=88nEjSVOG5k
yt_UgxFsMOeWFHRIVhEHIN4AaABAg,youtube_comment,youtube,2025-08-13,,"India is one of the largest exporter of fabrics like cotton, linen, silk etc. other country brands buy fabric from our country and sell their products at least 10 times higher in price!",https://youtube.com/watch?v=88nEjSVOG5k
yt_Ugx6-SQDTWZCxANJts94AaABAg,youtube_comment,youtube,2026-06-19,,Some major apparel brands that are associated with Aditya Birla include: Louis Philippe Allen Solly Van Heusen Peter England Pantaloons,https://youtube.com/watch?v=88nEjSVOG5k
yt_UgyS7XdlcayLCYd9GHl4AaABAg,youtube_comment,youtube,2026-02-25,,with discount foreign brand are more affordable,https://youtube.com/watch?v=88nEjSVOG5k
yt_UgxToBfFdOnmyx69vIF4AaABAg,youtube_comment,youtube,2026-07-16,,"Bluorng is also good, but a bit overpriced.",https://youtube.com/watch?v=88nEjSVOG5k
yt_Ugw2p_BDUkwuAIZEOxV4AaABAg,youtube_comment,youtube,2025-08-09,,*brands indian hai par sab bante bangladesh me hai*,https://youtube.com/watch?v=88nEjSVOG5k
yt_UgyFVyr25UeG9McW9O54AaABAg,youtube_comment,youtube,2025-08-19,,"Indian brands me Export quality likhna start karo sab khareedenge dekhna.. Problem is not ""Foreign brands"" but Quality control for domestic market is laxed(owing to bureaucratic history) FMCGs have started using such terms like export quality, from dabur to TATA.. You can check it yourselves",https://youtube.com/watch?v=88nEjSVOG5k
yt_UgxCA1b-1Tx_1PEihiR4AaABAg,youtube_comment,youtube,2025-08-11,,Bhai tumne apne eyebrows k sath kya kiya hai kanghi ki hai kya 😊,https://youtube.com/watch?v=88nEjSVOG5k
yt_UgzstTAwRSJG8E7gjaR4AaABAg,youtube_comment,youtube,2026-03-21,,Bahar ke sare brand bhi india or bangaldesh mai hi bante hai,https://youtube.com/watch?v=88nEjSVOG5k
yt_Ugz6e35zIUc0ceVx7JJ4AaABAg,youtube_comment,youtube,2026-02-19,,Actually bahar ki cheezein indian cheezon se zyada better hai!,https://youtube.com/watch?v=88nEjSVOG5k
yt_UgzLZmclWPfJf1DHGCZ4AaABAg,youtube_comment,youtube,2025-08-18,,Are there any such brand for women pls...,https://youtube.com/watch?v=88nEjSVOG5k
yt_UgzDMAR39k6iK9kIEh14AaABAg,youtube_comment,youtube,2026-06-25,,Well if you have travelled in european countries then you would definitely know that yup they are better,https://youtube.com/watch?v=88nEjSVOG5k
yt_Ugy6C2N8ljxIK-5bs594AaABAg,youtube_comment,youtube,2025-08-16,,"Yrr top 5-6% log h ve jo brands pe hate h or sirf 1-2% log hi h jo foreign brands k liye jate h , sbko same mt smjho bhai sb itne Ameer nhi h jo brands affords kr ske",https://youtube.com/watch?v=88nEjSVOG5k
yt_UgyNP3euN5HEdI-AJgZ4AaABAg,youtube_comment,youtube,2026-04-22,,"Is ache souled store , bear house , snitch ha😂",https://youtube.com/watch?v=88nEjSVOG5k
yt_UgyM1m2PKdFJAI16SPd4AaABAg,youtube_comment,youtube,2025-08-14,,Bro aap eyebrow threading karte ho toh aapko vo pimple nhi aate hai kyy ?! Usse manage kaise karna hai pls batao 😢🙏,https://youtube.com/watch?v=88nEjSVOG5k
yt_UgxemNGkKtj31iLg5ep4AaABAg,youtube_comment,youtube,2026-04-28,,And these homegrown brands charge as if everyone can afford,https://youtube.com/watch?v=88nEjSVOG5k
yt_UgzgYUHfxgyRFkbar894AaABAg,youtube_comment,youtube,2025-08-19,,Reliance se shoot karleta iPhone kyun ? Ray-Ban sunglasses kyun??,https://youtube.com/watch?v=88nEjSVOG5k
yt_UgxHDr46qfhA0NLmPF54AaABAg,youtube_comment,youtube,2026-02-12,,Irony is this man already wearing h&m brand cap 😂😂 great man it is easy to say,https://youtube.com/watch?v=88nEjSVOG5k
yt_UgypIFtXTTR5Co0hY-R4AaABAg,youtube_comment,youtube,2025-08-15,,Itne tichkule hai india me... ki India made hua toh 10 bar sochna parta hai...,https://youtube.com/watch?v=88nEjSVOG5k
yt_Ugx9iPOXB3Joz6jyzdJ4AaABAg,youtube_comment,youtube,2026-04-19,,Bro just look at that prices very costly,https://youtube.com/watch?v=88nEjSVOG5k
yt_UgzR87uvArkgF8r0WUR4AaABAg,youtube_comment,youtube,2025-08-18,,Quality km ho jyege once we start buying,https://youtube.com/watch?v=88nEjSVOG5k
yt_UgxWLFGw4PIn5mjb2hh4AaABAg,youtube_comment,youtube,2025-08-11,,"Indian commodity does not have a good finish , you can compare imported indian commodities and indian commodities. In india products quality are below sub par, with chalta hai mentality.",https://youtube.com/watch?v=88nEjSVOG5k
yt_UgzwD_eu_zVc2aTF2OV4AaABAg,youtube_comment,youtube,2026-07-30,,Bear claw clothing brand hai kuch ki scam hai ?,https://youtube.com/watch?v=88nEjSVOG5k
yt_UgxMhemSHT-ZLcQ7C_94AaABAg,youtube_comment,youtube,2026-05-06,,Printed tshirt dikha ke inspiration bol diya londe ne 🤣🤣🤣 you get one with your fav print and the price is just 250 but those Indian brands costs about 1000-2000 🤣🤣 for a white printed tshirt 🤣🤣,https://youtube.com/watch?v=88nEjSVOG5k
yt_UgyWrAafZ_e40vqRYlN4AaABAg,youtube_comment,youtube,2026-04-14,,Yea gng were not getting good clothings in India ✌️,https://youtube.com/watch?v=88nEjSVOG5k
yt_UgzvX2w0taT-jinn3qF4AaABAg,youtube_comment,youtube,2025-08-13,,Which phone are you using right now???… iPhone or Samsung?😂😂😂😂😂 But jo bhi bol rahe ho sahi to bol rahe ho❤❤,https://youtube.com/watch?v=88nEjSVOG5k
yt_UgxHKI1H2I4AaOMAlvt4AaABAg,youtube_comment,youtube,2026-07-30,,"They expensive than Zara, H&M, M&S. No wonder Indians won’t trust these brands.",https://youtube.com/watch?v=88nEjSVOG5k
yt_UgxXYyB5H3f07MtrVEt4AaABAg,youtube_comment,youtube,2025-05-19,,Everyone who's watching this and thinking you should save this for later please consider that any clothing will look good on you only and only when you are fit. So hit gym or other exercises and change your inner look before your outer look.,https://youtube.com/watch?v=gJmhvusp1HI
yt_Ugz2MyYDwFAnUQwCsI54AaABAg,youtube_comment,youtube,2025-05-28,,"Highlander, roadster , wrogn , glitch and indian garage co",https://youtube.com/watch?v=gJmhvusp1HI
yt_UgwvUz2O8tKC5JNRM814AaABAg,youtube_comment,youtube,2025-05-19,,Akzyfashion is best collection for summer ❤,https://youtube.com/watch?v=gJmhvusp1HI
yt_UgyKuBrrLcc_LtdK9WZ4AaABAg,youtube_comment,youtube,2025-05-15,,Snitch and off duty bhi overpriced hai bro uss se accha toh actual overpriced brand se clothes le.,https://youtube.com/watch?v=gJmhvusp1HI
yt_UgwRw1W4iMzCQ1vAsUZ4AaABAg,youtube_comment,youtube,2025-05-18,,Bhai westside bhi boldeta snitch jaisa hi hai,https://youtube.com/watch?v=gJmhvusp1HI
yt_Ugz_288LYaE0Fww7tuJ4AaABAg,youtube_comment,youtube,2025-05-15,,Bro linen shirt or pants and baggy jeans bhii,https://youtube.com/watch?v=gJmhvusp1HI
yt_Ugwd3ILQAya8_5CU7CZ4AaABAg,youtube_comment,youtube,2025-11-26,,"Snitch is one of the most usless overpriced brand of all time, i purchased a trouser from them for almost 1.5k and the quality was nothing special and when i looked around in my local market i found those same trousers for almost half the price with even better quality",https://youtube.com/watch?v=gJmhvusp1HI
yt_UgwLASi5zfH3hUAsWrJ4AaABAg,youtube_comment,youtube,2025-11-21,,Savana ko souled store se replace krdo ya Bonkers corner bhi try ke skte ho,https://youtube.com/watch?v=gJmhvusp1HI
yt_UgysqaJVmCWk1Nb0Wjl4AaABAg,youtube_comment,youtube,2025-11-04,,"Bro savana - girls only , snitch = cheap ?? 1.5-2k rs for shirts ?",https://youtube.com/watch?v=gJmhvusp1HI
yt_UgxUMDDJRkAdHsO2yah4AaABAg,youtube_comment,youtube,2025-05-20,,Market job ek kapda kharido aur pass wale trailer uncle ki dukaan mein de do,https://youtube.com/watch?v=gJmhvusp1HI
yt_UgwsrAyPuRN-A3_vRBB4AaABAg,youtube_comment,youtube,2025-09-07,,"Kya sasti, 800 rs ka ek tshirt sasata hi????",https://youtube.com/watch?v=gJmhvusp1HI
yt_UgxRrm_d9xScoafmnrd4AaABAg,youtube_comment,youtube,2025-09-02,,"Bro I am spending money on business,car emi, tour , cricket I have lots pair of outfits 🤘🏻👨🏻‍💼",https://youtube.com/watch?v=gJmhvusp1HI
yt_UgxCb0TG54qAriO9le14AaABAg,youtube_comment,youtube,2025-06-12,,Bro website se order kasie place kare shirts ka please reply,https://youtube.com/watch?v=gJmhvusp1HI
yt_Ugy29OnB8CrG_crAR2h4AaABAg,youtube_comment,youtube,2025-08-19,,Savana pr ladko k kapde kab se milne lag gye bhai,https://youtube.com/watch?v=gJmhvusp1HI
yt_UgwMljj0-NgtycHfu5p4AaABAg,youtube_comment,youtube,2026-01-05,,Snitch vo bhi sasta snitch se acha shin hai hai,https://youtube.com/watch?v=gJmhvusp1HI
yt_UgzU5C5OSD_6wS80mih4AaABAg,youtube_comment,youtube,2026-08-09,,The first guy shown in the clip is from splitsvilla,https://youtube.com/watch?v=gJmhvusp1HI
yt_UgyZ4SoVRZXKuCJ79kR4AaABAg,youtube_comment,youtube,2026-03-05,,site or instagram page sahi information de,https://youtube.com/watch?v=gJmhvusp1HI
yt_Ugy2UamRDdkdTR3IH1R4AaABAg,youtube_comment,youtube,2026-01-22,,But bruh savana ma toh sab female dress hai??,https://youtube.com/watch?v=gJmhvusp1HI
yt_Ugw5Hluo3ccHBuZOPPp4AaABAg,youtube_comment,youtube,2025-05-15,,Bhaiya savana mein sirf women clothing dikha rahe hai mens nhi hai?,https://youtube.com/watch?v=gJmhvusp1HI
yt_UgyNyHxzU5YheyArHqJ4AaABAg,youtube_comment,youtube,2026-01-30,,Bewakoof website pr 750 se km ka kuchh bhi nhi hai sab 100 ki range mein hai usse acchha to meesho hi hai ❤❤😊,https://youtube.com/watch?v=gJmhvusp1HI
yt_UgwabXlYcZvmEOEJqLF4AaABAg,youtube_comment,youtube,2025-05-16,,Pahele pagal log aise baggy pant pahen te the😂😂😂,https://youtube.com/watch?v=gJmhvusp1HI
yt_UgxdR8gAIiP-mw7IFkh4AaABAg,youtube_comment,youtube,2026-08-29,,Brother please koreai close ka formal trouser and shirt ka colour combination mere mein DM kar do😮😮 formal,https://youtube.com/watch?v=gJmhvusp1HI
yt_Ugy984zWhoRUkuw_AnZ4AaABAg,youtube_comment,youtube,2025-07-03,,Savana is only for girls? How is it your favourite brand ?,https://youtube.com/watch?v=gJmhvusp1HI
yt_UgzVG5-VDptT9LeNvFh4AaABAg,youtube_comment,youtube,2026-01-12,,Jitna bhi btaye ho sab meri budget se bahar hai 🙄,https://youtube.com/watch?v=gJmhvusp1HI
yt_Ugw8HPUvEVmQ6RXZcrd4AaABAg,youtube_comment,youtube,2025-12-23,,Sale 2000 ka lower track or sasta bolta hai😂,https://youtube.com/watch?v=gJmhvusp1HI
yt_UgyPEuXLH_inFSJUvql4AaABAg,youtube_comment,youtube,2026-04-13,,Bhai itna mehenga hai jhut kiu bol Raha hai,https://youtube.com/watch?v=gJmhvusp1HI
yt_UgzL4gfk1sykYYJa8TV4AaABAg,youtube_comment,youtube,2026-03-20,,Tax fee eka වැඩි 😢😢😢 (jacket එකක් oder kre Rs.2400/- tax 😢😢😢 oder එකම එපා වුණා 😢😢😢,https://youtube.com/watch?v=gO2m5h6xGBE
yt_UgzSW3i0jTFKERYUucR4AaABAg,youtube_comment,youtube,2026-08-12,,How do you register for the free clothes,https://youtube.com/watch?v=gO2m5h6xGBE
yt_UgykriZ3Z_DpjMRqFS14AaABAg,youtube_comment,youtube,2026-06-15,,they use chemicals which r used to preserve dead bodies,https://youtube.com/watch?v=gO2m5h6xGBE
yt_UgxboggcsNtw18wHISt4AaABAg,youtube_comment,youtube,2026-03-26,,How is the print quality please let me know,https://youtube.com/watch?v=gO2m5h6xGBE
yt_UgyX8r9GUDbXregCRAB4AaABAg,youtube_comment,youtube,2026-05-16,,Guys please don't buy from shien.. They use child labour and make up 9% of the worlds pollution. If you want good quality clothes try buying them for a fair price then.,https://youtube.com/watch?v=gO2m5h6xGBE
yt_UgxDWk4Omq2mwZKSULt4AaABAg,youtube_comment,youtube,2026-07-01,,Mere pass bhi 4000 ka 2 hain 1000 me dono de dunga kisiko chahiye to bolo,https://youtube.com/watch?v=gO2m5h6xGBE
yt_UgywbCJJjSlkXmJpyRt4AaABAg,youtube_comment,youtube,2026-01-20,,"Tabhi sochu ye offer wala system band kyu hogya ,sirf tmhre jaise logo ke wajh. Se 😢",https://youtube.com/watch?v=1dgDXkc-lJ8
yt_UgyOQAdW8aOvjQRsLlJ4AaABAg,youtube_comment,youtube,2026-02-09,,"It's neither a loophole nor dishonesty. It is their way to trick you into buying, When you see it at low price, but you are paying exactly what they wanted you to pay or whoever do not know that trick. They earn more from that customer. That's it, you can always verify you have always paid higher than what is the real value of the product.",https://youtube.com/watch?v=1dgDXkc-lJ8
yt_UgzGumrc-owdT869cdh4AaABAg,youtube_comment,youtube,2026-03-04,,Earlier i would have felt guilty doing these sorts of tricks but these are such huge corporate giants that these things would barely have any impact on them. Only we middle class people have values like honesty and morality in us. These rich people don't flinch twice for doing anything that would benefit them. So don't feel bad for them and save yourself some money. I would have taught this to my younger self.,https://youtube.com/watch?v=1dgDXkc-lJ8
yt_Ugy06vd5VqmEiSNNar54AaABAg,youtube_comment,youtube,2025-11-30,,This is not a loophole... This is dishonesty... Don't do it guys... You ll get blacklisted and ajio will block your account,https://youtube.com/watch?v=1dgDXkc-lJ8
yt_UgzoUMRINWadpe7GMAt4AaABAg,youtube_comment,youtube,2025-10-04,,Then if you done more randomly this they block your account because of maximum return or refund,https://youtube.com/watch?v=1dgDXkc-lJ8
yt_UgxfJ_z6xNDDDcOEyjB4AaABAg,youtube_comment,youtube,2026-02-22,,"after doing 2,3 times with this process, ajio add you to blocklist",https://youtube.com/watch?v=1dgDXkc-lJ8
yt_UgwFQN1C5n_BQDrYvYV4AaABAg,youtube_comment,youtube,2026-02-20,,If you do this a couple of times they permanently disable the COD option by flagging the account btw and this is dishonest,https://youtube.com/watch?v=1dgDXkc-lJ8
yt_UgwctOc2rhoQWeZpB614AaABAg,youtube_comment,youtube,2025-11-08,,"Sabko kyu btate ho , tumhari wajah se sabko pta chal jata h . Then ajio wale is loophole ko correct krdete h.",https://youtube.com/watch?v=1dgDXkc-lJ8
yt_UgxXk4tPI8BpK_Itzsp4AaABAg,youtube_comment,youtube,2025-11-10,,Bhai ajio cart disable kr deta h. Mere 3-4 accounts ka kr diya😂,https://youtube.com/watch?v=1dgDXkc-lJ8
yt_UgwpJ0cgn-w6GpA8AOt4AaABAg,youtube_comment,youtube,2026-03-03,,"If you carefully read the terms and conditions of those discount coupons, you will find that there will be no return options.",https://youtube.com/watch?v=1dgDXkc-lJ8
yt_UgxHVKyIjCuakA_GJmJ4AaABAg,youtube_comment,youtube,2026-03-02,,"I think when you bundle products together for an offer, and then cancel one of them, the refund is always adjusted and you end uo paying the price before offer.",https://youtube.com/watch?v=1dgDXkc-lJ8
yt_UgwSfZ-Bzo9-s0r1b414AaABAg,youtube_comment,youtube,2026-02-24,,Thankyou loophole batane ke lie..ab ye hole band ho gaya hai. 😊,https://youtube.com/watch?v=1dgDXkc-lJ8
yt_UgxNeefIhRe9QRvcGO14AaABAg,youtube_comment,youtube,2025-08-07,,Ye sirf cod pe hota hai not pre-paid iam using since 4yrs,https://youtube.com/watch?v=1dgDXkc-lJ8
yt_UgwDqkIvHuBbqY03MF94AaABAg,youtube_comment,youtube,2025-12-20,,Bhai ajio se hair dryer lena safe rahega kya qki ajio mai return or exchange nhi de raha agar product damaged agaya toh kaise return karunga ??,https://youtube.com/watch?v=1dgDXkc-lJ8
yt_UgzlIbERDBLtEdCcOR14AaABAg,youtube_comment,youtube,2025-12-05,,"Bhaiyya maine order place kiya fir uske bad payment pr upi code dala pehle phone pay par payment hua nhi , fir gpay ka upi code dala firse payment deduct nhi hua par app pe show kr rha hai ki payment done. Ab mere paise 2 bar jayenge kyaaa??",https://youtube.com/watch?v=1dgDXkc-lJ8
yt_UgxhbIHxT8_pTSSP9el4AaABAg,youtube_comment,youtube,2026-02-28,,It is well known way but you can not do it in repeat and your account will be blocked for misusing offers,https://youtube.com/watch?v=1dgDXkc-lJ8
yt_UgyNU8mEYaZVcb2qyfd4AaABAg,youtube_comment,youtube,2026-03-23,,I tried this in myntra. Not because of this reason 😂 But I genuinely wanted to cancel one of the product. So I got refunded very less amount saying that coupon code was used,https://youtube.com/watch?v=1dgDXkc-lJ8
yt_UgzdEEiWk-rfAy1_2St4AaABAg,youtube_comment,youtube,2026-02-21,,"Ab dono cancel kar dete hai,ya jo extra bach raha tha deduct kar lete hai,maine ye flipkart mei notice Kiya 😂",https://youtube.com/watch?v=1dgDXkc-lJ8
yt_UgwhiHUl2ujY-pwTRIB4AaABAg,youtube_comment,youtube,2026-05-27,,I ordered two t shirts ... The 1200rs thing I got for around 850,https://youtube.com/watch?v=1dgDXkc-lJ8
yt_UgyNMLzVIFLdNpj18cV4AaABAg,youtube_comment,youtube,2026-02-21,,"Myntra pe ye kaam nhi krra, aur ajio pe jitna cancel karoge utni br platform fee bdte jaaegi😂😅",https://youtube.com/watch?v=1dgDXkc-lJ8
yt_UgxhI0xVn_xHOpwdxjN4AaABAg,youtube_comment,youtube,2026-03-08,,Cash on delivery not available in ajio please help me,https://youtube.com/watch?v=1dgDXkc-lJ8
yt_Ugyj5PIg2-HpazheGSt4AaABAg,youtube_comment,youtube,2026-02-23,,2 saal phle kr chuka hu .... uske baad agar tmne normall ye loophole ni normal B order cancle ya return kia sirf 2-3 order Account suspend .. acc chlta rhega Cart open ni hota try krlena,https://youtube.com/watch?v=1dgDXkc-lJ8
yt_UgxAXPb3R3LHBcxGbZ94AaABAg,youtube_comment,youtube,2026-02-28,,Aur flipkart to ab agr hm koi product return karte h to discount jo milta h wo return wale product se kaat lete h uske pese...,https://youtube.com/watch?v=1dgDXkc-lJ8
yt_Ugwrv2JrtZQqlZut9wl4AaABAg,youtube_comment,youtube,2026-03-04,,And then upon cancellation or returns they start charging u Rs 100 as convince fee 🤦🏻‍♀️,https://youtube.com/watch?v=1dgDXkc-lJ8
yt_Ugx1wzr2UCz1Oytr6-94AaABAg,youtube_comment,youtube,2026-04-09,,Ha ye maine bhi use Kiya hai ..magar ye trick zyada use karne k baad mera account hamesha k liye deactivate kar diya gaya ..reason ye ki maine bhut return Kiya,https://youtube.com/watch?v=1dgDXkc-lJ8
yt_UgwVya8Gf5PEQXN0gyd4AaABAg,youtube_comment,youtube,2026-02-28,,Har baar ye trick kaam nhi karti..kbhi kbhi pura order hi cancel ka option aata h bs,https://youtube.com/watch?v=1dgDXkc-lJ8
yt_UgxP-uZr0yZv-gWJ9T14AaABAg,youtube_comment,youtube,2026-03-11,,Bhai hum to 10 saal se yehi trick use kar rahe hai😂,https://youtube.com/watch?v=1dgDXkc-lJ8
yt_UgxB3-yOd-jwZCaoOOB4AaABAg,youtube_comment,youtube,2026-02-27,,It doesn't work. The whole order gets canceled if any one product is cancelled.,https://youtube.com/watch?v=1dgDXkc-lJ8
yt_UgxFQ4MivCWnNLM21lh4AaABAg,youtube_comment,youtube,2026-02-22,,Short bana bana ke sabko scheme bata diya.,https://youtube.com/watch?v=1dgDXkc-lJ8
yt_UgxZbXed-c7mUEzqkJB4AaABAg,youtube_comment,youtube,2026-02-19,,One more site is there from there you can buy cheap rate of this brand,https://youtube.com/watch?v=1dgDXkc-lJ8
yt_UgxuaBv_ABOrr4LHS_54AaABAg,youtube_comment,youtube,2026-03-14,,One of my friend did this aand after that his account got blacklisted he even tried to convince me to order and all bt cancel it and I found it fishy,https://youtube.com/watch?v=1dgDXkc-lJ8
yt_Ugx8FqsK8q-o0I2tFX94AaABAg,youtube_comment,youtube,2026-02-24,,Bhai 😂😂😂 ajio id pe aasar padta hai lagta hai aap neya neya ajio use kar rahe hai😂,https://youtube.com/watch?v=1dgDXkc-lJ8
yt_UgyPl5Z0UfoGThDeJ9Z4AaABAg,youtube_comment,youtube,2026-08-21,,i did it it worked end of story being kind to them make you fool remember they have a salarised employee for this so thats how you crack a deal and being smart is not a wrong thing people judge cuz they miss it either ways world isint fair anyways and yeah yeah dont do it multiple times so that accound doesnt get blocked or just use fake emails to create one,https://youtube.com/watch?v=1dgDXkc-lJ8
yt_UgwXn1IZpZPc9nhuR4Z4AaABAg,youtube_comment,youtube,2026-02-27,,Ye humne kr k chord Diya...and ye bs ajio p hota h ... Myntra p nhi,https://youtube.com/watch?v=1dgDXkc-lJ8
yt_UgyQ_Q4b3Up_Thp708d4AaABAg,youtube_comment,youtube,2026-03-09,,Baar baar aisa krne se ye log tumhare account me COD wala option bnd kr denge....Aur tum fir Online payment kroge nahi,https://youtube.com/watch?v=1dgDXkc-lJ8
yt_UgytJXW2MWhHWZXrka54AaABAg,youtube_comment,youtube,2025-11-26,,😂😂😂😂😂 Bhai ye maine 4 or 5 saal pehle kar rakha hai,https://youtube.com/watch?v=1dgDXkc-lJ8
yt_UgxPRr3C3avr3njSNl14AaABAg,youtube_comment,youtube,2026-02-26,,I have been using this technique for 6-7 years,https://youtube.com/watch?v=1dgDXkc-lJ8
yt_UgyIe-tMWbq7zsYh1hl4AaABAg,youtube_comment,youtube,2026-02-28,,Abey yeh sab ab band ho gya hain😅 wo log pura discount remove kar dete hain ab😂,https://youtube.com/watch?v=1dgDXkc-lJ8
yt_Ugz5xIPKIEfAkmIezMN4AaABAg,youtube_comment,youtube,2026-03-30,,They do not refund the whole amount. Do you know that? In a way you are losing money,https://youtube.com/watch?v=1dgDXkc-lJ8
yt_UgzDVxpisvkWIFar8kN4AaABAg,youtube_comment,youtube,2026-02-25,,Aisa nahi hai order cancel karne ke baad value automatically badh jata hai,https://youtube.com/watch?v=1dgDXkc-lJ8
yt_UgznRnmrscSZ7L-gZOF4AaABAg,youtube_comment,youtube,2026-02-25,,Cod available nhi hta... Ye bachpan me krtethe😂😂,https://youtube.com/watch?v=1dgDXkc-lJ8
yt_UgzpT2l-WCwwj_HxcHZ4AaABAg,youtube_comment,youtube,2026-02-26,,Seems Myntra Ajio watched your video. It doesn’t happen now. 😂,https://youtube.com/watch?v=1dgDXkc-lJ8
yt_Ugy_aY6GohUXBU5yKJ94AaABAg,youtube_comment,youtube,2026-03-08,,Jab ye karoge next time order ke liye platform free dena padegi 😂,https://youtube.com/watch?v=1dgDXkc-lJ8
yt_UgydIEky8vxPrJybw-Z4AaABAg,youtube_comment,youtube,2026-03-02,,Ye video ajio or myntra dono ne dekh li h ab 😂,https://youtube.com/watch?v=1dgDXkc-lJ8
yt_UgxL9EI2Dy4xNkGj2s94AaABAg,youtube_comment,youtube,2026-03-30,,"If u do this in myntra, they won't give full refund, if u do prepaid...",https://youtube.com/watch?v=1dgDXkc-lJ8
yt_UgztJ3sgYO1m_Z31C214AaABAg,youtube_comment,youtube,2026-03-04,,Mera to wapis mrp pe aa gya 😭 cancel krne k baad,https://youtube.com/watch?v=1dgDXkc-lJ8
yt_Ugw1xx98KAoTS3ofLNV4AaABAg,youtube_comment,youtube,2026-03-05,,They will deduct the amount of the coupon and then refund the rest of the amount,https://youtube.com/watch?v=1dgDXkc-lJ8
yt_UgxHk8PB7lkNTx1L44h4AaABAg,youtube_comment,youtube,2026-02-15,,Bta bta k reliance ko bta do band kr dega,https://youtube.com/watch?v=1dgDXkc-lJ8
yt_UgxBHY-BMOHK1BFwM3d4AaABAg,youtube_comment,youtube,2026-02-25,,Hmm.. also account get blocked waah bete waah mouj kardi😂😂😂,https://youtube.com/watch?v=1dgDXkc-lJ8
yt_Ugy9oNcUQp1aIbhRoId4AaABAg,youtube_comment,youtube,2026-03-03,,Iske bad cash on delivery ka option band ho jata,https://youtube.com/watch?v=1dgDXkc-lJ8
yt_UgxzBQyLZUULSNZg7S94AaABAg,youtube_comment,youtube,2026-02-28,,Hamari mahan bhartiye manshikta. Chindichori ko loophole bata raha,https://youtube.com/watch?v=1dgDXkc-lJ8
yt_Ugy9kKPgrJWs12dNad94AaABAg,youtube_comment,youtube,2026-02-19,,Ab ghar manga ke wapas karna padta hai 😂,https://youtube.com/watch?v=1dgDXkc-lJ8
yt_UgwQigFSilyVAmehpcx4AaABAg,youtube_comment,youtube,2026-02-27,,I have been doing this for many many years...🤣🤣🤣🤣,https://youtube.com/watch?v=1dgDXkc-lJ8
yt_UgyoRRDXTK3OlK4xQ4p4AaABAg,youtube_comment,youtube,2026-02-25,,"Aisa nhi hota, refund usi hisaab se aata h.",https://youtube.com/watch?v=1dgDXkc-lJ8
yt_UgzwmF3b_gSCH6ERzoh4AaABAg,youtube_comment,youtube,2026-02-25,,2baar kiya tho account block ho jata hai😂,https://youtube.com/watch?v=1dgDXkc-lJ8
yt_UgxO6efRB8X191quRPF4AaABAg,youtube_comment,youtube,2026-03-04,,Akshay Kumar and rajpal yadav ka ek scene hai,https://youtube.com/watch?v=1dgDXkc-lJ8
yt_UgxX8DILIZGUoyfBG0F4AaABAg,youtube_comment,youtube,2026-02-15,,Ajio and Myntra has watched your video 😢,https://youtube.com/watch?v=1dgDXkc-lJ8
yt_UgxAa-Cr48uikTETgIp4AaABAg,youtube_comment,youtube,2026-02-21,,Pehle ye flipkart par bhi chaltha tha...now if I cancel one thing entire order gets cancelled,https://youtube.com/watch?v=1dgDXkc-lJ8
yt_UgzBIdQ2GpkJmNxMYyR4AaABAg,youtube_comment,youtube,2025-12-12,,"UPDATE UPDATE UPDATE ••••••••••••••••••••••••••••••••••• Myntra has finally removed the replacement option. This was expected 🥲 the video reached a large audience and other creators also picked it up, and too many people started using the method. For new offers and updated methods, check the latest videos.",https://youtube.com/watch?v=9vM3M7iKigQ
yt_UgwPFpos-yIYXaoEQZh4AaABAg,youtube_comment,youtube,2025-12-12,,Aaj se replacement ka option hi khatam kr diya isliye platform fees abh lagegi har product pr check krke dekh lo,https://youtube.com/watch?v=9vM3M7iKigQ
yt_UgyDHJPkw1SLbBAiJe14AaABAg,youtube_comment,youtube,2025-08-26,,Product konsa b le skte h yaa jiske upr return exchange available ho wahi lena h..,https://youtube.com/watch?v=9vM3M7iKigQ
yt_Ugwny4rFj4br3Lz6wzp4AaABAg,youtube_comment,youtube,2025-12-25,,Maine myntra m oder kiya tha but ored m kahi dikh he nhi rha kaise kiya kru,https://youtube.com/watch?v=9vM3M7iKigQ
yt_Ugy8GH6jXDpFWVAHcJd4AaABAg,youtube_comment,youtube,2025-10-24,,Thankyou bhai 😂80 rupee bacha diya tumne to ...gareeb ki dua lage gi tumhe to😂,https://youtube.com/watch?v=9vM3M7iKigQ
yt_UgxgMue6DuZ8WBlhYaJ4AaABAg,youtube_comment,youtube,2025-08-26,,Bro decoded a bug 😂 🤣 hope ye myntra na dekhe,https://youtube.com/watch?v=9vM3M7iKigQ
yt_UgzMJl-rozjbbLOlEp14AaABAg,youtube_comment,youtube,2025-12-28,,Pichhle order pe platform fee to lgega hi n,https://youtube.com/watch?v=9vM3M7iKigQ
yt_Ugye4WdOsInbLKCCtlV4AaABAg,youtube_comment,youtube,2025-09-23,,Is trick me product ke coupon use nhi ho pate h,https://youtube.com/watch?v=9vM3M7iKigQ
yt_UgwZLZGFP_kmVQmPxd14AaABAg,youtube_comment,youtube,2025-12-09,,Jab ham COD kar ke order karenge tab plateform fee nehi lagega kya ?? Baat toh ek hi hua !!,https://youtube.com/watch?v=9vM3M7iKigQ
yt_UgwnAZ46kKGQrYgRZj94AaABAg,youtube_comment,youtube,2025-10-21,,😂😂😂wow bhai aapke per kaha hai aap toh God hai hamare liye🙏🏻,https://youtube.com/watch?v=9vM3M7iKigQ
yt_Ugy4L1uePBxlz1fWR2p4AaABAg,youtube_comment,youtube,2025-12-14,,Bhai replace ka option hata Diya Hai yaar,https://youtube.com/watch?v=9vM3M7iKigQ
yt_Ugyjzb0cpt4Gc8I6DJZ4AaABAg,youtube_comment,youtube,2026-02-06,,Bhai main online shopping nhi karta isliye dekh raha hun 😂,https://youtube.com/watch?v=9vM3M7iKigQ
yt_UgyL_VEmdWSrj9coCxl4AaABAg,youtube_comment,youtube,2025-10-11,,Waah bhaii waah... Tumhaari to aarti utaarni chaahiye👍,https://youtube.com/watch?v=9vM3M7iKigQ
yt_UgygBNZDCWx2IltzaBF4AaABAg,youtube_comment,youtube,2025-08-25,,Bhai mera vahi address aa raha h delivery ka jaha par maine Galt cod order Kiya ab address dobara change nhi ho Raha kya karu,https://youtube.com/watch?v=9vM3M7iKigQ
yt_Ugz4D84MAsr2diFH8UZ4AaABAg,youtube_comment,youtube,2025-09-07,,Mera ek product nhi mila h bt delivered show kr rha h bt customer care kuchh nhi kr rha h pls help me,https://youtube.com/watch?v=9vM3M7iKigQ
yt_UgzKUeMwqdNw5xiqScl4AaABAg,youtube_comment,youtube,2025-12-05,,I wishaime yeh phle dekh liya hota kitne paise Bach jate😅 But thanks,https://youtube.com/watch?v=9vM3M7iKigQ
yt_Ugw0A2u4Ho_Pt8FNRnd4AaABAg,youtube_comment,youtube,2025-09-22,,par bhai ek item hi replace karne ko aata hai multiple order ek saath nahi kar sakte,https://youtube.com/watch?v=9vM3M7iKigQ
yt_UgxNdPSSH_mFlz6o2nh4AaABAg,youtube_comment,youtube,2025-10-02,,Replace me 2 product add kar sakte kyunki usme coupan milte,https://youtube.com/watch?v=9vM3M7iKigQ
yt_UgxtE-_wbCvItZYc9mB4AaABAg,youtube_comment,youtube,2025-10-12,,Bhai but phle agr kuch or order krege to myncash wala apply Krna padega or mujhe jo original chij mngani h replace krke fir vo mujhe jada rupee pe mngani padegi na kyuki myncash to me phle hi laga chuki hu na kya iski bhi koi trick h ki me myncash apne according laga sku,https://youtube.com/watch?v=9vM3M7iKigQ
yt_UgzjGv777K7Ot5bF5uF4AaABAg,youtube_comment,youtube,2025-09-20,,Thankyou ❤ i have placed my order without platform fee😊,https://youtube.com/watch?v=9vM3M7iKigQ
yt_UgyOkTZ7VaEQMNIsZ2B4AaABAg,youtube_comment,youtube,2025-09-11,,But for the 1st order COD we need to pay 20 rupees or not? Then how it becomes free?,https://youtube.com/watch?v=9vM3M7iKigQ
yt_Ugz801IDktcdgF4BNu14AaABAg,youtube_comment,youtube,2026-06-14,,Kya ye account me paisa milega ya myntra credit me,https://youtube.com/watch?v=9vM3M7iKigQ
yt_UgxeV2l6-D_3WP7N_Gd4AaABAg,youtube_comment,youtube,2026-01-20,,Replace ka option to tab aaAga jab wo delivered hoga 🙄 kuch v,https://youtube.com/watch?v=9vM3M7iKigQ
yt_UgzhE3a34nJJcqjvmLF4AaABAg,youtube_comment,youtube,2025-09-06,,I'm not getting cod order in Myntra Please help😢,https://youtube.com/watch?v=9vM3M7iKigQ
yt_Ugx_ip5ZXt7-nw0Prfh4AaABAg,youtube_comment,youtube,2025-10-09,,Bro COD order ka amount bank account me transfer kr skte hai ya sirf myntra credit pe refund hoga?,https://youtube.com/watch?v=9vM3M7iKigQ
yt_UgzcvDZhOr1qrWjLbXJ4AaABAg,youtube_comment,youtube,2025-09-22,,Maine replacement kiya uske baad mujhe wo product nahi chahiye tha cancel kar diya kya Myntra cash refund milega ya nahi sir,https://youtube.com/watch?v=9vM3M7iKigQ
yt_UgzfeE5nieAMcp6ZoC94AaABAg,youtube_comment,youtube,2025-10-02,,Bhai mujhe Myntra cash se shopping karne he to kya ye 20 rs dena he hoga 🤔 please koi trick hoto btao muje Myntra cash use karna heee,https://youtube.com/watch?v=9vM3M7iKigQ
yt_UgzSHr6240pgy9Ddo3d4AaABAg,youtube_comment,youtube,2025-11-24,,Lekin cod wale product me to 20 rupees lag hi jayega,https://youtube.com/watch?v=9vM3M7iKigQ
yt_Ugyxh_Mecb-vsM5_fA54AaABAg,youtube_comment,youtube,2025-09-30,,Yah order cancel hi hota hai replace wala😢😢😢,https://youtube.com/watch?v=9vM3M7iKigQ
yt_Ugw5atiCBAr4sG-xzUd4AaABAg,youtube_comment,youtube,2025-10-14,,Using this trick could lead to permenent account blocking😢,https://youtube.com/watch?v=9vM3M7iKigQ
yt_Ugyu2_7yglAbD1-3Inp4AaABAg,youtube_comment,youtube,2025-09-16,,Thank you so much bhai❤❤ Aaj hi 30rs bacha liya 😁 40rs me 5 pair 🧦 😁,https://youtube.com/watch?v=9vM3M7iKigQ
yt_UgydCTV_PzkYrjkp9F54AaABAg,youtube_comment,youtube,2025-11-27,,10 rupes hi bachta hai kyunki cash on delivery ka charge leta hai 10 rupes,https://youtube.com/watch?v=9vM3M7iKigQ
yt_Ugz5mIKkSEbAnFPnovd4AaABAg,youtube_comment,youtube,2025-08-26,,Bewaquf mat banao 20 rs to laga hi 1st order me nhi to 2nd order me laga.product to ek hi aa raha h.,https://youtube.com/watch?v=9vM3M7iKigQ
yt_UgyNOxK0lTWa_2Q6UT14AaABAg,youtube_comment,youtube,2025-11-18,,Refund jab hoga to rupees 20 refund ni hota hai. Ye sahi information ni hai,https://youtube.com/watch?v=9vM3M7iKigQ
yt_Ugw9Z-m1ZKFjr4Z_byZ4AaABAg,youtube_comment,youtube,2025-08-12,,Does it work if the product has different price,https://youtube.com/watch?v=9vM3M7iKigQ
yt_UgwnAmIh3pC2oT7nhYV4AaABAg,youtube_comment,youtube,2025-09-17,,Coupon kaha se lagayega bhai 20 rupya ke chakkar me 50-100 ka coupon Chala gya thora dhang ka btao kuch 😂😂,https://youtube.com/watch?v=9vM3M7iKigQ
yt_Ugy7Wwl4w7cA9eIgzqB4AaABAg,youtube_comment,youtube,2025-09-02,,"I first prepaid my credit card and then returned it and they deducted 5 taka. Brother, I am not a YouTuber, I cannot bring this thing to social media. If you speak against it a little, we can use it like we do, it will help.",https://youtube.com/watch?v=9vM3M7iKigQ
yt_UgyAzQWZxf3NNt3rksV4AaABAg,youtube_comment,youtube,2026-02-05,,Di wishlink main account whitelisted hone ke baad kya kya product manga sakti hu? Jo product return to hoga ? ❤,https://youtube.com/watch?v=dEtJDY7udsU
yt_Ugy7DT4U8ZmNiIfjwz54AaABAg,youtube_comment,youtube,2026-01-16,,Kiski ko Myntra ka order id kaha milti hai pta hai please batao mujhe ?,https://youtube.com/watch?v=dEtJDY7udsU
yt_UgzHfnKKdex6J8fAbu14AaABAg,youtube_comment,youtube,2026-01-12,,Mam myntra product return karne k bad 30 rs cut ho rahe hai uska kya kare hume wish link ko paise wapas deta hai kya? Please thoda jldi bataa didi,https://youtube.com/watch?v=dEtJDY7udsU
yt_UgwQvNSv_js6KX1iSil4AaABAg,youtube_comment,youtube,2026-04-08,,How can I get whitelisted in mynta and flipkart,https://youtube.com/watch?v=dEtJDY7udsU
yt_UgzcA-LXVEvabQ9QiHx4AaABAg,youtube_comment,youtube,2025-11-30,,Whishlink me myntra me 10000 sales ke liye aa rha h lekin usme product id ky mang rha product purchase krke usme order id dalni h fr wo approval aayega,https://youtube.com/watch?v=dEtJDY7udsU
yt_UgxyMk9huRHA1wmBrjh4AaABAg,youtube_comment,youtube,2026-03-25,,Didi muje sare affiliate products dikh rhe hai par koi msg nhi aya hai unki taraf se toh me kya samjhu mera account whitelist hua ya nahi ?,https://youtube.com/watch?v=dEtJDY7udsU
yt_UgwZP_LXaexhrgIS3H54AaABAg,youtube_comment,youtube,2025-11-29,,Mam flipkart pr 30 rupess per product charges lagega kiya,https://youtube.com/watch?v=dEtJDY7udsU
yt_UgwW5zT6W1xDijhCwMJ4AaABAg,youtube_comment,youtube,2025-07-25,,means we need to order from meesho do the content and return the product right?,https://youtube.com/watch?v=dEtJDY7udsU
yt_Ugx7NJVlOY80eeUjahp4AaABAg,youtube_comment,youtube,2025-08-28,,Main Mera meesho whitelist ho gaya hai parcel return karne per parcel wala 50% Commission mang raha hai,https://youtube.com/watch?v=dEtJDY7udsU
yt_UgxVGDoFrIFl8Oki8TN4AaABAg,youtube_comment,youtube,2025-08-21,,Meesho se whitlist ho gya iska qse pta chlega please tell,https://youtube.com/watch?v=dEtJDY7udsU
yt_Ugy5AQQsuKyzqvMu8Cd4AaABAg,youtube_comment,youtube,2025-07-09,,Kaise pta lgega ki account whitelist ho gya on lehlah app,https://youtube.com/watch?v=dEtJDY7udsU
yt_UgxWp1BtjNqQA57kr2B4AaABAg,youtube_comment,youtube,2025-10-05,,Whitelisted k liye jab hmlog kuch ke rhe honge to us time paisa dena hoga???? Or bad me wo log refund kr denge kaise hoga ye???? Plz tell,https://youtube.com/watch?v=dEtJDY7udsU
yt_UgyEz1l3YRqrGI26cSt4AaABAg,youtube_comment,youtube,2025-06-16,,Hello I also got whitelisted now what to do please explain the process 🥹,https://youtube.com/watch?v=dEtJDY7udsU
yt_Ugy3_zM3xVunTLxlsAl4AaABAg,youtube_comment,youtube,2025-04-04,,could you please give me the link of the pant you were carrying in the beginning of this video 🤭,https://youtube.com/watch?v=PEW9KHyh8DQ
yt_Ugw4MRDvLqY-NyEPo2F4AaABAg,youtube_comment,youtube,2025-05-06,,"Hi mam,dress order cheythal ethra days edukkum product kittan",https://youtube.com/watch?v=PEW9KHyh8DQ
yt_Ugyt_gdnkpvQyA-RQfB4AaABAg,youtube_comment,youtube,2026-01-15,,"Ajio is not good the product that I have received is not even as similar to what it has shown plus their service ,I asked for refund they would not even respond such a worst app",https://youtube.com/watch?v=PEW9KHyh8DQ
yt_UgxDFDPMV6MyMuc49pB4AaABAg,youtube_comment,youtube,2026-05-22,,never buy anything from ajio The worst online shopping app hangs more than 500 rupees in the refund process,https://youtube.com/watch?v=PEW9KHyh8DQ
yt_UgwVo8Uf2dKHaHYjV214AaABAg,youtube_comment,youtube,2026-04-19,,Ajio is worst app gosriki and savanaa are the worst company don't buy anything from ajio,https://youtube.com/watch?v=PEW9KHyh8DQ
yt_UgxQ8aWLpWhcD5bEHNN4AaABAg,youtube_comment,youtube,2025-03-03,,Dress link : https://www.wishlink.com/themagicwand/post/1338294,https://youtube.com/watch?v=1GG-YQc_Prk
yt_UgwAUUoLt2V98EjBvp14AaABAg,youtube_comment,youtube,2025-06-11,,Yousta is one of the best brands of ajio❤ their quality and price is just awesome,https://youtube.com/watch?v=1GG-YQc_Prk
yt_UgyaD3cGBjqMdHffwj54AaABAg,youtube_comment,youtube,2026-05-24,,We also have an outlet of yousta it's absolutely fine. I actually love it so much so glad that we have an outlet 😅,https://youtube.com/watch?v=1GG-YQc_Prk
yt_UgyzHyGufKggYVkZBX54AaABAg,youtube_comment,youtube,2025-03-03,,Link 🖇️ : https://www.wishlink.com/share/g73vs,https://youtube.com/watch?v=1GG-YQc_Prk
yt_UgzQa_qrTmn8RaRHyTF4AaABAg,youtube_comment,youtube,2025-01-03,,🌟 Hey there! Don’t forget to check out the Community Tab for all the links! ✨ Let me know which one you liked better – Meesho 🛍️ or Ajio 👗? I can’t wait to hear your thoughts! 💬,https://youtube.com/watch?v=rNaMd4e5JXo
yt_UgxcbrFeuc89ekgS1Zp4AaABAg,youtube_comment,youtube,2026-04-20,,Mam can u kindly attach link for the white colour top,https://youtube.com/watch?v=rNaMd4e5JXo
yt_Ugyt8lvh0mV-nYZ5xal4AaABAg,youtube_comment,youtube,2025-11-04,,"Quality will be very different 😮😮 I got once a kurta set, was horrible 😢",https://youtube.com/watch?v=rNaMd4e5JXo
yt_Ugyr9oNiEa8Jd6X_FUB4AaABAg,youtube_comment,youtube,2026-01-21,,"Myntra quality is always best, Ajio is fraud,never refund your money",https://youtube.com/watch?v=rNaMd4e5JXo
yt_Ugz7C2tDDerLoUmgpZF4AaABAg,youtube_comment,youtube,2025-11-07,,Ajio is far better price wise quality wise,https://youtube.com/watch?v=rNaMd4e5JXo
yt_UgxRRfzTQ8KaBPN2fUR4AaABAg,youtube_comment,youtube,2025-06-03,,Wow. You look more beautiful than the model 😮,https://youtube.com/watch?v=haO96Zil4_M
yt_Ugywuu2nU7R44OcJ9054AaABAg,youtube_comment,youtube,2026-02-27,,I got this from trends it's of brand called as Juniper After 1-2 wash it faded and it was quite expensive I was highly devastated,https://youtube.com/watch?v=haO96Zil4_M
yt_Ugy7iDgnz20nHE5F8Fh4AaABAg,youtube_comment,youtube,2025-01-26,,Which size you are wearing? Does it shrinks after wash?,https://youtube.com/watch?v=haO96Zil4_M
yt_UgzUHVfMIwG9yxVMuix4AaABAg,youtube_comment,youtube,2023-07-06,,Title says ajio but the link is from myntra,https://youtube.com/watch?v=haO96Zil4_M
yt_UgwFYNPthXLnBGS43xp4AaABAg,youtube_comment,youtube,2025-03-21,,True. Ajio sells duplicates of famous brands in cheap prices.,https://youtube.com/watch?v=0DRLYvVs3pk
yt_UgyZ7uYpql-Y0Uawebt4AaABAg,youtube_comment,youtube,2025-03-13,,scammed with nike af and they denied the refund claiming that the product is a non ajio product.,https://youtube.com/watch?v=0DRLYvVs3pk
yt_Ugwo5jU4W8SUPp1sJ0t4AaABAg,youtube_comment,youtube,2023-11-04,,When u buy bigger brands other than zara then obv we compare..but bigger brands have that style n patter.cant even compare it wd zara.,https://youtube.com/watch?v=0DRLYvVs3pk
yt_UgyaZZBW_B6wSNAa9Gp4AaABAg,youtube_comment,youtube,2026-03-18,,I also got damaged Huda powder. They ask you ship the return product yourself as well,https://youtube.com/watch?v=0DRLYvVs3pk
yt_UgyeIcPnT8Qw85YxYt94AaABAg,youtube_comment,youtube,2026-07-17,,"Maine bhi ek lee Cooper ka jeans order Kiya tha ,vo duplicate nikla , return bhi nahi hota",https://youtube.com/watch?v=0DRLYvVs3pk
yt_Ugy93itdFqY3jbmNsnl4AaABAg,youtube_comment,youtube,2026-07-30,,Mera 25 din ho gya abhi tak mere return kiye huye product ka refund nhi mila ek to worng product delivered krte hai or baar baar return cancel krke refund bhi nhi de rahe Ajio se kabhi koi product order mat Krna,https://youtube.com/watch?v=0DRLYvVs3pk
yt_Ugzusg81K5fN93EE4M94AaABAg,youtube_comment,youtube,2025-01-18,,Its true their discounted segment is too poor and stocks are old too,https://youtube.com/watch?v=0DRLYvVs3pk
yt_Ugz01ZcOSkLlJ--MaE14AaABAg,youtube_comment,youtube,2025-10-03,,brand ki copy product vejta ha ajio aur toh air ajhi me ek jeans mangwaya jo ki used product ha aur ye bar bar ho rha ha,https://youtube.com/watch?v=0DRLYvVs3pk
yt_UgzYQm7Zf6TOiO2lDBJ4AaABAg,youtube_comment,youtube,2024-12-27,,if you want quality then don't buy online..... it is as simple as that. spend little more at the shop and get good products.,https://youtube.com/watch?v=0DRLYvVs3pk
yt_Ugx_oL5S9f3sHu2yiAx4AaABAg,youtube_comment,youtube,2026-01-25,,Return cancel karre bar bar ek tho wrong product deliverd karre,https://youtube.com/watch?v=0DRLYvVs3pk
yt_Ugz9fbNLm6QcK70Nkit4AaABAg,youtube_comment,youtube,2026-01-05,,Vintage jeans ka mtlab samajh ata hai kya😂,https://youtube.com/watch?v=0DRLYvVs3pk
yt_Ugw_vw99zoTNaOHnVOZ4AaABAg,youtube_comment,youtube,2026-01-02,,Yes I get wrong product.i order coord set from ajio .i only get pant shirt is not there and also pant is very different.they reject my return request.what will do now,https://youtube.com/watch?v=0DRLYvVs3pk
yt_UgyKM32vvCXbLsCQR_x4AaABAg,youtube_comment,youtube,2024-01-03,,"You know nothing about jeans, that's gap is high quality. High quality jeans has that pattern when they're washing out colour in the factory",https://youtube.com/watch?v=0DRLYvVs3pk
yt_UgyGyTaqGP0KCIQAuIp4AaABAg,youtube_comment,youtube,2025-01-12,,AJIO ka kiya hua is me ajio ne quality poor ki HAI ? ITS ZARA VS GAP,https://youtube.com/watch?v=0DRLYvVs3pk
yt_UgzBGrTalZ9ltwiF29p4AaABAg,youtube_comment,youtube,2024-04-14,,I thing ajio Don't provide original brand cloth it seems like copied,https://youtube.com/watch?v=0DRLYvVs3pk
yt_UgxoHW0WWih1AndZcqh4AaABAg,youtube_comment,youtube,2024-03-07,,"I once bought Gap jeans from store at a discounted price of 1600… I wore it almost all the time, and even after numerous wear it was like butter to my skin and had received so many compliments on it. So I think you should give GAP a try, maybe buy it from store.",https://youtube.com/watch?v=0DRLYvVs3pk
yt_UgzEC0Mt4rSyWQqYyHR4AaABAg,youtube_comment,youtube,2024-10-24,,Your views on return policy of ajio ? 🤔. Mene ek sweatshirt magayi h vo wapis hone m rupe return toh aa jyenge na? 🙄,https://youtube.com/watch?v=0DRLYvVs3pk
yt_UgzOgz0SiWqKaV5YR1B4AaABAg,youtube_comment,youtube,2023-07-15,,You looking like series actress Anjana Singh really,https://youtube.com/watch?v=0DRLYvVs3pk
yt_UgzAV-eBHy4AS_uQRdl4AaABAg,youtube_comment,youtube,2025-02-01,,So true Ajio is a fraud…I am going through,https://youtube.com/watch?v=0DRLYvVs3pk
yt_UgywZAWQCifxV4UTPQx4AaABAg,youtube_comment,youtube,2024-07-17,,That's what happens When you buy a cat at the price of a rat 😅😅😅,https://youtube.com/watch?v=0DRLYvVs3pk
yt_Ugwb_5t33LPeFyrY5dd4AaABAg,youtube_comment,youtube,2023-08-14,,"If i get at 1000 , will it be worth to buy gap from ajio?",https://youtube.com/watch?v=0DRLYvVs3pk
yt_UgwBL25HnH55hEO9snd4AaABAg,youtube_comment,youtube,2026-04-04,,Ajio is my favourite app this is vintage jeans you don't know,https://youtube.com/watch?v=0DRLYvVs3pk
yt_Ugz-663z5DznPu2Epr94AaABAg,youtube_comment,youtube,2025-05-20,,Our locality there are police constables who spend their life in that pathetic tight pants wearing above his belly purchases cloth from ajio for son and all products were fake all missery he bear in his life go in vein for them it is difficult to purchase expensive cloths like you,https://youtube.com/watch?v=0DRLYvVs3pk
yt_Ugwyk5PKZQXNInkv55R4AaABAg,youtube_comment,youtube,2024-10-16,,Check the caption for details! 🙌 (Tap the title to view it),https://youtube.com/watch?v=UsTnCO1GrTE
yt_UgyEFKApP_t2HbOzzmt4AaABAg,youtube_comment,youtube,2026-07-28,,First step find a shirt that fits.. dude if I had a shirt that fits I won’t be watching this video😂😂,https://youtube.com/watch?v=UsTnCO1GrTE
yt_UgxkunjzUByiRHo56nh4AaABAg,youtube_comment,youtube,2023-09-05,,Bhai scalp .... infaction ....ke uper video banao😊😊😊😊,https://youtube.com/watch?v=KgGRpd4e-QE
yt_UgylbLOlIgt7USjsTyt4AaABAg,youtube_comment,youtube,2024-11-21,,Bhai muje lagta hai ki kuch karne se hi hoga mereko karne ka matlab bhi zanta hai aur dusre toh jaldi chala gya hai mere ko ispar hi dyan dena chaiye tah lekin mana hoga ki mere bare meh bhi ho sakta hai lekin kuch zarurat padhi toh manglena😢😢,https://youtube.com/watch?v=KgGRpd4e-QE
yt_Ugyx1HpF-tuE0Q7YpB54AaABAg,youtube_comment,youtube,2025-07-19,,Mujhe m size ke kapre aate h toh mein myntra p kon sa size p order kru 😢,https://youtube.com/watch?v=KgGRpd4e-QE
yt_Ugyij0Qm86XXmvVf3vx4AaABAg,youtube_comment,youtube,2025-12-24,,Same happened to my brother ammi nay uss ki wo izzat ki bichary ko dobara hosla nhi hua online shopping ka 😅😂,https://youtube.com/watch?v=KgGRpd4e-QE
yt_Ugwc3FYOVfiQlzku9N14AaABAg,youtube_comment,youtube,2023-09-06,,Bhaiya meri age 15 hai or Mera abhi se hi bhaut zda hairfall hota h or mere hairs ka bhaut care krne ka try krta hu uske baad bhi voh bhaut zda ganda ek dum rukha sukha kharab sa dikhta h or bilkul bhi 2 min bhi set nhi hota bhaut zda hogya h mera hair koi aisa home made remedy bta do plz taaki hair growth bhi acha hojaye or aapki tarah baal ache dikhe plz ek baar reply kriyega mera humble request h aapka subscriber hu plz bhaiya🥺🥺,https://youtube.com/watch?v=KgGRpd4e-QE
yt_UgxqnuINCxhcWrbl2vd4AaABAg,youtube_comment,youtube,2025-08-06,,Agar size chart na ho toh uss waqt kya karna he,https://youtube.com/watch?v=KgGRpd4e-QE
yt_Ugx6kIlmogaRNOTKM6Z4AaABAg,youtube_comment,youtube,2025-10-06,,Ye jo pehn rakha hai ye kitna size hai bro,https://youtube.com/watch?v=KgGRpd4e-QE
yt_UgzUcyYy8CfcWslt4PV4AaABAg,youtube_comment,youtube,2025-03-30,,38 no. Ka th 7 year ke bache ka vhi ki buy wrong aa gya h yrr,https://youtube.com/watch?v=KgGRpd4e-QE
yt_UgyHvO7yeegIFWpvBtp4AaABAg,youtube_comment,youtube,2026-08-07,,14 sal ke liye kaun sa size select Karen ❤❤,https://youtube.com/watch?v=KgGRpd4e-QE
yt_Ugz8vLlQh39K_tJHT8l4AaABAg,youtube_comment,youtube,2026-06-01,,Size chart me bhi poori jankari nahi dete,https://youtube.com/watch?v=KgGRpd4e-QE
yt_UgxVSuDFkaDZ3qO169F4AaABAg,youtube_comment,youtube,2025-06-02,,15-16 saal ke ladke ke liye konsa size lagega,https://youtube.com/watch?v=KgGRpd4e-QE
yt_Ugw_MCqYIIhv1rb4LEB4AaABAg,youtube_comment,youtube,2026-06-27,,Jitna aapse measurement liya usko kitna size aayega bta sakti hai aap,https://youtube.com/watch?v=EXnXKhbI4po
yt_Ugz5lKnmEUuYQc8DuRB4AaABAg,youtube_comment,youtube,2026-02-14,,Ye full suit ke size hai ya just shirt ke ?,https://youtube.com/watch?v=EXnXKhbI4po
yt_UgwgIobul_afa6dzgkl4AaABAg,youtube_comment,youtube,2026-05-13,,Didi pajama ka size kaise select Karen please is topic par ek video banaye,https://youtube.com/watch?v=EXnXKhbI4po
yt_UgzLO7XjMDZLlbVKhI94AaABAg,youtube_comment,youtube,2026-05-21,,my gf is 5.7 and too lean so if i am buying online kurtis then which size i shou d select,https://youtube.com/watch?v=EXnXKhbI4po
yt_Ugx0IkJt5Hp8DPIGyHR4AaABAg,youtube_comment,youtube,2025-04-05,,For High rise go for the measurement of waist above the belly button aur for Low Rise it's below the belly button,https://youtube.com/watch?v=z0c74X7unZw
yt_UgzmAGSCEA8b8CrCY6V4AaABAg,youtube_comment,youtube,2025-11-09,,Great practical and concise body measurements information! 👍 THANKS for your video!👍Much appreciated ❤❤❤,https://youtube.com/watch?v=z0c74X7unZw
yt_UgxqBPpEo6kNvF3eAVd4AaABAg,youtube_comment,youtube,2024-06-01,,Meri tummy 16 inch ki hai please batajye na ki 16 .. inch kitni hoti hai please 🙏🙏,https://youtube.com/watch?v=z0c74X7unZw
yt_UgysBumxvCYCGfwmssV4AaABAg,youtube_comment,youtube,2023-12-16,,Bottom lenght and top botton lenght kya hota h,https://youtube.com/watch?v=z0c74X7unZw
yt_UgwpZDXaLSmwPMeIM8x4AaABAg,youtube_comment,youtube,2025-06-05,,What is your size sister M means which size we have to order,https://youtube.com/watch?v=z0c74X7unZw
yt_UgwgWnpiNbxLl-F8wdV4AaABAg,youtube_comment,youtube,2024-06-19,,Jab english bolte nahi ati to didi kahe ke liye bolte ho... Isse better hai hindi me boldo 💀,https://youtube.com/watch?v=z0c74X7unZw
yt_Ugw85AIiWxrux8N8Up54AaABAg,youtube_comment,youtube,2025-05-25,,"Di,,,jeans measuring time pe waist jab measure karugi to kya tight se karungi ya halka se measure karungi...kiase lena chahiye kiuki mere 34 size jab ho raha hain tape k andar ek unhli chala ja rahi hain aram se lekin 36 thoda hi bada type lag rahi hain main wo hard tape hota hain na round types ki uss ki help se measure kar raha hun........di,,,but main jab meri local shop se measure karwaii thi to tab usk e bole 36 lagega....lekin mereko 36 size halki si dhildhila aur badiya si dikhti hain....main belt k madar se pehenti hun mere hips size v thoda sa badiya hain......plz di bataiye plz di......main ek wide leg two pockets cargo type high rise jeans flipkart se ordee kii 34 k v 36 k v lekin konsa size lu mereko samajh main nahi a rahi hain....plz di batao...plz belp😢",https://youtube.com/watch?v=z0c74X7unZw
yt_UgxZW-KKMI_zEksTh8F4AaABAg,youtube_comment,youtube,2024-10-27,,Dii what is ur jeans size ? cuz your nd my measurement size is almost same that's why I am asking pls tell ❤️!,https://youtube.com/watch?v=z0c74X7unZw
